Replicate,MorphologySeed,Family,Acquisition,AcquisitionLabel,Channels,CenterFrequency_MHz,FractionalBandwidth_percent,Method,Segments,BranchPoints,TerminalPoints,CMean_mps,CStd_mps,RhoMean_kgm3,RhoStd_kgm3,Corr_C_Rho,AchievedSNR_dB,Raw_NRMSE,SI_NRMSE,Correlation,SSIM,CNR,SBR_dB,ScaleFactor,Signal_RMS,Background_RMS,CenterlineRecall,MeanSegmentContinuity,MedianSegmentContinuity,BranchPointRecovery,TerminalBranchRecovery,LowFluenceTerminalRecovery,HighFluenceTerminalRecovery,VesselToClutterRatio_dB,Runtime_s,RuntimeDefinition,ReconstructionPhysicsModel,FiniteApertureTreatment
1,101,cluttered,A1_reference,"128 ch, 2 MHz",128,2,80,DAS,44,21,23,1500.00510345234,14.9547280293641,1000.00000651512,10.0000059310023,0.243863971725117,20.0000002033179,0.984914668295064,0.7179815534691,0.708233445649703,0.759038507935044,1.58244141592771,16.6347380075723,31.8535755481511,0.00989677972669372,0.00145799825390327,0.865151515151515,0.865151515151515,1,0.904761904761905,0.826086956521739,NaN,NaN,10.2008031815398,0.1446044,shared_delay_plus_weighting,scalar_c_1500,physical_element_centres
1,101,cluttered,A1_reference,"128 ch, 2 MHz",128,2,80,CF-DAS,44,21,23,1500.00510345234,14.9547280293641,1000.00000651512,10.0000059310023,0.243863971725117,20.0000002033179,0.99871642793597,0.814208040825317,0.587929666014575,0.858780704099954,0.782726667301758,18.012029267097,262.267095465263,0.00108192403145623,0.000136017661526126,0.495454545454545,0.495454545454545,0.566666666666667,0.523809523809524,0.347826086956522,NaN,NaN,21.0079166725674,0.144757,shared_delay_plus_weighting,scalar_c_1500,physical_element_centres
1,101,cluttered,A1_reference,"128 ch, 2 MHz",128,2,80,SCF-DAS,44,21,23,1500.00510345234,14.9547280293641,1000.00000651512,10.0000059310023,0.243863971725117,20.0000002033179,0.999915487534584,0.95183169687613,0.315324971340987,0.853351722284637,0.521075170497009,14.4356078551408,1112.00304079551,0.000105503310163402,2.00209966545718e-05,0.398484848484848,0.398484848484848,0.4,0.476190476190476,0.434782608695652,NaN,NaN,16.8054680512831,0.1786463,shared_delay_plus_weighting,scalar_c_1500,physical_element_centres
1,101,cluttered,A1_reference,"128 ch, 2 MHz",128,2,80,DMAS,44,21,23,1500.00510345234,14.9547280293641,1000.00000651512,10.0000059310023,0.243863971725117,20.0000002033179,0.997584705600636,0.841328884007754,0.530932970067038,0.594701294739491,0.880982006710362,14.8968879625595,120.609021504236,0.00186551208287482,0.000335701798665579,0.643939393939394,0.643939393939394,0.833333333333333,0.666666666666667,0.608695652173913,NaN,NaN,12.8445980065374,0.2085059,shared_delay_plus_weighting,scalar_c_1500,physical_element_centres
1,101,cluttered,A1_reference,"128 ch, 2 MHz",128,2,80,DS-DMAS,44,21,23,1500.00510345234,14.9547280293641,1000.00000651512,10.0000059310023,0.243863971725117,20.0000002033179,0.999387420050559,0.908581555427852,0.393815553318172,0.838703907924953,0.610864302497103,14.3366697642857,284.413790602415,0.000598112354418089,0.000114801955282999,0.577272727272727,0.577272727272727,0.7,0.619047619047619,0.565217391304348,NaN,NaN,16.3633122199134,5.1889893,shared_delay_plus_weighting,scalar_c_1500,physical_element_centres
1,101,cluttered,A1_reference,"128 ch, 2 MHz",128,2,80,TR,44,21,23,1500.00510345234,14.9547280293641,1000.00000651512,10.0000059310023,0.243863971725117,20.0000002033179,0.811734642212047,0.750028394043795,0.676035034279102,0.719412378712643,1.71143994712481,15.1815513777272,1.88450981549051,0.148800103515362,0.0259134755141363,0.91969696969697,0.91969696969697,1,1,0.91304347826087,NaN,NaN,8.16932856449423,62.8307482,actual_TR_wall_time,heterogeneous_recorded_c_rho,equivalent_element_centres
1,101,cluttered,A2_N96,"96 ch, 2 MHz",96,2,80,DAS,44,21,23,1500.00510345234,14.9547280293641,1000.00000651512,10.0000059310023,0.243863971725117,19.9999999378011,0.984895177563971,0.717946815527062,0.707861670217999,0.755945733562767,1.58135294560417,16.6307914635478,31.815452468825,0.00991111519976532,0.00146077373284701,0.865151515151515,0.865151515151515,1,0.904761904761905,0.826086956521739,NaN,NaN,10.2263297704697,0.0955618,shared_delay_plus_weighting,scalar_c_1500,physical_element_centres
1,101,cluttered,A2_N96,"96 ch, 2 MHz",96,2,80,CF-DAS,44,21,23,1500.00510345234,14.9547280293641,1000.00000651512,10.0000059310023,0.243863971725117,19.9999999378011,0.998712079688088,0.813619153220677,0.588739836290997,0.858642214762189,0.782507228904968,18.0506756551302,262.125298989526,0.00108598559190582,0.000135922164111055,0.496969696969697,0.496969696969697,0.566666666666667,0.571428571428571,0.347826086956522,NaN,NaN,21.0787147506822,0.0959065,shared_delay_plus_weighting,scalar_c_1500,physical_element_centres
1,101,cluttered,A2_N96,"96 ch, 2 MHz",96,2,80,SCF-DAS,44,21,23,1500.00510345234,14.9547280293641,1000.00000651512,10.0000059310023,0.243863971725117,19.9999999378011,0.999914956239125,0.948927230790835,0.324280429875828,0.852793288366279,0.536016060645136,14.257414588819,1169.97181525815,0.000102610297532746,1.98755986067422e-05,0.436363636363636,0.436363636363636,0.5,0.523809523809524,0.478260869565217,NaN,NaN,15.6713857800533,0.1217499,shared_delay_plus_weighting,scalar_c_1500,physical_element_centres
1,101,cluttered,A2_N96,"96 ch, 2 MHz",96,2,80,DMAS,44,21,23,1500.00510345234,14.9547280293641,1000.00000651512,10.0000059310023,0.243863971725117,19.9999999378011,0.997708984571104,0.852805960760764,0.521854711217614,0.483552290148632,0.846281952969648,14.8559179843507,118.674190874416,0.00183138531752335,0.000331118791893357,0.637878787878788,0.637878787878788,0.866666666666667,0.666666666666667,0.608695652173913,NaN,NaN,13.0422654831087,0.1445829,shared_delay_plus_weighting,scalar_c_1500,physical_element_centres
1,101,cluttered,A2_N96,"96 ch, 2 MHz",96,2,80,DS-DMAS,44,21,23,1500.00510345234,14.9547280293641,1000.00000651512,10.0000059310023,0.243863971725117,19.9999999378011,0.999478868140704,0.923611686522293,0.358974771563506,0.809358665762453,0.532488861029354,14.5148807044752,281.538574760285,0.000563206512879795,0.000105906748098864,0.533333333333333,0.533333333333333,0.6,0.571428571428571,0.565217391304348,NaN,NaN,16.4919951807879,2.9666876,shared_delay_plus_weighting,scalar_c_1500,physical_element_centres
1,101,cluttered,A2_N96,"96 ch, 2 MHz",96,2,80,TR,44,21,23,1500.00510345234,14.9547280293641,1000.00000651512,10.0000059310023,0.243863971725117,19.9999999378011,0.845854468228189,0.738568331185631,0.688221341286972,0.674073044710968,1.73887554649066,15.2153264466083,2.57433758097097,0.111753040796401,0.0193862150832253,0.928787878787879,0.928787878787879,1,0.952380952380952,0.91304347826087,NaN,NaN,8.09898703573673,54.4751756,actual_TR_wall_time,heterogeneous_recorded_c_rho,equivalent_element_centres
1,101,cluttered,A3_fc3MHz,"128 ch, 3 MHz",128,3,80,DAS,44,21,23,1500.00510345234,14.9547280293641,1000.00000651512,10.0000059310023,0.243863971725117,19.9999999417819,0.989708237339305,0.723936126347761,0.70021324565869,0.768896376729953,1.44047328031481,18.2971627524087,45.9761576999395,0.00714345381897274,0.000869060685577299,0.951515151515152,0.951515151515152,1,0.952380952380952,0.956521739130435,NaN,NaN,10.4803236029349,0.1323453,shared_delay_plus_weighting,scalar_c_1500,physical_element_centres
1,101,cluttered,A3_fc3MHz,"128 ch, 3 MHz",128,3,80,CF-DAS,44,21,23,1500.00510345234,14.9547280293641,1000.00000651512,10.0000059310023,0.243863971725117,19.9999999417819,0.999284478633947,0.783959960848803,0.624387967251287,0.866545693599038,0.782847659014495,21.211755139808,538.330003156596,0.000618156892428411,5.37664000360788e-05,0.598484848484849,0.598484848484849,0.766666666666667,0.666666666666667,0.521739130434783,NaN,NaN,20.797968474421,0.1328797,shared_delay_plus_weighting,scalar_c_1500,physical_element_centres
1,101,cluttered,A3_fc3MHz,"128 ch, 3 MHz",128,3,80,SCF-DAS,44,21,23,1500.00510345234,14.9547280293641,1000.00000651512,10.0000059310023,0.243863971725117,19.9999999417819,0.999964694087663,0.962713136458491,0.279105618935515,0.858568676512692,0.421942126330484,15.4819403469649,2072.37391006439,5.56733525563216e-05,9.36591813103175e-06,0.425757575757576,0.425757575757576,0.433333333333333,0.428571428571429,0.478260869565217,NaN,NaN,16.1195438635985,0.165385,shared_delay_plus_weighting,scalar_c_1500,physical_element_centres
1,101,cluttered,A3_fc3MHz,"128 ch, 3 MHz",128,3,80,DMAS,44,21,23,1500.00510345234,14.9547280293641,1000.00000651512,10.0000059310023,0.243863971725117,19.9999999417819,0.998652495201211,0.847185877143542,0.53172442802886,0.508225302859726,0.824383282376162,15.828471426884,209.120616905734,0.00110398085422642,0.000178458800825308,0.762121212121212,0.762121212121212,1,0.80952380952381,0.739130434782609,NaN,NaN,13.4976454473541,0.1955293,shared_delay_plus_weighting,scalar_c_1500,physical_element_centres
1,101,cluttered,A3_fc3MHz,"128 ch, 3 MHz",128,3,80,DS-DMAS,44,21,23,1500.00510345234,14.9547280293641,1000.00000651512,10.0000059310023,0.243863971725117,19.9999999417819,0.999705453538184,0.926680421076637,0.352948883555267,0.832084474985577,0.490957078489693,15.8713636257456,479.166433154094,0.000342672674234773,5.5120264454907e-05,0.646969696969697,0.646969696969697,0.7,0.761904761904762,0.695652173913043,NaN,NaN,15.3430551941782,5.3575296,shared_delay_plus_weighting,scalar_c_1500,physical_element_centres
1,101,cluttered,A3_fc3MHz,"128 ch, 3 MHz",128,3,80,TR,44,21,23,1500.00510345234,14.9547280293641,1000.00000651512,10.0000059310023,0.243863971725117,19.9999999417819,0.858837274981382,0.760468402171965,0.662954871332008,0.704641649262391,1.59171689029245,16.2470902392865,2.59475622639474,0.109682532184996,0.0168959632514772,0.998484848484849,0.998484848484849,1,1,1,NaN,NaN,8.93195681907463,60.8346567,actual_TR_wall_time,heterogeneous_recorded_c_rho,equivalent_element_centres
1,101,dense,A1_reference,"128 ch, 2 MHz",128,2,80,DAS,44,21,23,1500.00510345234,14.9547280293641,1000.00000651512,10.0000059310023,0.243863971725117,19.9999997046024,0.984759530075396,0.715671554150064,0.709756986402136,0.776599761492579,1.52244940698226,16.4642714862811,31.7455994469767,0.0105879272729935,0.00159073330966834,0.893939393939394,0.893939393939394,1,0.904761904761905,0.869565217391304,NaN,NaN,NaN,0.0769125,shared_delay_plus_weighting,scalar_c_1500,physical_element_centres
1,101,dense,A1_reference,"128 ch, 2 MHz",128,2,80,CF-DAS,44,21,23,1500.00510345234,14.9547280293641,1000.00000651512,10.0000059310023,0.243863971725117,19.9999997046024,0.998704892313525,0.810210170231002,0.592845057168113,0.880407652946693,0.774316633163567,17.8142455292086,264.945782387383,0.00113838199299874,0.000146411685731059,0.504545454545455,0.504545454545455,0.6,0.571428571428571,0.347826086956522,NaN,NaN,NaN,0.0770778,shared_delay_plus_weighting,scalar_c_1500,physical_element_centres
1,101,dense,A1_reference,"128 ch, 2 MHz",128,2,80,SCF-DAS,44,21,23,1500.00510345234,14.9547280293641,1000.00000651512,10.0000059310023,0.243863971725117,19.9999997046024,0.99991094559342,0.953250221960041,0.310722415549147,0.875230002470016,0.526849749945886,14.4021977372105,1024.91875517588,0.000117464686907192,2.23767720914609e-05,0.436363636363636,0.436363636363636,0.5,0.476190476190476,0.434782608695652,NaN,NaN,NaN,0.097151,shared_delay_plus_weighting,scalar_c_1500,physical_element_centres
1,101,dense,A1_reference,"128 ch, 2 MHz",128,2,80,DMAS,44,21,23,1500.00510345234,14.9547280293641,1000.00000651512,10.0000059310023,0.243863971725117,19.9999997046024,0.99754146540368,0.843776222370164,0.527168721648171,0.597951711649351,0.853661634491237,14.7535209494245,116.801956297847,0.00202561525393103,0.000370579090699668,0.681818181818182,0.681818181818182,0.933333333333333,0.714285714285714,0.608695652173913,NaN,NaN,NaN,0.1195325,shared_delay_plus_weighting,scalar_c_1500,physical_element_centres
1,101,dense,A1_reference,"128 ch, 2 MHz",128,2,80,DS-DMAS,44,21,23,1500.00510345234,14.9547280293641,1000.00000651512,10.0000059310023,0.243863971725117,19.9999997046024,0.999363276515424,0.910691091071998,0.390000638909592,0.861637406557773,0.597455680229946,14.2132483329827,267.584165078116,0.000664152802013624,0.00012930210424661,0.607575757575758,0.607575757575758,0.733333333333333,0.666666666666667,0.565217391304348,NaN,NaN,NaN,2.1673833,shared_delay_plus_weighting,scalar_c_1500,physical_element_centres
1,101,dense,A1_reference,"128 ch, 2 MHz",128,2,80,TR,44,21,23,1500.00510345234,14.9547280293641,1000.00000651512,10.0000059310023,0.243863971725117,19.9999997046024,0.810083569155672,0.746949575932679,0.67846050991117,0.7260672659014,1.66457495797499,14.9816066893665,1.89236195824303,0.158070564150965,0.0281689506416186,0.946969696969697,0.946969696969697,1,1,0.956521739130435,NaN,NaN,NaN,40.4748382,actual_TR_wall_time,heterogeneous_recorded_c_rho,equivalent_element_centres
1,101,dense,A2_N96,"96 ch, 2 MHz",96,2,80,DAS,44,21,23,1500.00510345234,14.9547280293641,1000.00000651512,10.0000059310023,0.243863971725117,19.9999997779775,0.984740348808222,0.715639355714422,0.709399725927268,0.772429247795058,1.52203485203549,16.4604811613511,31.7084020349651,0.0106029811937835,0.00159369031369186,0.886363636363636,0.886363636363636,1,0.904761904761905,0.826086956521739,NaN,NaN,NaN,0.0947512,shared_delay_plus_weighting,scalar_c_1500,physical_element_centres
1,101,dense,A2_N96,"96 ch, 2 MHz",96,2,80,CF-DAS,44,21,23,1500.00510345234,14.9547280293641,1000.00000651512,10.0000059310023,0.243863971725117,19.9999997779775,0.998700538616618,0.809638459810243,0.59361789588761,0.880248373126121,0.774032492330189,17.8495833349854,264.770140286428,0.00114250527332426,0.000146345390055652,0.504545454545455,0.504545454545455,0.6,0.571428571428571,0.347826086956522,NaN,NaN,NaN,0.0948195,shared_delay_plus_weighting,scalar_c_1500,physical_element_centres
1,101,dense,A2_N96,"96 ch, 2 MHz",96,2,80,SCF-DAS,44,21,23,1500.00510345234,14.9547280293641,1000.00000651512,10.0000059310023,0.243863971725117,19.9999997779775,0.999911323298268,0.955209015087948,0.304901398939572,0.874626882244015,0.522683710386798,14.2581474822548,987.128051678073,0.000116385858275574,2.25420204522146e-05,0.407575757575758,0.407575757575758,0.4,0.428571428571429,0.434782608695652,NaN,NaN,NaN,0.1205538,shared_delay_plus_weighting,scalar_c_1500,physical_element_centres
1,101,dense,A2_N96,"96 ch, 2 MHz",96,2,80,DMAS,44,21,23,1500.00510345234,14.9547280293641,1000.00000651512,10.0000059310023,0.243863971725117,19.9999997779775,0.997677013684214,0.856393599897651,0.515131563948551,0.485303393617327,0.817587802463986,14.6302725296463,114.393016681304,0.00197849930780107,0.000367132030432309,0.662121212121212,0.662121212121212,0.866666666666667,0.666666666666667,0.608695652173913,NaN,NaN,NaN,0.1427359,shared_delay_plus_weighting,scalar_c_1500,physical_element_centres
1,101,dense,A2_N96,"96 ch, 2 MHz",96,2,80,DS-DMAS,44,21,23,1500.00510345234,14.9547280293641,1000.00000651512,10.0000059310023,0.243863971725117,19.9999997779775,0.999463506915829,0.927186396954024,0.350739687005653,0.834316138944792,0.51755567625694,14.1857774857773,261.129696135213,0.000618928172228178,0.000120879144295685,0.556060606060606,0.556060606060606,0.633333333333333,0.571428571428571,0.565217391304348,NaN,NaN,NaN,3.1249932,shared_delay_plus_weighting,scalar_c_1500,physical_element_centres
1,101,dense,A2_N96,"96 ch, 2 MHz",96,2,80,TR,44,21,23,1500.00510345234,14.9547280293641,1000.00000651512,10.0000059310023,0.243863971725117,19.9999997779775,0.844426225274949,0.735082200457189,0.691022764627302,0.672848518826917,1.69216494946741,15.0200297968536,2.58381375518858,0.118981363375172,0.0211094759162591,0.954545454545455,0.954545454545455,1,1,0.956521739130435,NaN,NaN,NaN,61.6521727,actual_TR_wall_time,heterogeneous_recorded_c_rho,equivalent_element_centres
1,101,dense,A3_fc3MHz,"128 ch, 3 MHz",128,3,80,DAS,44,21,23,1500.00510345234,14.9547280293641,1000.00000651512,10.0000059310023,0.243863971725117,20.0000003214169,0.989614656573545,0.721831206767012,0.701722204195771,0.789721626713222,1.37194296536429,18.1292698998044,45.8540304568834,0.00761755784949424,0.000944826935997635,0.96969696969697,0.96969696969697,1,0.952380952380952,0.956521739130435,NaN,NaN,NaN,0.1378189,shared_delay_plus_weighting,scalar_c_1500,physical_element_centres
1,101,dense,A3_fc3MHz,"128 ch, 3 MHz",128,3,80,CF-DAS,44,21,23,1500.00510345234,14.9547280293641,1000.00000651512,10.0000059310023,0.243863971725117,20.0000003214169,0.999284586846036,0.784327521172073,0.62362091438896,0.888275067089095,0.759234357545741,20.9441437261826,537.605442996301,0.000648112352284817,5.81357276154144e-05,0.606060606060606,0.606060606060606,0.766666666666667,0.666666666666667,0.565217391304348,NaN,NaN,NaN,0.1380159,shared_delay_plus_weighting,scalar_c_1500,physical_element_centres
1,101,dense,A3_fc3MHz,"128 ch, 3 MHz",128,3,80,SCF-DAS,44,21,23,1500.00510345234,14.9547280293641,1000.00000651512,10.0000059310023,0.243863971725117,20.0000003214169,0.999958431911747,0.961129221567912,0.283416723183406,0.884318547565264,0.394849189797242,16.2625442196716,1833.41157485354,7.09925417039237e-05,1.09165526639766e-05,0.410606060606061,0.410606060606061,0.4,0.380952380952381,0.478260869565217,NaN,NaN,NaN,0.1717604,shared_delay_plus_weighting,scalar_c_1500,physical_element_centres
1,101,dense,A3_fc3MHz,"128 ch, 3 MHz",128,3,80,DMAS,44,21,23,1500.00510345234,14.9547280293641,1000.00000651512,10.0000059310023,0.243863971725117,20.0000003214169,0.998624769183682,0.84910028444448,0.52859768776112,0.5094861486909,0.801265789032511,15.8110881224678,202.534282224983,0.00120073121048304,0.000194487365393163,0.783333333333333,0.783333333333333,1,0.80952380952381,0.782608695652174,NaN,NaN,NaN,0.208492,shared_delay_plus_weighting,scalar_c_1500,physical_element_centres
1,101,dense,A3_fc3MHz,"128 ch, 3 MHz",128,3,80,DS-DMAS,44,21,23,1500.00510345234,14.9547280293641,1000.00000651512,10.0000059310023,0.243863971725117,20.0000003214169,0.999687747413254,0.924737065980098,0.359015743583405,0.854203051892417,0.483165794216375,16.1910167023734,463.495548943866,0.00038644160945308,5.99146528150301e-05,0.66969696969697,0.66969696969697,0.766666666666667,0.761904761904762,0.739130434782609,NaN,NaN,NaN,5.435886,shared_delay_plus_weighting,scalar_c_1500,physical_element_centres
1,101,dense,A3_fc3MHz,"128 ch, 3 MHz",128,3,80,TR,44,21,23,1500.00510345234,14.9547280293641,1000.00000651512,10.0000059310023,0.243863971725117,20.0000003214169,0.857654433000203,0.758199447114365,0.66462336989977,0.709783648048968,1.5195704581139,16.0961676686102,2.59622335465946,0.116751406928198,0.0183001116486798,0.998484848484849,0.998484848484849,1,1,1,NaN,NaN,NaN,61.3724743,actual_TR_wall_time,heterogeneous_recorded_c_rho,equivalent_element_centres
1,101,fluence,A1_reference,"128 ch, 2 MHz",128,2,80,DAS,44,21,23,1500.00510345234,14.9547280293641,1000.00000651512,10.0000059310023,0.243863971725117,20.0000003158356,0.984467688506684,0.7124741406351,0.712975099553006,0.781091115594488,1.63830001829422,16.6079031832315,31.4404443664322,0.0104938252137739,0.00155073884960464,0.806060606060606,0.806060606060606,1,0.857142857142857,0.739130434782609,0.5,1,NaN,0.1078432,shared_delay_plus_weighting,scalar_c_1500,physical_element_centres
1,101,fluence,A1_reference,"128 ch, 2 MHz",128,2,80,CF-DAS,44,21,23,1500.00510345234,14.9547280293641,1000.00000651512,10.0000059310023,0.243863971725117,20.0000003158356,0.998658246125127,0.800825821197473,0.605612035221522,0.8798705344916,0.825880461119791,18.0743804109142,266.998788324536,0.00114119258354733,0.000142442609115065,0.503030303030303,0.503030303030303,0.633333333333333,0.476190476190476,0.434782608695652,0.25,0.636363636363636,NaN,0.1081347,shared_delay_plus_weighting,scalar_c_1500,physical_element_centres
1,101,fluence,A1_reference,"128 ch, 2 MHz",128,2,80,SCF-DAS,44,21,23,1500.00510345234,14.9547280293641,1000.00000651512,10.0000059310023,0.243863971725117,20.0000003158356,0.999907874836537,0.951588880675353,0.316959593898216,0.875140546062815,0.524677591843088,14.7345794991348,1025.09309827174,0.000121574131400864,2.22901094217088e-05,0.398484848484848,0.398484848484848,0.4,0.380952380952381,0.434782608695652,0.25,0.636363636363636,NaN,0.1420138,shared_delay_plus_weighting,scalar_c_1500,physical_element_centres
1,101,fluence,A1_reference,"128 ch, 2 MHz",128,2,80,DMAS,44,21,23,1500.00510345234,14.9547280293641,1000.00000651512,10.0000059310023,0.243863971725117,20.0000003158356,0.997486680087943,0.843522939640915,0.527113305369155,0.620441944639548,0.896704634851075,14.7684124636037,114.418318564007,0.00201559930489648,0.00036811505275052,0.636363636363636,0.636363636363636,0.8,0.666666666666667,0.608695652173913,0.5,0.727272727272727,NaN,0.176819,shared_delay_plus_weighting,scalar_c_1500,physical_element_centres
1,101,fluence,A1_reference,"128 ch, 2 MHz",128,2,80,DS-DMAS,44,21,23,1500.00510345234,14.9547280293641,1000.00000651512,10.0000059310023,0.243863971725117,20.0000003158356,0.999317458732839,0.91184878451094,0.388066331455327,0.864951232484441,0.573437729270538,14.9172205388286,246.501380354106,0.000726268300955412,0.000130387531164534,0.5,0.5,0.566666666666667,0.571428571428571,0.521739130434783,0.416666666666667,0.636363636363636,NaN,5.6170592,shared_delay_plus_weighting,scalar_c_1500,physical_element_centres
1,101,fluence,A1_reference,"128 ch, 2 MHz",128,2,80,TR,44,21,23,1500.00510345234,14.9547280293641,1000.00000651512,10.0000059310023,0.243863971725117,20.0000003158356,0.808932794195776,0.746502296146191,0.678780206162457,0.733135623822471,1.79691172840881,15.1615946434442,1.88086889615612,0.155642576681337,0.0271674377000114,0.895454545454546,0.895454545454545,1,0.952380952380952,0.91304347826087,0.916666666666667,0.909090909090909,NaN,62.7440202,actual_TR_wall_time,heterogeneous_recorded_c_rho,equivalent_element_centres
1,101,fluence,A2_N96,"96 ch, 2 MHz",96,2,80,DAS,44,21,23,1500.00510345234,14.9547280293641,1000.00000651512,10.0000059310023,0.243863971725117,20.0000003079985,0.984449306027836,0.712457407611233,0.712606034745975,0.77666957342226,1.63747763816946,16.6048241932299,31.4045094962868,0.0105075323763306,0.00155331496795642,0.801515151515152,0.801515151515152,1,0.857142857142857,0.695652173913043,0.5,0.909090909090909,NaN,0.0856792,shared_delay_plus_weighting,scalar_c_1500,physical_element_centres
1,101,fluence,A2_N96,"96 ch, 2 MHz",96,2,80,CF-DAS,44,21,23,1500.00510345234,14.9547280293641,1000.00000651512,10.0000059310023,0.243863971725117,20.0000003079985,0.998654392112372,0.800246895881054,0.606371657858901,0.879757740266207,0.826327385991959,18.1010250807838,266.922443615506,0.00114431565152833,0.000142394948894406,0.51969696969697,0.51969696969697,0.666666666666667,0.523809523809524,0.434782608695652,0.25,0.636363636363636,NaN,0.0860357,shared_delay_plus_weighting,scalar_c_1500,physical_element_centres
1,101,fluence,A2_N96,"96 ch, 2 MHz",96,2,80,SCF-DAS,44,21,23,1500.00510345234,14.9547280293641,1000.00000651512,10.0000059310023,0.243863971725117,20.0000003079985,0.999907207357387,0.951137905730013,0.318597758341834,0.874584236833784,0.526889997251299,14.7077250741441,1026.96384276406,0.000121606203570904,2.23650295702847e-05,0.412121212121212,0.412121212121212,0.433333333333333,0.380952380952381,0.434782608695652,0.25,0.636363636363636,NaN,0.1117872,shared_delay_plus_weighting,scalar_c_1500,physical_element_centres
1,101,fluence,A2_N96,"96 ch, 2 MHz",96,2,80,DMAS,44,21,23,1500.00510345234,14.9547280293641,1000.00000651512,10.0000059310023,0.243863971725117,20.0000003079985,0.997615034492013,0.854870265094265,0.517106714422676,0.509252729505775,0.862964117322505,14.7100045482728,112.504947636594,0.00197590741920029,0.000363300808639391,0.61969696969697,0.61969696969697,0.766666666666667,0.666666666666667,0.608695652173913,0.5,0.727272727272727,NaN,0.1348413,shared_delay_plus_weighting,scalar_c_1500,physical_element_centres
1,101,fluence,A2_N96,"96 ch, 2 MHz",96,2,80,DS-DMAS,44,21,23,1500.00510345234,14.9547280293641,1000.00000651512,10.0000059310023,0.243863971725117,20.0000003079985,0.999414237377989,0.927061292143487,0.352178027508771,0.843617878066804,0.499407920970133,15.0763804193403,239.525432407681,0.000691063394648182,0.000121814466695323,0.478787878787879,0.478787878787879,0.533333333333333,0.523809523809524,0.521739130434783,0.416666666666667,0.636363636363636,NaN,3.0680259,shared_delay_plus_weighting,scalar_c_1500,physical_element_centres
1,101,fluence,A2_N96,"96 ch, 2 MHz",96,2,80,TR,44,21,23,1500.00510345234,14.9547280293641,1000.00000651512,10.0000059310023,0.243863971725117,20.0000003079985,0.843940672117343,0.736238102844118,0.689556561164376,0.68307241398982,1.8187773909121,15.1875993652474,2.56157225485459,0.116907867255987,0.0203452846070839,0.875757575757576,0.875757575757576,1,0.904761904761905,0.869565217391304,0.833333333333333,0.909090909090909,NaN,62.4453182,actual_TR_wall_time,heterogeneous_recorded_c_rho,equivalent_element_centres
1,101,fluence,A3_fc3MHz,"128 ch, 3 MHz",128,3,80,DAS,44,21,23,1500.00510345234,14.9547280293641,1000.00000651512,10.0000059310023,0.243863971725117,20.0000001699886,0.989240725897998,0.717011386010363,0.706869855773865,0.795669969576799,1.46781166721423,18.1607485434046,44.8991747164777,0.00764773411871151,0.00094513828075601,0.921212121212121,0.921212121212121,1,0.952380952380952,0.91304347826087,0.833333333333333,1,NaN,0.1439483,shared_delay_plus_weighting,scalar_c_1500,physical_element_centres
1,101,fluence,A3_fc3MHz,"128 ch, 3 MHz",128,3,80,CF-DAS,44,21,23,1500.00510345234,14.9547280293641,1000.00000651512,10.0000059310023,0.243863971725117,20.0000001699886,0.999229624581898,0.784547308775828,0.623541056758027,0.887304057941872,0.757595957931261,21.1937625989909,498.780326062078,0.000691155409284392,6.02403631662846e-05,0.584848484848485,0.584848484848485,0.7,0.666666666666667,0.521739130434783,0.416666666666667,0.636363636363636,NaN,0.1444874,shared_delay_plus_weighting,scalar_c_1500,physical_element_centres
1,101,fluence,A3_fc3MHz,"128 ch, 3 MHz",128,3,80,SCF-DAS,44,21,23,1500.00510345234,14.9547280293641,1000.00000651512,10.0000059310023,0.243863971725117,20.0000001699886,0.999945739128989,0.960206988286585,0.285194721870371,0.886971862710109,0.351739175584756,18.6411995927491,1437.08559435074,9.95723579339525e-05,1.16433730398589e-05,0.348484848484849,0.348484848484849,0.3,0.333333333333333,0.304347826086957,0.25,0.363636363636364,NaN,0.1786864,shared_delay_plus_weighting,scalar_c_1500,physical_element_centres
1,101,fluence,A3_fc3MHz,"128 ch, 3 MHz",128,3,80,DMAS,44,21,23,1500.00510345234,14.9547280293641,1000.00000651512,10.0000059310023,0.243863971725117,20.0000001699886,0.998500384222788,0.843923881301915,0.536875603187373,0.542516673929905,0.791211676181744,16.4153871679993,191.553508400048,0.00129806193757365,0.000196121884252115,0.737878787878788,0.737878787878788,1,0.80952380952381,0.739130434782609,0.5,1,NaN,0.2088756,shared_delay_plus_weighting,scalar_c_1500,physical_element_centres
1,101,fluence,A3_fc3MHz,"128 ch, 3 MHz",128,3,80,DS-DMAS,44,21,23,1500.00510345234,14.9547280293641,1000.00000651512,10.0000059310023,0.243863971725117,20.0000001699886,0.999626947538072,0.91933082409627,0.374215265575191,0.862882718575729,0.460186601808376,17.6708086649168,414.614526400447,0.000467188744854726,6.10874418043331e-05,0.592424242424242,0.592424242424243,0.666666666666667,0.666666666666667,0.652173913043478,0.333333333333333,1,NaN,5.3743762,shared_delay_plus_weighting,scalar_c_1500,physical_element_centres
1,101,fluence,A3_fc3MHz,"128 ch, 3 MHz",128,3,80,TR,44,21,23,1500.00510345234,14.9547280293641,1000.00000651512,10.0000059310023,0.243863971725117,20.0000001699886,0.855167754969334,0.758028830275202,0.664700906025779,0.719951623155504,1.59600848117951,16.1853094123918,2.54413834777733,0.116353059476873,0.018051460144513,0.992424242424242,0.992424242424243,1,1,1,1,1,NaN,61.0504723,actual_TR_wall_time,heterogeneous_recorded_c_rho,equivalent_element_centres
1,101,sparse,A1_reference,"128 ch, 2 MHz",128,2,80,DAS,15,7,8,1500.00510345234,14.9547280293641,1000.00000651512,10.0000059310023,0.243863971725117,19.999999564903,0.983725813091095,0.699170407976917,0.721451062887179,0.855085075739974,1.60434462440878,19.3943369227708,31.1588180428313,0.0116811902357118,0.00125247841664235,0.955555555555556,0.955555555555555,1,1,1,NaN,NaN,NaN,0.1443987,shared_delay_plus_weighting,scalar_c_1500,physical_element_centres
1,101,sparse,A1_reference,"128 ch, 2 MHz",128,2,80,CF-DAS,15,7,8,1500.00510345234,14.9547280293641,1000.00000651512,10.0000059310023,0.243863971725117,19.999999564903,0.998336637071919,0.740494571657288,0.674606000196479,0.926513529868433,0.841861872738082,23.5866535791986,271.26402835115,0.00147313053248405,9.74784358758671e-05,0.591111111111111,0.591111111111111,0.666666666666667,0.714285714285714,0.375,NaN,NaN,NaN,0.1496817,shared_delay_plus_weighting,scalar_c_1500,physical_element_centres
1,101,sparse,A1_reference,"128 ch, 2 MHz",128,2,80,SCF-DAS,15,7,8,1500.00510345234,14.9547280293641,1000.00000651512,10.0000059310023,0.243863971725117,19.999999564903,0.999676295759977,0.942647450550784,0.33375357511477,0.930259960812734,0.310933410832507,31.0064141928655,343.745055283596,0.000624767275710319,1.75953359860629e-05,0.337777777777778,0.337777777777778,0.333333333333333,0.428571428571429,0.375,NaN,NaN,NaN,0.1787508,shared_delay_plus_weighting,scalar_c_1500,physical_element_centres
1,101,sparse,A1_reference,"128 ch, 2 MHz",128,2,80,DMAS,15,7,8,1500.00510345234,14.9547280293641,1000.00000651512,10.0000059310023,0.243863971725117,19.999999564903,0.996868929070234,0.813427616332232,0.578889735105277,0.742284368531417,0.790579441425235,20.9336524777049,107.724542686636,0.00295526913508875,0.000265408247381163,0.822222222222222,0.822222222222222,0.933333333333333,0.857142857142857,0.875,NaN,NaN,NaN,0.1953443,shared_delay_plus_weighting,scalar_c_1500,physical_element_centres
1,101,sparse,A1_reference,"128 ch, 2 MHz",128,2,80,DS-DMAS,15,7,8,1500.00510345234,14.9547280293641,1000.00000651512,10.0000059310023,0.243863971725117,19.999999564903,0.998637929774948,0.875668644332336,0.47227984026464,0.918446499395869,0.552992461994883,23.0603819236282,170.828431160806,0.00164503395426397,0.000115652698422659,0.684444444444444,0.684444444444445,0.733333333333333,0.857142857142857,0.625,NaN,NaN,NaN,2.4472218,shared_delay_plus_weighting,scalar_c_1500,physical_element_centres
1,101,sparse,A1_reference,"128 ch, 2 MHz",128,2,80,TR,15,7,8,1500.00510345234,14.9547280293641,1000.00000651512,10.0000059310023,0.243863971725117,19.999999564903,0.780940862110277,0.709274038108713,0.71291662362751,0.811013832212847,1.85677797070289,18.194135045966,1.86425199378888,0.1848043321222,0.0227512569475942,0.982222222222222,0.982222222222222,1,1,1,NaN,NaN,NaN,23.17284,actual_TR_wall_time,heterogeneous_recorded_c_rho,equivalent_element_centres
1,101,sparse,A2_N96,"96 ch, 2 MHz",96,2,80,DAS,15,7,8,1500.00510345234,14.9547280293641,1000.00000651512,10.0000059310023,0.243863971725117,20.0000003012458,0.983699890936751,0.69912033366266,0.72120660172206,0.848713531477358,1.60181547125959,19.3882191447514,31.1131897575844,0.011698415156513,0.00125520908060549,0.964444444444444,0.964444444444444,1,1,1,NaN,NaN,NaN,0.106821,shared_delay_plus_weighting,scalar_c_1500,physical_element_centres
1,101,sparse,A2_N96,"96 ch, 2 MHz",96,2,80,CF-DAS,15,7,8,1500.00510345234,14.9547280293641,1000.00000651512,10.0000059310023,0.243863971725117,20.0000003012458,0.99832955255109,0.740817874907571,0.674241674745307,0.926503469652043,0.839491174941156,23.5972655293934,269.825465547067,0.00148074092264594,9.78623865276321e-05,0.591111111111111,0.591111111111111,0.666666666666667,0.714285714285714,0.375,NaN,NaN,NaN,0.1071206,shared_delay_plus_weighting,scalar_c_1500,physical_element_centres
1,101,sparse,A2_N96,"96 ch, 2 MHz",96,2,80,SCF-DAS,15,7,8,1500.00510345234,14.9547280293641,1000.00000651512,10.0000059310023,0.243863971725117,20.0000003012458,0.999677639074665,0.939699244441353,0.341934680002325,0.93000221457692,0.322312824318872,30.6687877867102,362.39746578916,0.000606033061311767,1.77442205892295e-05,0.422222222222222,0.422222222222222,0.4,0.571428571428571,0.5,NaN,NaN,NaN,0.1340504,shared_delay_plus_weighting,scalar_c_1500,physical_element_centres
1,101,sparse,A2_N96,"96 ch, 2 MHz",96,2,80,DMAS,15,7,8,1500.00510345234,14.9547280293641,1000.00000651512,10.0000059310023,0.243863971725117,20.0000003012458,0.996960514323457,0.821907775438578,0.572053956758081,0.648493259720742,0.769408792473468,20.9876682480776,106.410946946387,0.00293713523158337,0.000262144367244491,0.826666666666667,0.826666666666667,0.933333333333333,0.857142857142857,0.875,NaN,NaN,NaN,0.1581966,shared_delay_plus_weighting,scalar_c_1500,physical_element_centres
1,101,sparse,A2_N96,"96 ch, 2 MHz",96,2,80,DS-DMAS,15,7,8,1500.00510345234,14.9547280293641,1000.00000651512,10.0000059310023,0.243863971725117,20.0000003012458,0.998723639096299,0.88472456631502,0.455057414723562,0.904836569457802,0.520389567781999,23.4423629502424,169.827450376201,0.0016128775604748,0.000108513370261138,0.675555555555556,0.675555555555556,0.733333333333333,0.857142857142857,0.625,NaN,NaN,NaN,3.013806,shared_delay_plus_weighting,scalar_c_1500,physical_element_centres
1,101,sparse,A2_N96,"96 ch, 2 MHz",96,2,80,TR,15,7,8,1500.00510345234,14.9547280293641,1000.00000651512,10.0000059310023,0.243863971725117,20.0000003012458,0.820173610471294,0.693868004076873,0.727847261390524,0.771177036417005,1.93942384259109,18.2742459665141,2.54631714036945,0.139101821697944,0.0169676039798148,0.982222222222222,0.982222222222222,1,1,1,NaN,NaN,NaN,62.2216242,actual_TR_wall_time,heterogeneous_recorded_c_rho,equivalent_element_centres
1,101,sparse,A3_fc3MHz,"128 ch, 3 MHz",128,3,80,DAS,15,7,8,1500.00510345234,14.9547280293641,1000.00000651512,10.0000059310023,0.243863971725117,19.9999999425606,0.989363602161635,0.716616797397159,0.7029126995483,0.856923379718972,1.30445363917903,21.3251944071519,45.4744148002972,0.00822986968229416,0.0007065342799243,0.986666666666667,0.986666666666667,1,1,1,NaN,NaN,NaN,0.1230985,shared_delay_plus_weighting,scalar_c_1500,physical_element_centres
1,101,sparse,A3_fc3MHz,"128 ch, 3 MHz",128,3,80,CF-DAS,15,7,8,1500.00510345234,14.9547280293641,1000.00000651512,10.0000059310023,0.243863971725117,19.9999999425606,0.999120379455903,0.748655831702657,0.663991323686336,0.934111757114783,0.772373882792098,26.424793733737,499.383041426416,0.000821018055498188,3.91843837793305e-05,0.671111111111111,0.671111111111111,0.8,0.857142857142857,0.5,NaN,NaN,NaN,0.1233474,shared_delay_plus_weighting,scalar_c_1500,physical_element_centres
1,101,sparse,A3_fc3MHz,"128 ch, 3 MHz",128,3,80,SCF-DAS,15,7,8,1500.00510345234,14.9547280293641,1000.00000651512,10.0000059310023,0.243863971725117,19.9999999425606,0.999885217103806,0.961556136721721,0.275736794851196,0.933517329243915,0.243235273780256,30.2100215344761,656.514963170969,0.00026807527552272,8.2747652943986e-06,0.191111111111111,0.191111111111111,0,0.142857142857143,0.25,NaN,NaN,NaN,0.1540915,shared_delay_plus_weighting,scalar_c_1500,physical_element_centres
1,101,sparse,A3_fc3MHz,"128 ch, 3 MHz",128,3,80,DMAS,15,7,8,1500.00510345234,14.9547280293641,1000.00000651512,10.0000059310023,0.243863971725117,19.9999999425606,0.998379028017245,0.840684916695706,0.544257583971434,0.693951268923307,0.710502316705064,20.530929811711,180.554632766835,0.00160679723907523,0.000151152239529644,0.782222222222222,0.782222222222222,1,0.857142857142857,0.625,NaN,NaN,NaN,0.1910468,shared_delay_plus_weighting,scalar_c_1500,physical_element_centres
1,101,sparse,A3_fc3MHz,"128 ch, 3 MHz",128,3,80,DS-DMAS,15,7,8,1500.00510345234,14.9547280293641,1000.00000651512,10.0000059310023,0.243863971725117,19.9999999425606,0.99943363117145,0.912584822644195,0.398601442782899,0.923983517753397,0.423445599741628,23.5674988790213,294.777230332238,0.000817664648996314,5.42250895459345e-05,0.64,0.64,0.666666666666667,0.714285714285714,0.625,NaN,NaN,NaN,5.9819551,shared_delay_plus_weighting,scalar_c_1500,physical_element_centres
1,101,sparse,A3_fc3MHz,"128 ch, 3 MHz",128,3,80,TR,15,7,8,1500.00510345234,14.9547280293641,1000.00000651512,10.0000059310023,0.243863971725117,19.9999999425606,0.837324896111672,0.70964574238386,0.712157625267964,0.787405034773356,1.73451377301302,19.5656980282123,2.70847577120432,0.131719038290801,0.0138472537203047,1,1,1,1,1,NaN,NaN,NaN,62.5990792,actual_TR_wall_time,heterogeneous_recorded_c_rho,equivalent_element_centres
2,202,cluttered,A1_reference,"128 ch, 2 MHz",128,2,80,DAS,28,13,15,1499.57390309705,17.7700274021683,999.827482284771,14.227702178824,0.411901033818716,20.0000001596691,0.987385529178921,0.712598420684579,0.713763573747212,0.737468736819706,1.87612046704402,16.3872113967494,38.7600863008391,0.00887572144802824,0.00134537419745576,0.973809523809524,0.973809523809524,1,1,0.933333333333333,NaN,NaN,8.2189429558696,0.1416783,shared_delay_plus_weighting,scalar_c_1500,physical_element_centres
2,202,cluttered,A1_reference,"128 ch, 2 MHz",128,2,80,CF-DAS,28,13,15,1499.57390309705,17.7700274021683,999.827482284771,14.227702178824,0.411901033818716,20.0000001596691,0.999168558148509,0.832531522046632,0.558362054340038,0.850792192085429,0.809281152536723,17.9064918173622,368.760140068494,0.000808484868347458,0.000102883873125861,0.730952380952381,0.730952380952381,0.866666666666667,0.846153846153846,0.6,NaN,NaN,16.0793904626912,0.142044,shared_delay_plus_weighting,scalar_c_1500,physical_element_centres
2,202,cluttered,A1_reference,"128 ch, 2 MHz",128,2,80,SCF-DAS,28,13,15,1499.57390309705,17.7700274021683,999.827482284771,14.227702178824,0.411901033818716,20.0000001596691,0.999952532489597,0.976306360904523,0.223844004850452,0.85197965416445,0.427431741087094,11.6457568202292,986.006109106671,8.58305415216967e-05,2.24571175132409e-05,0.333333333333333,0.333333333333333,0.3,0.538461538461538,0.4,NaN,NaN,12.8278390935519,0.1766692,shared_delay_plus_weighting,scalar_c_1500,physical_element_centres
2,202,cluttered,A1_reference,"128 ch, 2 MHz",128,2,80,DMAS,28,13,15,1499.57390309705,17.7700274021683,999.827482284771,14.227702178824,0.411901033818716,20.0000001596691,0.998471741747689,0.882659409626253,0.466442013853431,0.49403978617033,0.792143744340209,14.3720317636065,144.160525424697,0.001477726029269,0.00028248301184775,0.826190476190476,0.826190476190476,1,0.923076923076923,0.8,NaN,NaN,9.21731241219634,0.2081591,shared_delay_plus_weighting,scalar_c_1500,physical_element_centres
2,202,cluttered,A1_reference,"128 ch, 2 MHz",128,2,80,DS-DMAS,28,13,15,1499.57390309705,17.7700274021683,999.827482284771,14.227702178824,0.411901033818716,20.0000001596691,0.999526168243019,0.925059370927874,0.357510302134029,0.828358083762674,0.580265808122567,14.0994728643599,304.036271956508,0.000561006246053832,0.000110660863145555,0.614285714285714,0.614285714285714,0.7,0.846153846153846,0.533333333333333,NaN,NaN,7.62723149182626,5.3430656,shared_delay_plus_weighting,scalar_c_1500,physical_element_centres
2,202,cluttered,A1_reference,"128 ch, 2 MHz",128,2,80,TR,28,13,15,1499.57390309705,17.7700274021683,999.827482284771,14.227702178824,0.411901033818716,20.0000001596691,0.802991415603067,0.730491518345341,0.698995390657077,0.70383101870351,1.83136627012531,15.5694308211301,1.95405750891953,0.165071856452122,0.0274916935685571,0.992857142857143,0.992857142857143,1,1,1,NaN,NaN,7.53732539773999,56.1710431,actual_TR_wall_time,heterogeneous_recorded_c_rho,equivalent_element_centres
2,202,cluttered,A2_N96,"96 ch, 2 MHz",96,2,80,DAS,28,13,15,1499.57390309705,17.7700274021683,999.827482284771,14.227702178824,0.411901033818716,20.0000000081619,0.987398532253137,0.714126641548748,0.713013704412603,0.726841120432696,1.87328081160295,16.3383666235082,38.6262035551944,0.00887154918200192,0.00135232517618068,0.973809523809524,0.973809523809524,1,1,0.933333333333333,NaN,NaN,8.18126936909472,0.1047405,shared_delay_plus_weighting,scalar_c_1500,physical_element_centres
2,202,cluttered,A2_N96,"96 ch, 2 MHz",96,2,80,CF-DAS,28,13,15,1499.57390309705,17.7700274021683,999.827482284771,14.227702178824,0.411901033818716,20.0000000081619,0.999169748960395,0.833884137967521,0.556528516633871,0.850477192208296,0.808010888204129,17.8106333008929,366.573545379404,0.000808097546794041,0.000103975764745458,0.704761904761905,0.704761904761905,0.866666666666667,0.769230769230769,0.533333333333333,NaN,NaN,15.8329263799498,0.1050731,shared_delay_plus_weighting,scalar_c_1500,physical_element_centres
2,202,cluttered,A2_N96,"96 ch, 2 MHz",96,2,80,SCF-DAS,28,13,15,1499.57390309705,17.7700274021683,999.827482284771,14.227702178824,0.411901033818716,20.0000000081619,0.999956013758949,0.978558653213116,0.21438682734038,0.851616779390248,0.434405472576485,10.6315287782119,963.980774622973,7.73209345114439e-05,2.27363452525693e-05,0.326190476190476,0.326190476190476,0.3,0.461538461538462,0.466666666666667,NaN,NaN,9.94090049218771,0.1307594,shared_delay_plus_weighting,scalar_c_1500,physical_element_centres
2,202,cluttered,A2_N96,"96 ch, 2 MHz",96,2,80,DMAS,28,13,15,1499.57390309705,17.7700274021683,999.827482284771,14.227702178824,0.411901033818716,20.0000000081619,0.998628697256072,0.902663814941708,0.441577407707536,0.39277866461782,0.739691653388085,13.9943629921338,134.64342530351,0.00141981147366909,0.000283473543032732,0.776190476190476,0.776190476190476,0.933333333333333,0.923076923076923,0.666666666666667,NaN,NaN,8.72467071086105,0.1566009,shared_delay_plus_weighting,scalar_c_1500,physical_element_centres
2,202,cluttered,A2_N96,"96 ch, 2 MHz",96,2,80,DS-DMAS,28,13,15,1499.57390309705,17.7700274021683,999.827482284771,14.227702178824,0.411901033818716,20.0000000081619,0.999627558109944,0.946502134107821,0.301084826575278,0.804191661822869,0.488867296033657,13.4746547446761,279.148380725841,0.000501710271210609,0.000106345778523701,0.573809523809524,0.573809523809524,0.6,0.692307692307692,0.6,NaN,NaN,7.09819774690244,3.0001469,shared_delay_plus_weighting,scalar_c_1500,physical_element_centres
2,202,cluttered,A2_N96,"96 ch, 2 MHz",96,2,80,TR,28,13,15,1499.57390309705,17.7700274021683,999.827482284771,14.227702178824,0.411901033818716,20.0000000081619,0.836133646719246,0.712698303897598,0.717586089416031,0.641045124689522,1.96206486615673,15.5031956458188,2.65478666052946,0.125424469526913,0.0210485648901635,0.992857142857143,0.992857142857143,1,1,1,NaN,NaN,8.06055623138779,60.8665146,actual_TR_wall_time,heterogeneous_recorded_c_rho,equivalent_element_centres
2,202,cluttered,A3_fc3MHz,"128 ch, 3 MHz",128,3,80,DAS,28,13,15,1499.57390309705,17.7700274021683,999.827482284771,14.227702178824,0.411901033818716,19.9999999650369,0.991672040851431,0.740252625130499,0.680848420098633,0.739782672435315,1.56233661127615,17.7788976624961,54.0004154158976,0.00637845698454253,0.000823703190040929,0.990476190476191,0.990476190476191,1,1,1,NaN,NaN,8.90964648891266,0.2173124,shared_delay_plus_weighting,scalar_c_1500,physical_element_centres
2,202,cluttered,A3_fc3MHz,"128 ch, 3 MHz",128,3,80,CF-DAS,28,13,15,1499.57390309705,17.7700274021683,999.827482284771,14.227702178824,0.411901033818716,19.9999999650369,0.999536310516944,0.850619814454029,0.526918992754411,0.860702845300915,0.717633014266761,21.1176851262405,595.825459255435,0.00051155662390702,4.49789648373953e-05,0.802380952380952,0.802380952380952,0.933333333333333,0.923076923076923,0.8,NaN,NaN,14.3538981041811,0.2177648,shared_delay_plus_weighting,scalar_c_1500,physical_element_centres
2,202,cluttered,A3_fc3MHz,"128 ch, 3 MHz",128,3,80,SCF-DAS,28,13,15,1499.57390309705,17.7700274021683,999.827482284771,14.227702178824,0.411901033818716,19.9999999650369,0.99996788730057,0.973781408470273,0.22981807551047,0.860960539251745,0.322418338435731,18.8537255847309,1611.03049651942,7.60565780172448e-05,8.67861659015118e-06,0.45952380952381,0.45952380952381,0.5,0.692307692307692,0.6,NaN,NaN,8.69288747786679,0.2508403,shared_delay_plus_weighting,scalar_c_1500,physical_element_centres
2,202,cluttered,A3_fc3MHz,"128 ch, 3 MHz",128,3,80,DMAS,28,13,15,1499.57390309705,17.7700274021683,999.827482284771,14.227702178824,0.411901033818716,19.9999999650369,0.999144639678261,0.913878133881562,0.416060462749722,0.489578170247778,0.613556757622994,16.5479634378998,192.279768347935,0.00103270767358759,0.00015366651151732,0.79047619047619,0.790476190476191,0.933333333333333,0.769230769230769,0.8,NaN,NaN,7.9520531839788,0.2850674,shared_delay_plus_weighting,scalar_c_1500,physical_element_centres
2,202,cluttered,A3_fc3MHz,"128 ch, 3 MHz",128,3,80,DS-DMAS,28,13,15,1499.57390309705,17.7700274021683,999.827482284771,14.227702178824,0.411901033818716,19.9999999650369,0.999724077903437,0.946937373618856,0.303287826755068,0.843377174931441,0.403013613876695,17.7206773102382,373.966857480347,0.000454227127548398,5.90526242771536e-05,0.602380952380952,0.602380952380952,0.666666666666667,0.769230769230769,0.666666666666667,NaN,NaN,8.9032893117588,5.4196308,shared_delay_plus_weighting,scalar_c_1500,physical_element_centres
2,202,cluttered,A3_fc3MHz,"128 ch, 3 MHz",128,3,80,TR,28,13,15,1499.57390309705,17.7700274021683,999.827482284771,14.227702178824,0.411901033818716,19.9999999650369,0.859514109201797,0.745062905283644,0.681612875538655,0.690437357503221,1.57360575648879,17.065178857168,2.79714809872016,0.116926110897294,0.0163927781676855,0.995238095238095,0.995238095238095,1,1,1,NaN,NaN,7.88399631882537,62.4243841,actual_TR_wall_time,heterogeneous_recorded_c_rho,equivalent_element_centres
2,202,dense,A1_reference,"128 ch, 2 MHz",128,2,80,DAS,28,13,15,1499.57390309705,17.7700274021683,999.827482284771,14.227702178824,0.411901033818716,19.9999998192774,0.987107285420687,0.708580513010467,0.716986473180189,0.75755903856272,1.87614926655618,16.2579451331384,38.3637383074889,0.00898952590335644,0.00138305525623532,0.971428571428571,0.971428571428571,1,1,0.933333333333333,NaN,NaN,NaN,0.1474858,shared_delay_plus_weighting,scalar_c_1500,physical_element_centres
2,202,dense,A1_reference,"128 ch, 2 MHz",128,2,80,CF-DAS,28,13,15,1499.57390309705,17.7700274021683,999.827482284771,14.227702178824,0.411901033818716,19.9999998192774,0.999142673422103,0.829706410377199,0.562197755654854,0.869935420793665,0.807897162202419,18.0460164056437,363.095755475451,0.000827980958227314,0.000103685858710395,0.726190476190476,0.726190476190476,0.866666666666667,0.846153846153846,0.6,NaN,NaN,NaN,0.1477863,shared_delay_plus_weighting,scalar_c_1500,physical_element_centres
2,202,dense,A1_reference,"128 ch, 2 MHz",128,2,80,SCF-DAS,28,13,15,1499.57390309705,17.7700274021683,999.827482284771,14.227702178824,0.411901033818716,19.9999998192774,0.999942501598121,0.964107799004721,0.271073134613773,0.870048281706107,0.44208294117456,14.3794836100009,1225.58915425719,9.88778003028289e-05,1.88853316403693e-05,0.411904761904762,0.411904761904762,0.466666666666667,0.615384615384615,0.466666666666667,NaN,NaN,NaN,0.1788086,shared_delay_plus_weighting,scalar_c_1500,physical_element_centres
2,202,dense,A1_reference,"128 ch, 2 MHz",128,2,80,DMAS,28,13,15,1499.57390309705,17.7700274021683,999.827482284771,14.227702178824,0.411901033818716,19.9999998192774,0.998395325943175,0.877909007553254,0.475491449135641,0.504005143357623,0.798218569268541,14.8244314072295,142.492935149135,0.00155194856836949,0.000281614981082667,0.830952380952381,0.830952380952381,1,0.923076923076923,0.8,NaN,NaN,NaN,0.2114178,shared_delay_plus_weighting,scalar_c_1500,physical_element_centres
2,202,dense,A1_reference,"128 ch, 2 MHz",128,2,80,DS-DMAS,28,13,15,1499.57390309705,17.7700274021683,999.827482284771,14.227702178824,0.411901033818716,19.9999998192774,0.999493742710562,0.919346476245451,0.371655049570552,0.84551397220541,0.591048802296501,14.8178955168609,305.354037932513,0.000596933392990787,0.000108400453362052,0.654761904761905,0.654761904761905,0.766666666666667,0.923076923076923,0.6,NaN,NaN,NaN,5.2657498,shared_delay_plus_weighting,scalar_c_1500,physical_element_centres
2,202,dense,A1_reference,"128 ch, 2 MHz",128,2,80,TR,28,13,15,1499.57390309705,17.7700274021683,999.827482284771,14.227702178824,0.411901033818716,19.9999998192774,0.797816701861026,0.723433473801035,0.705357472003559,0.717526036723347,1.84773147475144,15.5232763899232,1.95022085801324,0.167441669936926,0.0280349462111031,0.992857142857143,0.992857142857143,1,1,1,NaN,NaN,NaN,60.8619987,actual_TR_wall_time,heterogeneous_recorded_c_rho,equivalent_element_centres
2,202,dense,A2_N96,"96 ch, 2 MHz",96,2,80,DAS,28,13,15,1499.57390309705,17.7700274021683,999.827482284771,14.227702178824,0.411901033818716,20.0000002404458,0.987117481443925,0.710060656308163,0.716270203810767,0.747800669414903,1.87269315644582,16.2058144359382,38.2302275588584,0.00898500845379589,0.00139068179114223,0.971428571428571,0.971428571428571,1,1,0.933333333333333,NaN,NaN,NaN,0.0895663,shared_delay_plus_weighting,scalar_c_1500,physical_element_centres
2,202,dense,A2_N96,"96 ch, 2 MHz",96,2,80,CF-DAS,28,13,15,1499.57390309705,17.7700274021683,999.827482284771,14.227702178824,0.411901033818716,20.0000002404458,0.999143669279557,0.831152062520671,0.560234577383417,0.869653553685163,0.805938792802146,17.9522100816008,360.713356953126,0.000828101400527618,0.000104826965720332,0.726190476190476,0.726190476190476,0.866666666666667,0.846153846153846,0.6,NaN,NaN,NaN,0.0898812,shared_delay_plus_weighting,scalar_c_1500,physical_element_centres
2,202,dense,A2_N96,"96 ch, 2 MHz",96,2,80,SCF-DAS,28,13,15,1499.57390309705,17.7700274021683,999.827482284771,14.227702178824,0.411901033818716,20.0000002404458,0.999942711945929,0.964189348389116,0.271195901101706,0.869209643696641,0.444971552093508,14.3071309751182,1227.34592296655,9.77582493590435e-05,1.88276825406632e-05,0.45,0.45,0.533333333333333,0.615384615384615,0.533333333333333,NaN,NaN,NaN,0.1151448,shared_delay_plus_weighting,scalar_c_1500,physical_element_centres
2,202,dense,A2_N96,"96 ch, 2 MHz",96,2,80,DMAS,28,13,15,1499.57390309705,17.7700274021683,999.827482284771,14.227702178824,0.411901033818716,20.0000002404458,0.998543231627132,0.897057599469273,0.452297596606195,0.401576885360691,0.747499596822763,14.4983487870326,133.651234903143,0.00150289533739025,0.000283146565259506,0.778571428571429,0.778571428571428,0.9,0.923076923076923,0.666666666666667,NaN,NaN,NaN,0.1413692,shared_delay_plus_weighting,scalar_c_1500,physical_element_centres
2,202,dense,A2_N96,"96 ch, 2 MHz",96,2,80,DS-DMAS,28,13,15,1499.57390309705,17.7700274021683,999.827482284771,14.227702178824,0.411901033818716,20.0000002404458,0.999586246321118,0.938551069549643,0.323722662360718,0.819310588474079,0.506246437034107,14.5588243553725,287.46403302251,0.000549891255058854,0.000102881099124545,0.578571428571429,0.578571428571429,0.666666666666667,0.692307692307692,0.6,NaN,NaN,NaN,2.9987068,shared_delay_plus_weighting,scalar_c_1500,physical_element_centres
2,202,dense,A2_N96,"96 ch, 2 MHz",96,2,80,TR,28,13,15,1499.57390309705,17.7700274021683,999.827482284771,14.227702178824,0.411901033818716,20.0000002404458,0.831912493120829,0.705642025297539,0.723581892926082,0.653467386572831,1.96713520993853,15.4771208055585,2.64443995106884,0.127259704817835,0.0214207597978957,0.990476190476191,0.990476190476191,1,1,1,NaN,NaN,NaN,60.9105633,actual_TR_wall_time,heterogeneous_recorded_c_rho,equivalent_element_centres
2,202,dense,A3_fc3MHz,"128 ch, 3 MHz",128,3,80,DAS,28,13,15,1499.57390309705,17.7700274021683,999.827482284771,14.227702178824,0.411901033818716,19.9999997084886,0.991525420844703,0.737300975314824,0.683517084925681,0.764717727582416,1.56728657549126,17.644822190816,53.5781343801629,0.00644281928699986,0.000844957452087987,0.990476190476191,0.990476190476191,1,1,1,NaN,NaN,NaN,0.1264167,shared_delay_plus_weighting,scalar_c_1500,physical_element_centres
2,202,dense,A3_fc3MHz,"128 ch, 3 MHz",128,3,80,CF-DAS,28,13,15,1499.57390309705,17.7700274021683,999.827482284771,14.227702178824,0.411901033818716,19.9999997084886,0.999526886190691,0.849250854685366,0.52893873253788,0.880883393999373,0.719234982854267,21.0205592834444,588.869281935868,0.000518078861592196,4.6064664092464e-05,0.804761904761905,0.804761904761905,0.966666666666667,0.923076923076923,0.8,NaN,NaN,NaN,0.1266708,shared_delay_plus_weighting,scalar_c_1500,physical_element_centres
2,202,dense,A3_fc3MHz,"128 ch, 3 MHz",128,3,80,SCF-DAS,28,13,15,1499.57390309705,17.7700274021683,999.827482284771,14.227702178824,0.411901033818716,19.9999997084886,0.999965587296114,0.974959506787373,0.225037755002833,0.881562472911852,0.310295138679056,18.7917482645819,1436.60895935577,8.29912536528013e-05,9.53772753570002e-06,0.426190476190476,0.426190476190476,0.466666666666667,0.615384615384615,0.6,NaN,NaN,NaN,0.1589123,shared_delay_plus_weighting,scalar_c_1500,physical_element_centres
2,202,dense,A3_fc3MHz,"128 ch, 3 MHz",128,3,80,DMAS,28,13,15,1499.57390309705,17.7700274021683,999.827482284771,14.227702178824,0.411901033818716,19.9999997084886,0.999128783827529,0.914504071313755,0.412651847573921,0.519091237105569,0.618373675050792,16.2443014797188,187.458483952297,0.00104260252938644,0.000160658497186384,0.797619047619048,0.797619047619048,0.933333333333333,0.846153846153846,0.8,NaN,NaN,NaN,0.192666,shared_delay_plus_weighting,scalar_c_1500,physical_element_centres
2,202,dense,A3_fc3MHz,"128 ch, 3 MHz",128,3,80,DS-DMAS,28,13,15,1499.57390309705,17.7700274021683,999.827482284771,14.227702178824,0.411901033818716,19.9999997084886,0.999720085704725,0.948260651366486,0.29923554958277,0.864396930803801,0.401376895601726,17.4570946376546,359.666143115456,0.000461273865073551,6.18164580209352e-05,0.623809523809524,0.623809523809524,0.733333333333333,0.769230769230769,0.733333333333333,NaN,NaN,NaN,5.2100147,shared_delay_plus_weighting,scalar_c_1500,physical_element_centres
2,202,dense,A3_fc3MHz,"128 ch, 3 MHz",128,3,80,TR,28,13,15,1499.57390309705,17.7700274021683,999.827482284771,14.227702178824,0.411901033818716,19.9999997084886,0.856457243986125,0.739307359596849,0.686966032953683,0.70321415583934,1.61054171456324,16.952623412248,2.79407798116763,0.118296735155108,0.0168012497711412,0.995238095238095,0.995238095238095,1,1,1,NaN,NaN,NaN,37.7739903,actual_TR_wall_time,heterogeneous_recorded_c_rho,equivalent_element_centres
2,202,fluence,A1_reference,"128 ch, 2 MHz",128,2,80,DAS,28,13,15,1499.57390309705,17.7700274021683,999.827482284771,14.227702178824,0.411901033818716,20.0000000315162,0.986639764910439,0.715477269048773,0.710161201304725,0.759296575935471,1.77933881198838,16.0249845489799,36.2719088819921,0.0091905402179942,0.00145241863503133,0.983333333333333,0.983333333333333,1,1,0.933333333333333,1,0.857142857142857,NaN,0.1234923,shared_delay_plus_weighting,scalar_c_1500,physical_element_centres
2,202,fluence,A1_reference,"128 ch, 2 MHz",128,2,80,CF-DAS,28,13,15,1499.57390309705,17.7700274021683,999.827482284771,14.227702178824,0.411901033818716,20.0000000315162,0.999013718849274,0.838935973617289,0.548280380812326,0.869393951258208,0.758662705161036,17.8345458768098,299.95362031311,0.000955525412090107,0.000122606910127381,0.752380952380952,0.752380952380952,0.866666666666667,0.846153846153846,0.733333333333333,0.625,0.857142857142857,NaN,0.1237832,shared_delay_plus_weighting,scalar_c_1500,physical_element_centres
2,202,fluence,A1_reference,"128 ch, 2 MHz",128,2,80,SCF-DAS,28,13,15,1499.57390309705,17.7700274021683,999.827482284771,14.227702178824,0.411901033818716,20.0000000315162,0.999923708970348,0.961622815105731,0.279184087685944,0.870608084642729,0.394240343874641,15.7673471539197,986.305581566054,0.000134564354145251,2.19059793327802e-05,0.388095238095238,0.388095238095238,0.366666666666667,0.615384615384615,0.466666666666667,0.375,0.571428571428571,NaN,0.1561822,shared_delay_plus_weighting,scalar_c_1500,physical_element_centres
2,202,fluence,A1_reference,"128 ch, 2 MHz",128,2,80,DMAS,28,13,15,1499.57390309705,17.7700274021683,999.827482284771,14.227702178824,0.411901033818716,20.0000000315162,0.99817165127027,0.877700925337768,0.474089607323229,0.551267991847132,0.743761665073181,15.0896917418505,125.213186385241,0.00176941705395272,0.000311419369912243,0.795238095238095,0.795238095238095,0.933333333333333,0.923076923076923,0.733333333333333,0.625,0.857142857142857,NaN,0.1897492,shared_delay_plus_weighting,scalar_c_1500,physical_element_centres
2,202,fluence,A1_reference,"128 ch, 2 MHz",128,2,80,DS-DMAS,28,13,15,1499.57390309705,17.7700274021683,999.827482284771,14.227702178824,0.411901033818716,20.0000000315162,0.999370789353419,0.920727027254349,0.370454912251574,0.854791991249778,0.516445166279936,15.8460909202699,241.563618923893,0.000778056197632592,0.000125518118449502,0.616666666666667,0.616666666666667,0.666666666666667,0.846153846153846,0.666666666666667,0.5,0.857142857142857,NaN,5.3472881,shared_delay_plus_weighting,scalar_c_1500,physical_element_centres
2,202,fluence,A1_reference,"128 ch, 2 MHz",128,2,80,TR,28,13,15,1499.57390309705,17.7700274021683,999.827482284771,14.227702178824,0.411901033818716,20.0000000315162,0.798769968306535,0.726551877341087,0.702181484078816,0.714992312218554,1.93669667552923,15.218365932396,1.93435801501604,0.163729023279741,0.0283927445068793,0.995238095238095,0.995238095238095,1,1,1,1,1,NaN,60.348624,actual_TR_wall_time,heterogeneous_recorded_c_rho,equivalent_element_centres
2,202,fluence,A2_N96,"96 ch, 2 MHz",96,2,80,DAS,28,13,15,1499.57390309705,17.7700274021683,999.827482284771,14.227702178824,0.411901033818716,20.0000001571708,0.986652018919607,0.716908765905629,0.709442752437393,0.749681633374187,1.77759518283199,15.9749491790712,36.1507750816185,0.00918556400174641,0.00146001853286432,0.978571428571429,0.978571428571429,1,1,0.933333333333333,1,0.857142857142857,NaN,0.1044477,shared_delay_plus_weighting,scalar_c_1500,physical_element_centres
2,202,fluence,A2_N96,"96 ch, 2 MHz",96,2,80,CF-DAS,28,13,15,1499.57390309705,17.7700274021683,999.827482284771,14.227702178824,0.411901033818716,20.0000001571708,0.999015034386555,0.840325989447039,0.546307433758619,0.869104296827466,0.756351489129491,17.7542964624938,297.983711691805,0.000956040947452086,0.00012381169536745,0.738095238095238,0.738095238095238,0.866666666666667,0.846153846153846,0.666666666666667,0.5,0.857142857142857,NaN,0.1047331,shared_delay_plus_weighting,scalar_c_1500,physical_element_centres
2,202,fluence,A2_N96,"96 ch, 2 MHz",96,2,80,SCF-DAS,28,13,15,1499.57390309705,17.7700274021683,999.827482284771,14.227702178824,0.411901033818716,20.0000001571708,0.99992766472662,0.965799635314692,0.265339355053239,0.869827373390007,0.383987679537795,15.0398320780804,928.970139305348,0.00013024096289966,2.30545152189794e-05,0.380952380952381,0.380952380952381,0.3,0.615384615384615,0.466666666666667,0.375,0.571428571428571,NaN,0.1316798,shared_delay_plus_weighting,scalar_c_1500,physical_element_centres
2,202,fluence,A2_N96,"96 ch, 2 MHz",96,2,80,DMAS,28,13,15,1499.57390309705,17.7700274021683,999.827482284771,14.227702178824,0.411901033818716,20.0000001571708,0.998335282527404,0.895991091705194,0.45082336560095,0.448965111945518,0.70010168431957,14.7227363501893,118.055072792661,0.00170879468307848,0.000313727845143633,0.754761904761905,0.754761904761905,0.866666666666667,0.923076923076923,0.733333333333333,0.625,0.857142857142857,NaN,0.1536721,shared_delay_plus_weighting,scalar_c_1500,physical_element_centres
2,202,fluence,A2_N96,"96 ch, 2 MHz",96,2,80,DS-DMAS,28,13,15,1499.57390309705,17.7700274021683,999.827482284771,14.227702178824,0.411901033818716,20.0000001571708,0.999480140885697,0.939008317191807,0.324456420088651,0.835873885014897,0.446569880255744,15.4810604311729,227.049256056419,0.000719290845419284,0.000121018429158457,0.566666666666667,0.566666666666667,0.633333333333333,0.692307692307692,0.6,0.5,0.714285714285714,NaN,3.0700068,shared_delay_plus_weighting,scalar_c_1500,physical_element_centres
2,202,fluence,A2_N96,"96 ch, 2 MHz",96,2,80,TR,28,13,15,1499.57390309705,17.7700274021683,999.827482284771,14.227702178824,0.411901033818716,20.0000001571708,0.833244859835375,0.711714416733793,0.717523374630542,0.652739071097937,2.07725875779042,15.1422169449015,2.60988944855861,0.124124464308535,0.0217143353143861,0.995238095238095,0.995238095238095,1,1,1,1,1,NaN,60.7820896,actual_TR_wall_time,heterogeneous_recorded_c_rho,equivalent_element_centres
2,202,fluence,A3_fc3MHz,"128 ch, 3 MHz",128,3,80,DAS,28,13,15,1499.57390309705,17.7700274021683,999.827482284771,14.227702178824,0.411901033818716,19.9999997739104,0.990999415807032,0.7371588912904,0.684192441072601,0.766610470815524,1.46744018772505,17.4911426864067,50.4540072869844,0.00672356697076664,0.000897516829264744,0.990476190476191,0.990476190476191,1,1,1,1,1,NaN,0.1389616,shared_delay_plus_weighting,scalar_c_1500,physical_element_centres
2,202,fluence,A3_fc3MHz,"128 ch, 3 MHz",128,3,80,CF-DAS,28,13,15,1499.57390309705,17.7700274021683,999.827482284771,14.227702178824,0.411901033818716,19.9999997739104,0.99943288267423,0.8448686844905,0.536514889741843,0.879732345443364,0.665924044063148,21.391338696423,504.294666228976,0.000608868897983104,5.18748501672675e-05,0.766666666666667,0.766666666666667,1,0.769230769230769,0.733333333333333,0.625,0.857142857142857,NaN,0.1392197,shared_delay_plus_weighting,scalar_c_1500,physical_element_centres
2,202,fluence,A3_fc3MHz,"128 ch, 3 MHz",128,3,80,SCF-DAS,28,13,15,1499.57390309705,17.7700274021683,999.827482284771,14.227702178824,0.411901033818716,19.9999997739104,0.999950298090113,0.973282825028092,0.231669182259428,0.882493562418347,0.258521905158917,22.5499929489792,1060.26086589167,0.000125568824656769,9.36229199055319e-06,0.380952380952381,0.380952380952381,0.433333333333333,0.461538461538462,0.6,0.625,0.571428571428571,NaN,0.1735962,shared_delay_plus_weighting,scalar_c_1500,physical_element_centres
2,202,fluence,A3_fc3MHz,"128 ch, 3 MHz",128,3,80,DMAS,28,13,15,1499.57390309705,17.7700274021683,999.827482284771,14.227702178824,0.411901033818716,19.9999997739104,0.998962534341226,0.907299194999183,0.42660832157212,0.545924285339697,0.574334006461682,16.9561574914756,170.010130111307,0.00122161384249941,0.000173430737393002,0.773809523809524,0.773809523809524,0.933333333333333,0.846153846153846,0.8,0.625,1,NaN,0.2072321,shared_delay_plus_weighting,scalar_c_1500,physical_element_centres
2,202,fluence,A3_fc3MHz,"128 ch, 3 MHz",128,3,80,DS-DMAS,28,13,15,1499.57390309705,17.7700274021683,999.827482284771,14.227702178824,0.411901033818716,19.9999997739104,0.999623692480814,0.943539223785902,0.315383960039277,0.870452941440108,0.355900305695217,19.4364672698497,291.160555837354,0.000623931853814319,6.65754015996353e-05,0.585714285714286,0.585714285714286,0.7,0.769230769230769,0.733333333333333,0.625,0.857142857142857,NaN,5.6502718,shared_delay_plus_weighting,scalar_c_1500,physical_element_centres
2,202,fluence,A3_fc3MHz,"128 ch, 3 MHz",128,3,80,TR,28,13,15,1499.57390309705,17.7700274021683,999.827482284771,14.227702178824,0.411901033818716,19.9999997739104,0.854406318552322,0.738438050623706,0.688152705062212,0.69741265132912,1.67937484076138,16.5439151766941,2.75760660495156,0.117155986054675,0.0174408932863852,0.995238095238095,0.995238095238095,1,1,1,1,1,NaN,61.7168921,actual_TR_wall_time,heterogeneous_recorded_c_rho,equivalent_element_centres
2,202,sparse,A1_reference,"128 ch, 2 MHz",128,2,80,DAS,7,3,4,1499.57390309705,17.7700274021683,999.827482284771,14.227702178824,0.411901033818716,20.0000002349986,0.986121686351067,0.674945525190416,0.743598104634089,0.864562849325703,2.01582253520774,20.2098865089268,38.9977978611187,0.0100439076287974,0.000980411472314031,1,1,1,1,1,NaN,NaN,NaN,0.1269425,shared_delay_plus_weighting,scalar_c_1500,physical_element_centres
2,202,sparse,A1_reference,"128 ch, 2 MHz",128,2,80,CF-DAS,7,3,4,1499.57390309705,17.7700274021683,999.827482284771,14.227702178824,0.411901033818716,20.0000002349986,0.998951295229231,0.794856164816894,0.608617734630656,0.936900207992104,0.804413535372553,22.7425685036093,350.786757555314,0.00102509319228678,7.47540839903448e-05,0.866666666666667,0.866666666666667,1,1,0.75,NaN,NaN,NaN,0.1272102,shared_delay_plus_weighting,scalar_c_1500,physical_element_centres
2,202,sparse,A1_reference,"128 ch, 2 MHz",128,2,80,SCF-DAS,7,3,4,1499.57390309705,17.7700274021683,999.827482284771,14.227702178824,0.411901033818716,20.0000002349986,0.999828454980362,0.937285304530054,0.349149007081587,0.94122740138734,0.375057759771206,26.1906932204712,707.807472099543,0.000310367439229486,1.5217436281197e-05,0.447619047619048,0.447619047619048,0.466666666666667,0.666666666666667,0.25,NaN,NaN,NaN,0.1603938,shared_delay_plus_weighting,scalar_c_1500,physical_element_centres
2,202,sparse,A1_reference,"128 ch, 2 MHz",128,2,80,DMAS,7,3,4,1499.57390309705,17.7700274021683,999.827482284771,14.227702178824,0.411901033818716,20.0000002349986,0.997934941716439,0.860499491221187,0.511718074199857,0.742507346277316,0.710964720788127,20.7989141230118,125.309887069295,0.00224006089533688,0.000204321523641802,0.895238095238095,0.895238095238095,0.866666666666667,1,1,NaN,NaN,NaN,0.1919733,shared_delay_plus_weighting,scalar_c_1500,physical_element_centres
2,202,sparse,A1_reference,"128 ch, 2 MHz",128,2,80,DS-DMAS,7,3,4,1499.57390309705,17.7700274021683,999.827482284771,14.227702178824,0.411901033818716,20.0000002349986,0.999113163610521,0.888281025788796,0.450000673986486,0.934261403071431,0.564460775804592,22.9644476427145,237.480161567796,0.00113962082159282,8.10098808368111e-05,0.733333333333333,0.733333333333333,0.733333333333333,1,1,NaN,NaN,NaN,5.358202,shared_delay_plus_weighting,scalar_c_1500,physical_element_centres
2,202,sparse,A1_reference,"128 ch, 2 MHz",128,2,80,TR,7,3,4,1499.57390309705,17.7700274021683,999.827482284771,14.227702178824,0.411901033818716,20.0000002349986,0.760720414011492,0.676698008162983,0.743649279649071,0.829591320150222,2.29381456818441,19.2940189155956,1.89400000450508,0.20009056270032,0.0217032943114283,1,1,1,1,1,NaN,NaN,NaN,61.1483879,actual_TR_wall_time,heterogeneous_recorded_c_rho,equivalent_element_centres
2,202,sparse,A2_N96,"96 ch, 2 MHz",96,2,80,DAS,7,3,4,1499.57390309705,17.7700274021683,999.827482284771,14.227702178824,0.411901033818716,20.0000001086709,0.986118425232972,0.676228192021928,0.742979163787461,0.856705536647057,2.0167014995435,20.1661155252015,38.8628373814787,0.0100463152636342,0.000985600752454713,1,1,1,1,1,NaN,NaN,NaN,0.1100309,shared_delay_plus_weighting,scalar_c_1500,physical_element_centres
2,202,sparse,A2_N96,"96 ch, 2 MHz",96,2,80,CF-DAS,7,3,4,1499.57390309705,17.7700274021683,999.827482284771,14.227702178824,0.411901033818716,20.0000001086709,0.998951300852117,0.795727581315832,0.607532459079689,0.936912031293456,0.807435907503617,22.5853339452939,349.466248519946,0.00102294443043227,7.59600679986691e-05,0.857142857142857,0.857142857142857,1,1,0.75,NaN,NaN,NaN,0.1102992,shared_delay_plus_weighting,scalar_c_1500,physical_element_centres
2,202,sparse,A2_N96,"96 ch, 2 MHz",96,2,80,SCF-DAS,7,3,4,1499.57390309705,17.7700274021683,999.827482284771,14.227702178824,0.411901033818716,20.0000001086709,0.99982817267528,0.935676582658996,0.353556752295571,0.940799902008582,0.387578986456437,25.6517645101815,724.180847351982,0.000304903492283403,1.59064832751793e-05,0.466666666666667,0.466666666666667,0.466666666666667,1,0.25,NaN,NaN,NaN,0.136505,shared_delay_plus_weighting,scalar_c_1500,physical_element_centres
2,202,sparse,A2_N96,"96 ch, 2 MHz",96,2,80,DMAS,7,3,4,1499.57390309705,17.7700274021683,999.827482284771,14.227702178824,0.411901033818716,20.0000001086709,0.998052044718846,0.874310464715147,0.49475795248863,0.659258920070882,0.678913297208596,20.6265962185327,120.553512711444,0.00220552827442422,0.000205202580924627,0.895238095238095,0.895238095238095,0.866666666666667,1,1,NaN,NaN,NaN,0.1606039,shared_delay_plus_weighting,scalar_c_1500,physical_element_centres
2,202,sparse,A2_N96,"96 ch, 2 MHz",96,2,80,DS-DMAS,7,3,4,1499.57390309705,17.7700274021683,999.827482284771,14.227702178824,0.411901033818716,20.0000001086709,0.999192540397869,0.899003963245161,0.428181864507412,0.921927961211632,0.527127446172183,23.150978079314,237.119917843166,0.00109561591775713,7.6227105556189e-05,0.723809523809524,0.723809523809524,0.733333333333333,1,1,NaN,NaN,NaN,3.0020988,shared_delay_plus_weighting,scalar_c_1500,physical_element_centres
2,202,sparse,A2_N96,"96 ch, 2 MHz",96,2,80,TR,7,3,4,1499.57390309705,17.7700274021683,999.827482284771,14.227702178824,0.411901033818716,20.0000001086709,0.801067186756322,0.655797696471761,0.762441856163533,0.791359111845102,2.41215421840839,19.4903689492979,2.5600155182887,0.153604851115918,0.0162887022340178,1,1,1,1,1,NaN,NaN,NaN,62.0803274,actual_TR_wall_time,heterogeneous_recorded_c_rho,equivalent_element_centres
2,202,sparse,A3_fc3MHz,"128 ch, 3 MHz",128,3,80,DAS,7,3,4,1499.57390309705,17.7700274021683,999.827482284771,14.227702178824,0.411901033818716,20.000000045164,0.991384924208879,0.699405457776416,0.718674715804291,0.877352744528178,1.60167610761194,21.9494518173678,59.0473770580352,0.00672412216696958,0.000537233399194499,1,1,1,1,1,NaN,NaN,NaN,0.1293033,shared_delay_plus_weighting,scalar_c_1500,physical_element_centres
2,202,sparse,A3_fc3MHz,"128 ch, 3 MHz",128,3,80,CF-DAS,7,3,4,1499.57390309705,17.7700274021683,999.827482284771,14.227702178824,0.411901033818716,20.000000045164,0.999493302559567,0.828035859607322,0.560937470903742,0.944607216390849,0.677878733411159,26.5497461877515,620.059820679758,0.000570112643681483,2.6820901011633e-05,0.876190476190476,0.876190476190476,0.933333333333333,1,1,NaN,NaN,NaN,0.1296729,shared_delay_plus_weighting,scalar_c_1500,physical_element_centres
2,202,sparse,A3_fc3MHz,"128 ch, 3 MHz",128,3,80,SCF-DAS,7,3,4,1499.57390309705,17.7700274021683,999.827482284771,14.227702178824,0.411901033818716,20.000000045164,0.999953908426153,0.982637495614164,0.188491198198679,0.945856589640751,0.283457137748631,17.9179543838194,746.368184926502,0.00011651666110454,1.48077922187464e-05,0.495238095238095,0.495238095238095,0.733333333333333,0.666666666666667,1,NaN,NaN,NaN,0.1611588,shared_delay_plus_weighting,scalar_c_1500,physical_element_centres
2,202,sparse,A3_fc3MHz,"128 ch, 3 MHz",128,3,80,DMAS,7,3,4,1499.57390309705,17.7700274021683,999.827482284771,14.227702178824,0.411901033818716,20.000000045164,0.998972416156711,0.908056356627868,0.425932477916919,0.766021453120383,0.61231119164366,19.2112314228468,170.310707297244,0.00122224706181783,0.000133843544966369,0.914285714285714,0.914285714285714,1,1,1,NaN,NaN,NaN,0.1969617,shared_delay_plus_weighting,scalar_c_1500,physical_element_centres
2,202,sparse,A3_fc3MHz,"128 ch, 3 MHz",128,3,80,DS-DMAS,7,3,4,1499.57390309705,17.7700274021683,999.827482284771,14.227702178824,0.411901033818716,20.000000045164,0.999639411820837,0.94096539972651,0.328821818402757,0.938385499503132,0.473190391591586,18.4187503255847,317.326543334307,0.000512529164342576,6.14866832509513e-05,0.647619047619048,0.647619047619048,0.6,1,1,NaN,NaN,NaN,5.2271248,shared_delay_plus_weighting,scalar_c_1500,physical_element_centres
2,202,sparse,A3_fc3MHz,"128 ch, 3 MHz",128,3,80,TR,7,3,4,1499.57390309705,17.7700274021683,999.827482284771,14.227702178824,0.411901033818716,20.000000045164,0.83491666397331,0.693157923859282,0.727516580882541,0.820562031202051,1.81866828887721,21.0246626271584,2.82258792142113,0.136790202737323,0.0121568724993498,1,1,1,1,1,NaN,NaN,NaN,60.8390497,actual_TR_wall_time,heterogeneous_recorded_c_rho,equivalent_element_centres
3,303,cluttered,A1_reference,"128 ch, 2 MHz",128,2,80,DAS,16,7,9,1500.07346570492,24.7518536812046,999.382742731108,17.6333916594886,-0.669665168950064,20.0000000547988,0.982154667398601,0.719671118476504,0.706049357437564,0.754388453006212,1.49767896190641,17.7724173695501,26.7476634388286,0.0133928827702405,0.001730825157112,0.9875,0.9875,1,1,1,NaN,NaN,9.30064318729362,0.1074095,shared_delay_plus_weighting,scalar_c_1500,physical_element_centres
3,303,cluttered,A1_reference,"128 ch, 2 MHz",128,2,80,CF-DAS,16,7,9,1500.07346570492,24.7518536812046,999.382742731108,17.6333916594886,-0.669665168950064,20.0000000547988,0.997843679080124,0.777480069914613,0.633562346123817,0.866725633397004,0.771044667381204,20.6343903212388,183.122337822294,0.00200692036135188,0.000186556602133084,0.679166666666667,0.679166666666667,0.766666666666667,0.857142857142857,0.555555555555556,NaN,NaN,16.9845501445465,0.1076705,shared_delay_plus_weighting,scalar_c_1500,physical_element_centres
3,303,cluttered,A1_reference,"128 ch, 2 MHz",128,2,80,SCF-DAS,16,7,9,1500.07346570492,24.7518536812046,999.382742731108,17.6333916594886,-0.669665168950064,20.0000000547988,0.99982126583222,0.934125765936969,0.361927372885021,0.863865003601353,0.428103876159903,16.8148921787722,712.40441789687,0.000257278829446547,3.71243999003613e-05,0.4375,0.4375,0.5,0.571428571428571,0.555555555555556,NaN,NaN,11.6483946772568,0.1393159,shared_delay_plus_weighting,scalar_c_1500,physical_element_centres
3,303,cluttered,A1_reference,"128 ch, 2 MHz",128,2,80,DMAS,16,7,9,1500.07346570492,24.7518536812046,999.382742731108,17.6333916594886,-0.669665168950064,20.0000000547988,0.996386686844736,0.792312506128259,0.601400593561284,0.640238817144612,0.836596578317571,17.4532622154184,102.703283722667,0.00310369128044019,0.000416116948796976,0.833333333333333,0.833333333333333,1,0.857142857142857,0.888888888888889,NaN,NaN,12.5530457007886,0.1658324,shared_delay_plus_weighting,scalar_c_1500,physical_element_centres
3,303,cluttered,A1_reference,"128 ch, 2 MHz",128,2,80,DS-DMAS,16,7,9,1500.07346570492,24.7518536812046,999.382742731108,17.6333916594886,-0.669665168950064,20.0000000547988,0.998780805062849,0.864671916412122,0.485840716025389,0.852182683017418,0.565401434077063,17.695825891119,206.59971108769,0.00129774628602583,0.000169199275896296,0.670833333333333,0.670833333333333,0.666666666666667,0.857142857142857,0.666666666666667,NaN,NaN,17.3508221817903,5.0606586,shared_delay_plus_weighting,scalar_c_1500,physical_element_centres
3,303,cluttered,A1_reference,"128 ch, 2 MHz",128,2,80,TR,16,7,9,1500.07346570492,24.7518536812046,999.382742731108,17.6333916594886,-0.669665168950064,20.0000000547988,0.789264214784281,0.719040365902688,0.709527183251206,0.726479529097329,1.80090421771813,16.7436529927765,1.88075097795306,0.183639355751583,0.0267167182726781,1,1,1,1,1,NaN,NaN,9.20859816170713,61.070647,actual_TR_wall_time,heterogeneous_recorded_c_rho,equivalent_element_centres
3,303,cluttered,A2_N96,"96 ch, 2 MHz",96,2,80,DAS,16,7,9,1500.07346570492,24.7518536812046,999.382742731108,17.6333916594886,-0.669665168950064,20.0000003095306,0.98213063669196,0.719230910858005,0.706572721630952,0.748424933510497,1.4981642103498,17.7762191470554,26.7471043829254,0.0134079134987747,0.00173200938958647,0.9875,0.9875,1,1,1,NaN,NaN,9.33211238168546,0.0510677,shared_delay_plus_weighting,scalar_c_1500,physical_element_centres
3,303,cluttered,A2_N96,"96 ch, 2 MHz",96,2,80,CF-DAS,16,7,9,1500.07346570492,24.7518536812046,999.382742731108,17.6333916594886,-0.669665168950064,20.0000003095306,0.997838602369955,0.776132365194153,0.635204362081095,0.866649371122724,0.772179914381715,20.6960781340444,183.661288426883,0.00200944667732552,0.000185469533468567,0.675,0.675,0.733333333333333,0.857142857142857,0.555555555555556,NaN,NaN,17.1442355494004,0.0511804,shared_delay_plus_weighting,scalar_c_1500,physical_element_centres
3,303,cluttered,A2_N96,"96 ch, 2 MHz",96,2,80,SCF-DAS,16,7,9,1500.07346570492,24.7518536812046,999.382742731108,17.6333916594886,-0.669665168950064,20.0000003095306,0.999821714841214,0.933522213444638,0.36358654747778,0.862885503986357,0.426814270843695,16.970374992695,720.522854930282,0.000257624693092441,3.65147841532424e-05,0.5,0.5,0.6,0.571428571428571,0.666666666666667,NaN,NaN,11.9218923393873,0.0686921,shared_delay_plus_weighting,scalar_c_1500,physical_element_centres
3,303,cluttered,A2_N96,"96 ch, 2 MHz",96,2,80,DMAS,16,7,9,1500.07346570492,24.7518536812046,999.382742731108,17.6333916594886,-0.669665168950064,20.0000003095306,0.996517689429691,0.801733153953139,0.59478335885203,0.529437150671325,0.81750196679983,17.416208592335,102.258916689552,0.00305387675692554,0.000411188610790436,0.820833333333333,0.820833333333333,0.966666666666667,0.857142857142857,0.888888888888889,NaN,NaN,12.8836832045987,0.0868691,shared_delay_plus_weighting,scalar_c_1500,physical_element_centres
3,303,cluttered,A2_N96,"96 ch, 2 MHz",96,2,80,DS-DMAS,16,7,9,1500.07346570492,24.7518536812046,999.382742731108,17.6333916594886,-0.669665168950064,20.0000003095306,0.99889992343989,0.877815546221787,0.462539780107824,0.832900185714199,0.524499315789388,17.717331822053,208.18076010248,0.00123230907260426,0.000160270301819135,0.6,0.6,0.633333333333333,0.857142857142857,0.666666666666667,NaN,NaN,18.6129185233896,1.2596717,shared_delay_plus_weighting,scalar_c_1500,physical_element_centres
3,303,cluttered,A2_N96,"96 ch, 2 MHz",96,2,80,TR,16,7,9,1500.07346570492,24.7518536812046,999.382742731108,17.6333916594886,-0.669665168950064,20.0000003095306,0.824647768424546,0.699807035079687,0.728626366070524,0.675791796565364,1.93094578249936,16.7535571104774,2.56878216280042,0.139483852926124,0.0202696420674733,1,1,1,1,1,NaN,NaN,9.32924256533385,22.3745492,actual_TR_wall_time,heterogeneous_recorded_c_rho,equivalent_element_centres
3,303,cluttered,A3_fc3MHz,"128 ch, 3 MHz",128,3,80,DAS,16,7,9,1500.07346570492,24.7518536812046,999.382742731108,17.6333916594886,-0.669665168950064,20.0000001809945,0.988872841209469,0.73527057681144,0.686856168504299,0.758110481472423,1.23714341397357,20.1559742499331,41.0091217015936,0.00891439573382778,0.000875574686226632,0.9875,0.9875,1,1,1,NaN,NaN,9.92467985296318,0.0801287,shared_delay_plus_weighting,scalar_c_1500,physical_element_centres
3,303,cluttered,A3_fc3MHz,"128 ch, 3 MHz",128,3,80,CF-DAS,16,7,9,1500.07346570492,24.7518536812046,999.382742731108,17.6333916594886,-0.669665168950064,20.0000001809945,0.998900665756666,0.777682691492833,0.629737159255226,0.877222819966071,0.68103448382174,28.082315420107,359.196080387536,0.00110723420870727,4.36640206903238e-05,0.654166666666667,0.654166666666667,0.766666666666667,0.714285714285714,0.666666666666667,NaN,NaN,20.1418868247723,0.0802398,shared_delay_plus_weighting,scalar_c_1500,physical_element_centres
3,303,cluttered,A3_fc3MHz,"128 ch, 3 MHz",128,3,80,SCF-DAS,16,7,9,1500.07346570492,24.7518536812046,999.382742731108,17.6333916594886,-0.669665168950064,20.0000001809945,0.999884522014904,0.953303789316814,0.302901401656673,0.874015639410729,0.266242017032197,28.7862947634786,789.409136275767,0.000244602935948358,8.89501996798791e-06,0.270833333333333,0.270833333333333,0.233333333333333,0.142857142857143,0.333333333333333,NaN,NaN,13.6143661365113,0.1004899,shared_delay_plus_weighting,scalar_c_1500,physical_element_centres
3,303,cluttered,A3_fc3MHz,"128 ch, 3 MHz",128,3,80,DMAS,16,7,9,1500.07346570492,24.7518536812046,999.382742731108,17.6333916594886,-0.669665168950064,20.0000001809945,0.997999064675202,0.811913372202893,0.581968948232813,0.596940768708851,0.665189141525176,21.2387200440213,169.987780327813,0.00196554006971323,0.00017042994334193,0.783333333333333,0.783333333333333,1,0.857142857142857,0.777777777777778,NaN,NaN,12.2912376915809,0.1239231,shared_delay_plus_weighting,scalar_c_1500,physical_element_centres
3,303,cluttered,A3_fc3MHz,"128 ch, 3 MHz",128,3,80,DS-DMAS,16,7,9,1500.07346570492,24.7518536812046,999.382742731108,17.6333916594886,-0.669665168950064,20.0000001809945,0.99933731152728,0.898029348932866,0.427051695919732,0.867191688563324,0.395278146761507,24.4322819925613,291.653671166328,0.000922706775911328,5.53923270316934e-05,0.5375,0.5375,0.6,0.571428571428571,0.555555555555556,NaN,NaN,16.3750775226221,2.1438216,shared_delay_plus_weighting,scalar_c_1500,physical_element_centres
3,303,cluttered,A3_fc3MHz,"128 ch, 3 MHz",128,3,80,TR,16,7,9,1500.07346570492,24.7518536812046,999.382742731108,17.6333916594886,-0.669665168950064,20.0000001809945,0.85129990759418,0.732408181006725,0.694249453843778,0.707612808348951,1.57107922255205,18.1268350821211,2.75718807262507,0.126173498443595,0.0156540382588054,1,1,1,1,1,NaN,NaN,10.4258427782068,21.6177273,actual_TR_wall_time,heterogeneous_recorded_c_rho,equivalent_element_centres
3,303,dense,A1_reference,"128 ch, 2 MHz",128,2,80,DAS,16,7,9,1500.07346570492,24.7518536812046,999.382742731108,17.6333916594886,-0.669665168950064,19.9999997962322,0.981852494259011,0.712990679083342,0.711979900032926,0.781456001010315,1.50180969393269,17.776577802721,26.8301410831084,0.0135040013675995,0.00174434981344598,0.991666666666667,0.991666666666667,1,1,1,NaN,NaN,NaN,0.138912,shared_delay_plus_weighting,scalar_c_1500,physical_element_centres
3,303,dense,A1_reference,"128 ch, 2 MHz",128,2,80,CF-DAS,16,7,9,1500.07346570492,24.7518536812046,999.382742731108,17.6333916594886,-0.669665168950064,19.9999997962322,0.997755206812964,0.76936923388859,0.642781082154306,0.889874282243747,0.76754319158324,20.9986387542037,181.488441384657,0.00206510795556384,0.000184081787166664,0.658333333333333,0.658333333333333,0.7,0.857142857142857,0.555555555555556,NaN,NaN,NaN,0.1390945,shared_delay_plus_weighting,scalar_c_1500,physical_element_centres
3,303,dense,A1_reference,"128 ch, 2 MHz",128,2,80,SCF-DAS,16,7,9,1500.07346570492,24.7518536812046,999.382742731108,17.6333916594886,-0.669665168950064,19.9999997962322,0.99981294604208,0.942482375904305,0.339640282456333,0.887149365907307,0.401972041900805,16.7718345763878,596.853535846261,0.000283782694056559,4.11523062129835e-05,0.433333333333333,0.433333333333333,0.5,0.428571428571429,0.555555555555556,NaN,NaN,NaN,0.1728699,shared_delay_plus_weighting,scalar_c_1500,physical_element_centres
3,303,dense,A1_reference,"128 ch, 2 MHz",128,2,80,DMAS,16,7,9,1500.07346570492,24.7518536812046,999.382742731108,17.6333916594886,-0.669665168950064,19.9999997962322,0.996337976550721,0.794484623152937,0.5991759818299,0.659375592987781,0.827662124576336,17.5134055834826,100.389993937222,0.00315296856772918,0.000419806696660913,0.833333333333333,0.833333333333333,1,0.857142857142857,0.888888888888889,NaN,NaN,NaN,0.2058797,shared_delay_plus_weighting,scalar_c_1500,physical_element_centres
3,303,dense,A1_reference,"128 ch, 2 MHz",128,2,80,DS-DMAS,16,7,9,1500.07346570492,24.7518536812046,999.382742731108,17.6333916594886,-0.669665168950064,19.9999997962322,0.998751227357283,0.871964754519232,0.473473143725025,0.873668893793243,0.534818165641298,18.0312094615258,191.549032308464,0.00136969064583305,0.000171815371989895,0.683333333333333,0.683333333333333,0.733333333333333,0.857142857142857,0.777777777777778,NaN,NaN,NaN,5.6860061,shared_delay_plus_weighting,scalar_c_1500,physical_element_centres
3,303,dense,A1_reference,"128 ch, 2 MHz",128,2,80,TR,16,7,9,1500.07346570492,24.7518536812046,999.382742731108,17.6333916594886,-0.669665168950064,19.9999997962322,0.785257066301484,0.712145738270349,0.715366539275039,0.744194652918943,1.81910535726972,16.7527113779573,1.89146101489514,0.184535152517755,0.0268190592171513,1,1,1,1,1,NaN,NaN,NaN,60.7418288,actual_TR_wall_time,heterogeneous_recorded_c_rho,equivalent_element_centres
3,303,dense,A2_N96,"96 ch, 2 MHz",96,2,80,DAS,16,7,9,1500.07346570492,24.7518536812046,999.382742731108,17.6333916594886,-0.669665168950064,19.9999997813849,0.981828667747271,0.712533894479402,0.712508242152608,0.776178668735584,1.50250520288373,17.7825678414843,26.8307843543526,0.0135190740054417,0.0017450929072244,0.991666666666667,0.991666666666667,1,1,1,NaN,NaN,NaN,0.0939555,shared_delay_plus_weighting,scalar_c_1500,physical_element_centres
3,303,dense,A2_N96,"96 ch, 2 MHz",96,2,80,CF-DAS,16,7,9,1500.07346570492,24.7518536812046,999.382742731108,17.6333916594886,-0.669665168950064,19.9999997813849,0.997750150909417,0.768065996582464,0.644325549266984,0.889765492153804,0.768668100608762,21.0603947744791,181.971504282808,0.00206768714426044,0.000183005898939065,0.6625,0.6625,0.733333333333333,0.857142857142857,0.555555555555556,NaN,NaN,NaN,0.0943488,shared_delay_plus_weighting,scalar_c_1500,physical_element_centres
3,303,dense,A2_N96,"96 ch, 2 MHz",96,2,80,SCF-DAS,16,7,9,1500.07346570492,24.7518536812046,999.382742731108,17.6333916594886,-0.669665168950064,19.9999997813849,0.999818618339683,0.941953284224612,0.341431815866114,0.886262100446877,0.419793574234384,16.2685849897218,621.030098617691,0.000267849927196541,4.11587600933372e-05,0.479166666666667,0.479166666666667,0.5,0.428571428571429,0.666666666666667,NaN,NaN,NaN,0.1196874,shared_delay_plus_weighting,scalar_c_1500,physical_element_centres
3,303,dense,A2_N96,"96 ch, 2 MHz",96,2,80,DMAS,16,7,9,1500.07346570492,24.7518536812046,999.382742731108,17.6333916594886,-0.669665168950064,19.9999997813849,0.996458318356981,0.802028368425992,0.594521088308752,0.551538799242112,0.813152377475679,17.4968064915784,100.405315247886,0.00310211289767335,0.000413825525113467,0.820833333333333,0.820833333333333,1,0.857142857142857,0.888888888888889,NaN,NaN,NaN,0.1458335,shared_delay_plus_weighting,scalar_c_1500,physical_element_centres
3,303,dense,A2_N96,"96 ch, 2 MHz",96,2,80,DS-DMAS,16,7,9,1500.07346570492,24.7518536812046,999.382742731108,17.6333916594886,-0.669665168950064,19.9999997813849,0.998871820668403,0.882741399735745,0.453663871704738,0.858134841541897,0.502222108318364,18.0421380892033,195.294028585539,0.00129261146931554,0.000161942597391369,0.641666666666667,0.641666666666667,0.7,0.714285714285714,0.777777777777778,NaN,NaN,NaN,2.9849442,shared_delay_plus_weighting,scalar_c_1500,physical_element_centres
3,303,dense,A2_N96,"96 ch, 2 MHz",96,2,80,TR,16,7,9,1500.07346570492,24.7518536812046,999.382742731108,17.6333916594886,-0.669665168950064,19.9999997813849,0.821230815325505,0.69234782838429,0.734669614661161,0.688490871168322,1.94326304734701,16.7414422522034,2.57801310801158,0.1402675565358,0.0204119792900028,1,1,1,1,1,NaN,NaN,NaN,43.3963133,actual_TR_wall_time,heterogeneous_recorded_c_rho,equivalent_element_centres
3,303,dense,A3_fc3MHz,"128 ch, 3 MHz",128,3,80,DAS,16,7,9,1500.07346570492,24.7518536812046,999.382742731108,17.6333916594886,-0.669665168950064,20.0000001642267,0.988776883520855,0.731303302216466,0.690384111351463,0.790091743379461,1.24889309054909,20.2906926305287,41.1775240542933,0.00896847438268713,0.000867329145282254,0.9875,0.9875,1,1,1,NaN,NaN,NaN,0.0710217,shared_delay_plus_weighting,scalar_c_1500,physical_element_centres
3,303,dense,A3_fc3MHz,"128 ch, 3 MHz",128,3,80,CF-DAS,16,7,9,1500.07346570492,24.7518536812046,999.382742731108,17.6333916594886,-0.669665168950064,20.0000001642267,0.998864408816475,0.773589139321436,0.634438362392046,0.901111063229856,0.6861206700159,27.9257995290295,353.313219164092,0.00112773805809268,4.52812347080013e-05,0.641666666666667,0.641666666666667,0.733333333333333,0.714285714285714,0.666666666666667,NaN,NaN,NaN,0.0712472,shared_delay_plus_weighting,scalar_c_1500,physical_element_centres
3,303,dense,A3_fc3MHz,"128 ch, 3 MHz",128,3,80,SCF-DAS,16,7,9,1500.07346570492,24.7518536812046,999.382742731108,17.6333916594886,-0.669665168950064,20.0000001642267,0.999874560631833,0.954987262487185,0.29795577663102,0.899755788182659,0.264762286171962,27.4164185709761,701.072438113179,0.000267683098443915,1.13972486193491e-05,0.283333333333333,0.283333333333333,0.266666666666667,0.142857142857143,0.444444444444444,NaN,NaN,NaN,0.0949133,shared_delay_plus_weighting,scalar_c_1500,physical_element_centres
3,303,dense,A3_fc3MHz,"128 ch, 3 MHz",128,3,80,DMAS,16,7,9,1500.07346570492,24.7518536812046,999.382742731108,17.6333916594886,-0.669665168950064,20.0000001642267,0.997939129696484,0.810530714836178,0.584719264106575,0.626523382633889,0.669029462035467,21.4170980456837,166.124117007727,0.00201865169515468,0.000171477241491428,0.8125,0.8125,1,1,0.888888888888889,NaN,NaN,NaN,0.1139802,shared_delay_plus_weighting,scalar_c_1500,physical_element_centres
3,303,dense,A3_fc3MHz,"128 ch, 3 MHz",128,3,80,DS-DMAS,16,7,9,1500.07346570492,24.7518536812046,999.382742731108,17.6333916594886,-0.669665168950064,20.0000001642267,0.99930325409922,0.900241096499065,0.42344766968572,0.893533322140436,0.390527536492291,24.4938060563617,271.667210849294,0.000977056768745118,5.82410900779923e-05,0.529166666666667,0.529166666666667,0.6,0.714285714285714,0.555555555555556,NaN,NaN,NaN,2.1709407,shared_delay_plus_weighting,scalar_c_1500,physical_element_centres
3,303,dense,A3_fc3MHz,"128 ch, 3 MHz",128,3,80,TR,16,7,9,1500.07346570492,24.7518536812046,999.382742731108,17.6333916594886,-0.669665168950064,20.0000001642267,0.849535144868526,0.728566121052509,0.697186659747441,0.728981905503039,1.59472647091914,18.1790068190308,2.76140924752204,0.126860724899617,0.0156450461198349,1,1,1,1,1,NaN,NaN,NaN,22.4931189,actual_TR_wall_time,heterogeneous_recorded_c_rho,equivalent_element_centres
3,303,fluence,A1_reference,"128 ch, 2 MHz",128,2,80,DAS,16,7,9,1500.07346570492,24.7518536812046,999.382742731108,17.6333916594886,-0.669665168950064,20.0000002857968,0.982620181745658,0.711651810555592,0.713157274047578,0.77932043140604,1.68601912623773,17.6362891371857,28.1378717855215,0.0121306201699772,0.00159246005580747,0.995833333333333,0.995833333333333,1,1,1,1,1,NaN,0.1409859,shared_delay_plus_weighting,scalar_c_1500,physical_element_centres
3,303,fluence,A1_reference,"128 ch, 2 MHz",128,2,80,CF-DAS,16,7,9,1500.07346570492,24.7518536812046,999.382742731108,17.6333916594886,-0.669665168950064,20.0000002857968,0.998065516302168,0.767460642325803,0.644530410469428,0.88916398815101,0.840673779954218,21.0606117309842,212.166461564117,0.00168163102449971,0.000148833304555067,0.7625,0.7625,0.8,0.857142857142857,0.888888888888889,0.8,1,NaN,0.1413349,shared_delay_plus_weighting,scalar_c_1500,physical_element_centres
3,303,fluence,A1_reference,"128 ch, 2 MHz",128,2,80,SCF-DAS,16,7,9,1500.07346570492,24.7518536812046,999.382742731108,17.6333916594886,-0.669665168950064,20.0000002857968,0.999845272614665,0.944798505909578,0.334005301054258,0.885269942564422,0.427354557942566,16.2650591138327,693.391603314318,0.000222775514888932,3.42463665220331e-05,0.445833333333333,0.445833333333333,0.466666666666667,0.428571428571429,0.555555555555556,0.6,0.5,NaN,0.1732265,shared_delay_plus_weighting,scalar_c_1500,physical_element_centres
3,303,fluence,A1_reference,"128 ch, 2 MHz",128,2,80,DMAS,16,7,9,1500.07346570492,24.7518536812046,999.382742731108,17.6333916594886,-0.669665168950064,20.0000002857968,0.996699972993888,0.800899465018238,0.590134831223686,0.657399282947231,0.893183446293801,17.1804401400506,108.330928373535,0.00269274164157031,0.000372539802067014,0.8625,0.8625,0.966666666666667,0.857142857142857,0.888888888888889,0.8,1,NaN,0.2040557,shared_delay_plus_weighting,scalar_c_1500,physical_element_centres
3,303,fluence,A1_reference,"128 ch, 2 MHz",128,2,80,DS-DMAS,16,7,9,1500.07346570492,24.7518536812046,999.382742731108,17.6333916594886,-0.669665168950064,20.0000002857968,0.998876665898265,0.866232726238677,0.482606585489889,0.869424550308552,0.579872467049201,17.9091203260062,221.855832299809,0.00113701228603089,0.000144646903562632,0.7125,0.7125,0.733333333333333,0.857142857142857,0.888888888888889,0.8,1,NaN,5.31172,shared_delay_plus_weighting,scalar_c_1500,physical_element_centres
3,303,fluence,A1_reference,"128 ch, 2 MHz",128,2,80,TR,16,7,9,1500.07346570492,24.7518536812046,999.382742731108,17.6333916594886,-0.669665168950064,20.0000002857968,0.788073722369806,0.715410423880303,0.711954421192531,0.748420458099311,1.97357085972429,16.6567388186884,1.89773842823061,0.172394043270056,0.0253329236745108,1,1,1,1,1,1,1,NaN,60.6337252,actual_TR_wall_time,heterogeneous_recorded_c_rho,equivalent_element_centres
3,303,fluence,A2_N96,"96 ch, 2 MHz",96,2,80,DAS,16,7,9,1500.07346570492,24.7518536812046,999.382742731108,17.6333916594886,-0.669665168950064,20.0000002637634,0.982597568522831,0.711248149338229,0.713631531543825,0.77413881522005,1.68678616595298,17.6438856287989,28.1342671271559,0.012144709121506,0.00159291585868483,0.995833333333333,0.995833333333333,1,1,1,1,1,NaN,0.0476589,shared_delay_plus_weighting,scalar_c_1500,physical_element_centres
3,303,fluence,A2_N96,"96 ch, 2 MHz",96,2,80,CF-DAS,16,7,9,1500.07346570492,24.7518536812046,999.382742731108,17.6333916594886,-0.669665168950064,20.0000002637634,0.998061031201063,0.766187657332021,0.646030620518762,0.889045170535075,0.841831804230696,21.1268767286324,212.682869576324,0.00168397027058791,0.000147907631842748,0.766666666666667,0.766666666666667,0.8,0.857142857142857,0.888888888888889,0.8,1,NaN,0.0478128,shared_delay_plus_weighting,scalar_c_1500,physical_element_centres
3,303,fluence,A2_N96,"96 ch, 2 MHz",96,2,80,SCF-DAS,16,7,9,1500.07346570492,24.7518536812046,999.382742731108,17.6333916594886,-0.669665168950064,20.0000002637634,0.999847822675133,0.942246484994428,0.341467308861495,0.88392907496884,0.448762148091273,16.0479855714505,736.666628260883,0.000211781451329048,3.33801774910313e-05,0.533333333333333,0.533333333333333,0.5,0.571428571428571,0.666666666666667,0.6,0.75,NaN,0.0649419,shared_delay_plus_weighting,scalar_c_1500,physical_element_centres
3,303,fluence,A2_N96,"96 ch, 2 MHz",96,2,80,DMAS,16,7,9,1500.07346570492,24.7518536812046,999.382742731108,17.6333916594886,-0.669665168950064,20.0000002637634,0.996822492270133,0.80964667923765,0.584188825603845,0.549577136990513,0.87477165176232,17.1591017364571,108.079758905936,0.00264526819267293,0.000366872047140736,0.845833333333333,0.845833333333333,0.933333333333333,0.857142857142857,0.888888888888889,0.8,1,NaN,0.0801225,shared_delay_plus_weighting,scalar_c_1500,physical_element_centres
3,303,fluence,A2_N96,"96 ch, 2 MHz",96,2,80,DS-DMAS,16,7,9,1500.07346570492,24.7518536812046,999.382742731108,17.6333916594886,-0.669665168950064,20.0000002637634,0.998991135567047,0.878605777802486,0.460381714977779,0.851156504313672,0.537562383841916,18.071690891824,225.661072169135,0.00107650253466914,0.000134409669167393,0.6875,0.6875,0.733333333333333,0.857142857142857,0.888888888888889,0.8,1,NaN,1.2350481,shared_delay_plus_weighting,scalar_c_1500,physical_element_centres
3,303,fluence,A2_N96,"96 ch, 2 MHz",96,2,80,TR,16,7,9,1500.07346570492,24.7518536812046,999.382742731108,17.6333916594886,-0.669665168950064,20.0000002637634,0.823799713396025,0.696603658889809,0.730470940368662,0.695717091540078,2.0868094612446,16.696462750298,2.58360608430715,0.131106367014008,0.0191778821557241,1,1,1,1,1,1,1,NaN,23.0089201,actual_TR_wall_time,heterogeneous_recorded_c_rho,equivalent_element_centres
3,303,fluence,A3_fc3MHz,"128 ch, 3 MHz",128,3,80,DAS,16,7,9,1500.07346570492,24.7518536812046,999.382742731108,17.6333916594886,-0.669665168950064,20.0000001298236,0.989178760962012,0.726909591275096,0.694882088494817,0.787593550108619,1.42365752784862,19.7521665986225,43.3124319410487,0.00803610477115855,0.000826870047438151,0.9875,0.9875,1,1,1,1,1,NaN,0.0702689,shared_delay_plus_weighting,scalar_c_1500,physical_element_centres
3,303,fluence,A3_fc3MHz,"128 ch, 3 MHz",128,3,80,CF-DAS,16,7,9,1500.07346570492,24.7518536812046,999.382742731108,17.6333916594886,-0.669665168950064,20.0000001298236,0.999045186593289,0.773223381415152,0.634141568704543,0.899904346815768,0.756633711546955,27.339098297578,420.856781230376,0.000896091456574712,3.84943882155784e-05,0.704166666666667,0.704166666666667,0.8,0.857142857142857,0.666666666666667,0.8,0.5,NaN,0.0704823,shared_delay_plus_weighting,scalar_c_1500,physical_element_centres
3,303,fluence,A3_fc3MHz,"128 ch, 3 MHz",128,3,80,SCF-DAS,16,7,9,1500.07346570492,24.7518536812046,999.382742731108,17.6333916594886,-0.669665168950064,20.0000001298236,0.999903015145568,0.958820485467036,0.285762683057293,0.898673907561601,0.281943564375268,25.5600109510341,831.250067396907,0.000201979692988933,1.06489591282176e-05,0.283333333333333,0.283333333333333,0.233333333333333,0.142857142857143,0.333333333333333,0.4,0.25,NaN,0.0894308,shared_delay_plus_weighting,scalar_c_1500,physical_element_centres
3,303,fluence,A3_fc3MHz,"128 ch, 3 MHz",128,3,80,DMAS,16,7,9,1500.07346570492,24.7518536812046,999.382742731108,17.6333916594886,-0.669665168950064,20.0000001298236,0.998216302368062,0.826724652726965,0.561715610729238,0.621900764293944,0.707356143905541,20.1819140033355,177.1121488634,0.00167725751424699,0.000164249496173454,0.820833333333333,0.820833333333333,1,1,0.888888888888889,1,0.75,NaN,0.1129018,shared_delay_plus_weighting,scalar_c_1500,physical_element_centres
3,303,fluence,A3_fc3MHz,"128 ch, 3 MHz",128,3,80,DS-DMAS,16,7,9,1500.07346570492,24.7518536812046,999.382742731108,17.6333916594886,-0.669665168950064,20.0000001298236,0.999410348772384,0.90059460964747,0.420979409186411,0.889238707970463,0.421977924508965,23.0550336432942,320.002352032195,0.000768445723978743,5.40581919629306e-05,0.570833333333333,0.570833333333333,0.633333333333333,0.714285714285714,0.666666666666667,0.6,0.75,NaN,2.153827,shared_delay_plus_weighting,scalar_c_1500,physical_element_centres
3,303,fluence,A3_fc3MHz,"128 ch, 3 MHz",128,3,80,TR,16,7,9,1500.07346570492,24.7518536812046,999.382742731108,17.6333916594886,-0.669665168950064,20.0000001298236,0.848899158464307,0.73072185167522,0.694852074691836,0.735773661386066,1.72817387605594,17.8167007108786,2.72399072308557,0.120064235987903,0.0154375588464862,1,1,1,1,1,1,1,NaN,21.5464921,actual_TR_wall_time,heterogeneous_recorded_c_rho,equivalent_element_centres
3,303,sparse,A1_reference,"128 ch, 2 MHz",128,2,80,DAS,7,3,4,1500.07346570492,24.7518536812046,999.382742731108,17.6333916594886,-0.669665168950064,19.9999997521191,0.979869751453557,0.712575553167181,0.706749469304096,0.87206993898342,1.60595588012279,20.5649089606365,24.1906262802224,0.0154584503220447,0.00144850669415578,1,1,1,1,1,NaN,NaN,NaN,0.1343565,shared_delay_plus_weighting,scalar_c_1500,physical_element_centres
3,303,sparse,A1_reference,"128 ch, 2 MHz",128,2,80,CF-DAS,7,3,4,1500.07346570492,24.7518536812046,999.382742731108,17.6333916594886,-0.669665168950064,19.9999997521191,0.997145217517613,0.735067487753151,0.679881301893967,0.939795231857102,0.902816974374908,25.1828119968841,160.74815557601,0.00264253457590884,0.000145505724141588,0.8,0.8,0.933333333333333,1,0.5,NaN,NaN,NaN,0.1347125,shared_delay_plus_weighting,scalar_c_1500,physical_element_centres
3,303,sparse,A1_reference,"128 ch, 2 MHz",128,2,80,SCF-DAS,7,3,4,1500.07346570492,24.7518536812046,999.382742731108,17.6333916594886,-0.669665168950064,19.9999997521191,0.999076884289739,0.94440604280758,0.328219923954296,0.947329913017927,0.293814463990967,37.6424654234399,116.652329231398,0.0019279371346545,2.52912093983229e-05,0.180952380952381,0.180952380952381,0.0666666666666667,0.333333333333333,0,NaN,NaN,NaN,0.1686625,shared_delay_plus_weighting,scalar_c_1500,physical_element_centres
3,303,sparse,A1_reference,"128 ch, 2 MHz",128,2,80,DMAS,7,3,4,1500.07346570492,24.7518536812046,999.382742731108,17.6333916594886,-0.669665168950064,19.9999997521191,0.995099909078311,0.791796208223619,0.60628135846304,0.849710911637625,0.810629218491592,23.3309899852957,75.8166972745926,0.00480166077917462,0.000327221609243232,0.923809523809524,0.923809523809524,1,1,1,NaN,NaN,NaN,0.2018956,shared_delay_plus_weighting,scalar_c_1500,physical_element_centres
3,303,sparse,A1_reference,"128 ch, 2 MHz",128,2,80,DS-DMAS,7,3,4,1500.07346570492,24.7518536812046,999.382742731108,17.6333916594886,-0.669665168950064,19.9999997521191,0.997890275430738,0.897440273885114,0.433811039345192,0.935524266514806,0.443535673584924,27.5154332121987,91.8346473337457,0.00312036281727727,0.000131351015131134,0.514285714285714,0.514285714285714,0.6,0.333333333333333,0.5,NaN,NaN,NaN,5.3840628,shared_delay_plus_weighting,scalar_c_1500,physical_element_centres
3,303,sparse,A1_reference,"128 ch, 2 MHz",128,2,80,TR,7,3,4,1500.07346570492,24.7518536812046,999.382742731108,17.6333916594886,-0.669665168950064,19.9999997521191,0.764677298535873,0.685688830414552,0.734336299566365,0.84044230627418,2.24354975558847,19.4890563463219,1.86915553175659,0.20214208050866,0.0214389698719258,1,1,1,1,1,NaN,NaN,NaN,60.9917816,actual_TR_wall_time,heterogeneous_recorded_c_rho,equivalent_element_centres
3,303,sparse,A2_N96,"96 ch, 2 MHz",96,2,80,DAS,7,3,4,1500.07346570492,24.7518536812046,999.382742731108,17.6333916594886,-0.669665168950064,20.0000002320431,0.979843101090698,0.711868059169246,0.707514118349035,0.868595278377318,1.60767260526372,20.5744314675779,24.2088139342012,0.0154728759357821,0.00144826978419598,1,1,1,1,1,NaN,NaN,NaN,0.1150424,shared_delay_plus_weighting,scalar_c_1500,physical_element_centres
3,303,sparse,A2_N96,"96 ch, 2 MHz",96,2,80,CF-DAS,7,3,4,1500.07346570492,24.7518536812046,999.382742731108,17.6333916594886,-0.669665168950064,20.0000002320431,0.997138525272711,0.734056893654371,0.680961872291331,0.939742693157862,0.90298262780126,25.2389364276661,160.891172601198,0.00264740412830585,0.000144834965549381,0.79047619047619,0.79047619047619,0.933333333333333,1,0.5,NaN,NaN,NaN,0.115479,shared_delay_plus_weighting,scalar_c_1500,physical_element_centres
3,303,sparse,A2_N96,"96 ch, 2 MHz",96,2,80,SCF-DAS,7,3,4,1500.07346570492,24.7518536812046,999.382742731108,17.6333916594886,-0.669665168950064,20.0000002320431,0.999061950256254,0.946326103915839,0.32264469156997,0.947500190435926,0.286669777444422,38.4300938318809,110.916054868024,0.00199561274782098,2.39095596647868e-05,0.219047619047619,0.219047619047619,0.266666666666667,0.333333333333333,0,NaN,NaN,NaN,0.1403328,shared_delay_plus_weighting,scalar_c_1500,physical_element_centres
3,303,sparse,A2_N96,"96 ch, 2 MHz",96,2,80,DMAS,7,3,4,1500.07346570492,24.7518536812046,999.382742731108,17.6333916594886,-0.669665168950064,20.0000002320431,0.995210576451677,0.797659488988222,0.600851097088901,0.796491347723941,0.791653151616664,23.4564011746169,75.6253498763356,0.00477237617294563,0.000320563897707944,0.923809523809524,0.923809523809524,1,1,1,NaN,NaN,NaN,0.1647365,shared_delay_plus_weighting,scalar_c_1500,physical_element_centres
3,303,sparse,A2_N96,"96 ch, 2 MHz",96,2,80,DS-DMAS,7,3,4,1500.07346570492,24.7518536812046,999.382742731108,17.6333916594886,-0.669665168950064,20.0000002320431,0.997964043566029,0.903923091076225,0.420526326347978,0.936765713926845,0.422422483901954,27.9884087862341,89.4349910602469,0.00312518925140459,0.000124582167532486,0.428571428571429,0.428571428571429,0.533333333333333,0.333333333333333,0.5,NaN,NaN,NaN,3.0885254,shared_delay_plus_weighting,scalar_c_1500,physical_element_centres
3,303,sparse,A2_N96,"96 ch, 2 MHz",96,2,80,TR,7,3,4,1500.07346570492,24.7518536812046,999.382742731108,17.6333916594886,-0.669665168950064,20.0000002320431,0.80561559845589,0.667774407378901,0.750590442842065,0.803971098379565,2.38725473548869,19.674686656185,2.53439770354095,0.154009005689786,0.0159886495763265,1,1,1,1,1,NaN,NaN,NaN,60.8322124,actual_TR_wall_time,heterogeneous_recorded_c_rho,equivalent_element_centres
3,303,sparse,A3_fc3MHz,"128 ch, 3 MHz",128,3,80,DAS,7,3,4,1500.07346570492,24.7518536812046,999.382742731108,17.6333916594886,-0.669665168950064,19.999999751303,0.987426865454117,0.743032475313833,0.673314463080394,0.885516539273936,1.19930731584599,22.8133030129463,35.3419857684939,0.0106763829917768,0.000772251915331366,1,1,1,1,1,NaN,NaN,NaN,0.0590807,shared_delay_plus_weighting,scalar_c_1500,physical_element_centres
3,303,sparse,A3_fc3MHz,"128 ch, 3 MHz",128,3,80,CF-DAS,7,3,4,1500.07346570492,24.7518536812046,999.382742731108,17.6333916594886,-0.669665168950064,19.999999751303,0.998483977495569,0.767482415913794,0.641457406874935,0.947368726954916,0.769263223400257,29.3265466889023,270.789571626769,0.00154336902742782,5.27402818114314e-05,0.771428571428571,0.771428571428571,0.866666666666667,0.666666666666667,0.75,NaN,NaN,NaN,0.0592261,shared_delay_plus_weighting,scalar_c_1500,physical_element_centres
3,303,sparse,A3_fc3MHz,"128 ch, 3 MHz",128,3,80,SCF-DAS,7,3,4,1500.07346570492,24.7518536812046,999.382742731108,17.6333916594886,-0.669665168950064,19.999999751303,0.999535327995733,0.96487291914068,0.262260260206423,0.951439742693286,0.22203471023463,40.7914657649691,148.068240985095,0.00121833210996634,1.1122243585687e-05,0.0857142857142857,0.0857142857142857,0,0,0,NaN,NaN,NaN,0.0801052,shared_delay_plus_weighting,scalar_c_1500,physical_element_centres
3,303,sparse,A3_fc3MHz,"128 ch, 3 MHz",128,3,80,DMAS,7,3,4,1500.07346570492,24.7518536812046,999.382742731108,17.6333916594886,-0.669665168950064,19.999999751303,0.997163947150893,0.808366444815886,0.587386697678766,0.835460775205457,0.711506568101125,25.1968981387835,121.863712256754,0.00297871665577974,0.000163751122935835,0.866666666666667,0.866666666666667,0.933333333333333,0.666666666666667,0.75,NaN,NaN,NaN,0.1009683,shared_delay_plus_weighting,scalar_c_1500,physical_element_centres
3,303,sparse,A3_fc3MHz,"128 ch, 3 MHz",128,3,80,DS-DMAS,7,3,4,1500.07346570492,24.7518536812046,999.382742731108,17.6333916594886,-0.669665168950064,19.999999751303,0.998897612750904,0.921756776251696,0.38167326090977,0.947658852921873,0.362072351162002,29.3143462787898,135.972312110564,0.00187818885471414,6.42720193514825e-05,0.561904761904762,0.561904761904762,0.466666666666667,0.666666666666667,0.25,NaN,NaN,NaN,2.1921424,shared_delay_plus_weighting,scalar_c_1500,physical_element_centres
3,303,sparse,A3_fc3MHz,"128 ch, 3 MHz",128,3,80,TR,7,3,4,1500.07346570492,24.7518536812046,999.382742731108,17.6333916594886,-0.669665168950064,19.999999751303,0.832207674186644,0.691869823796679,0.728141645731336,0.816547140725611,1.84455557848846,21.0341821214322,2.78188326524175,0.140330447791364,0.0124578416113345,1,1,1,1,1,NaN,NaN,NaN,22.3957809,actual_TR_wall_time,heterogeneous_recorded_c_rho,equivalent_element_centres
