BaseSeed,OriginalSeedSubset,NoiseSeed,TargetSNR_dB,AchievedSNR_dB,Method,CMean_mps,CStd_mps,CMin_mps,CMax_mps,RhoMean_kgm3,RhoStd_kgm3,Corr_C_Rho,Raw_NRMSE,SI_NRMSE,Correlation,SSIM,CNR,SBR_dB,ScaleFactor,Signal_RMS,Background_RMS,Runtime_s,RuntimeDefinition,ReconstructionPhysicsModel,FiniteApertureTreatment
1,1,300001,5,5,DAS,1500.00000002649,19.9999998973256,1446.99853515625,1558.70043945312,999.999999910593,14.999999950457,0.090634572482917,0.98526318097743,0.695256258802798,0.724221719449129,0.336351954843251,2.13446619044214,17.3849116142174,34.8092663496564,0.0155088120709141,0.00209571852678875,0.0748839,shared_delay_plus_weighting,scalar_straight_ray_c1500,physical_element_centres
1,1,300001,5,5,CF-DAS,1500.00000002649,19.9999998973256,1446.99853515625,1558.70043945312,999.999999910593,14.999999950457,0.090634572482917,0.998850545615455,0.675388512772173,0.736163999371664,0.868641965077165,1.16832516878555,25.651667537872,472.909385505065,0.00142074979849871,7.41197978581842e-05,0.0760168,shared_delay_plus_weighting,scalar_straight_ray_c1500,physical_element_centres
1,1,300001,5,5,SCF-DAS,1500.00000002649,19.9999998973256,1446.99853515625,1558.70043945312,999.999999910593,14.999999950457,0.090634572482917,0.999900237355412,0.939232255469289,0.342106739084643,0.891998510213987,0.368415139060783,29.4323103260523,1180.7901320707,0.00027243909423998,9.1971635916628e-06,0.0999349,shared_delay_plus_weighting,scalar_straight_ray_c1500,physical_element_centres
1,1,300001,5,5,DMAS,1500.00000002649,19.9999998973256,1446.99853515625,1558.70043945312,999.999999910593,14.999999950457,0.090634572482917,0.998163747240412,0.845618259554671,0.533917119847658,0.33502951222854,0.761645328007864,20.2326367761547,154.810114368341,0.00286563304748535,0.000278990065060754,0.1331902,shared_delay_plus_weighting,scalar_straight_ray_c1500,physical_element_centres
1,1,300001,5,5,DS-DMAS,1500.00000002649,19.9999998973256,1446.99853515625,1558.70043945312,999.999999910593,14.999999950457,0.090634572482917,0.999367302606299,0.923465085207963,0.371223661427861,0.869748951501967,0.443740526190821,21.4138888824326,232.246555419221,0.00142285514704976,0.000120911120293485,1.6518719,shared_delay_plus_weighting,scalar_straight_ray_c1500,physical_element_centres
1,1,300001,5,5,TR,1500.00000002649,19.9999998973256,1446.99853515625,1558.70043945312,999.999999910593,14.999999950457,0.090634572482917,0.778131354872823,0.697107234976952,0.726273973922231,0.560647564175916,2.31879935083449,16.9554310544457,1.93129726040302,0.273337208950281,0.0388085308998029,16.1186044,direct_TR_wall_time,heterogeneous_recorded_c_rho,equivalent_element_centres
1,1,300001,10,10,DAS,1500.00000002649,19.9999998973256,1446.99853515625,1558.70043945312,999.999999910593,14.999999950457,0.090634572482917,0.985281680895681,0.68167559411547,0.738031548894644,0.521952239697772,2.15321044584195,17.7942330732533,36.1335189844036,0.0154675776048172,0.00199393340822468,0.0480621,shared_delay_plus_weighting,scalar_straight_ray_c1500,physical_element_centres
1,1,300001,10,10,CF-DAS,1500.00000002649,19.9999998973256,1446.99853515625,1558.70043945312,999.999999910593,14.999999950457,0.090634572482917,0.998842229196773,0.671754023324079,0.739570650098681,0.874650686725386,1.1761877338709,25.7562284410768,473.742194011044,0.00142620119775974,7.35138850342871e-05,0.0481091,shared_delay_plus_weighting,scalar_straight_ray_c1500,physical_element_centres
1,1,300001,10,10,SCF-DAS,1500.00000002649,19.9999998973256,1446.99853515625,1558.70043945312,999.999999910593,14.999999950457,0.090634572482917,0.999885582673303,0.944797133377903,0.326412321864583,0.895847361285671,0.34775630050665,29.7600819646553,937.858651831556,0.000327317984737805,1.06405914934601e-05,0.0675646,shared_delay_plus_weighting,scalar_straight_ray_c1500,physical_element_centres
1,1,300001,10,10,DMAS,1500.00000002649,19.9999998973256,1446.99853515625,1558.70043945312,999.999999910593,14.999999950457,0.090634572482917,0.998182430686034,0.854249256300592,0.519421476957051,0.365234820227149,0.729499168482774,20.215233920793,148.325666295957,0.00291017857875478,0.000283895130646425,0.094652,shared_delay_plus_weighting,scalar_straight_ray_c1500,physical_element_centres
1,1,300001,10,10,DS-DMAS,1500.00000002649,19.9999998973256,1446.99853515625,1558.70043945312,999.999999910593,14.999999950457,0.090634572482917,0.999329525676228,0.928594821633453,0.357442029752855,0.871689930409332,0.428527621616395,20.9580298823296,204.962035002927,0.00154211855818157,0.000138107183797025,1.5891601,shared_delay_plus_weighting,scalar_straight_ray_c1500,physical_element_centres
1,1,300001,10,10,TR,1500.00000002649,19.9999998973256,1446.99853515625,1558.70043945312,999.999999910593,14.999999950457,0.090634572482917,0.777760612798856,0.695060739745241,0.728381237594997,0.617353877492916,2.32440134032721,17.0111829953174,1.94337669782706,0.273069791335905,0.0385225039792866,23.8021335,direct_TR_wall_time,heterogeneous_recorded_c_rho,equivalent_element_centres
1,1,300001,15,15,DAS,1500.00000002649,19.9999998973256,1446.99853515625,1558.70043945312,999.999999910593,14.999999950457,0.090634572482917,0.98529402917043,0.677252532817991,0.742631081847703,0.643864322673422,2.15910517098476,17.9276292397069,36.5758905987863,0.0154475414625217,0.00196100141745858,0.1662566,shared_delay_plus_weighting,scalar_straight_ray_c1500,physical_element_centres
1,1,300001,15,15,CF-DAS,1500.00000002649,19.9999998973256,1446.99853515625,1558.70043945312,999.999999910593,14.999999950457,0.090634572482917,0.998840463131133,0.670840959927442,0.740441621057962,0.875603604818786,1.17777889742288,25.7726319467001,474.078127487814,0.00142718364672423,7.34257283792353e-05,0.1677381,shared_delay_plus_weighting,scalar_straight_ray_c1500,physical_element_centres
1,1,300001,15,15,SCF-DAS,1500.00000002649,19.9999998973256,1446.99853515625,1558.70043945312,999.999999910593,14.999999950457,0.090634572482917,0.999882515071204,0.94706853481972,0.319940312957154,0.894883459742845,0.341846448006671,28.689636643718,876.780280257254,0.000341117616392767,1.25436034569895e-05,0.1853003,shared_delay_plus_weighting,scalar_straight_ray_c1500,physical_element_centres
1,1,300001,15,15,DMAS,1500.00000002649,19.9999998973256,1446.99853515625,1558.70043945312,999.999999910593,14.999999950457,0.090634572482917,0.998201432764741,0.85920616813482,0.510767197317204,0.3792583537059,0.714353860358991,20.0926767446965,145.16998669528,0.00291616452429707,0.000288521502498691,0.2069897,shared_delay_plus_weighting,scalar_straight_ray_c1500,physical_element_centres
1,1,300001,15,15,DS-DMAS,1500.00000002649,19.9999998973256,1446.99853515625,1558.70043945312,999.999999910593,14.999999950457,0.090634572482917,0.999319703731598,0.93073565973462,0.351187916451604,0.868582478422862,0.423753954569275,20.5905728621529,196.143392707473,0.00157315156380642,0.000146974476922565,2.1880454,shared_delay_plus_weighting,scalar_straight_ray_c1500,physical_element_centres
1,1,300001,15,15,TR,1500.00000002649,19.9999998973256,1446.99853515625,1558.70043945312,999.999999910593,14.999999950457,0.090634572482917,0.777659350513974,0.694351055853028,0.729130571637452,0.640425283757208,2.32665751676298,17.0300368291458,1.94785981554435,0.27292908807199,0.0384191703926386,26.936941,direct_TR_wall_time,heterogeneous_recorded_c_rho,equivalent_element_centres
1,1,300001,20,20,DAS,1500.00000002649,19.9999998973256,1446.99853515625,1558.70043945312,999.999999910593,14.999999950457,0.090634572482917,0.985301588148618,0.675913590502485,0.744138355579251,0.697283667485443,2.16089762287874,17.9677272259396,36.7190257731033,0.0154372754449612,0.00195067218793027,0.0881864,shared_delay_plus_weighting,scalar_straight_ray_c1500,physical_element_centres
1,1,300001,20,20,CF-DAS,1500.00000002649,19.9999998973256,1446.99853515625,1558.70043945312,999.999999910593,14.999999950457,0.090634572482917,0.998840423871414,0.670693250501462,0.740598280279731,0.875823346859289,1.17775122109496,25.7688357328547,474.233055985931,0.00142705368355655,7.34511372280841e-05,0.0885469,shared_delay_plus_weighting,scalar_straight_ray_c1500,physical_element_centres
1,1,300001,20,20,SCF-DAS,1500.00000002649,19.9999998973256,1446.99853515625,1558.70043945312,999.999999910593,14.999999950457,0.090634572482917,0.999881823068029,0.947182891123118,0.319684683147039,0.894415999314869,0.342114879046418,28.3889874173039,869.810409562203,0.000342669674854857,1.3044465894481e-05,0.1152275,shared_delay_plus_weighting,scalar_straight_ray_c1500,physical_element_centres
1,1,300001,20,20,DMAS,1500.00000002649,19.9999998973256,1446.99853515625,1558.70043945312,999.999999910593,14.999999950457,0.090634572482917,0.998208677023841,0.860810290589534,0.507712850615269,0.389220902424513,0.708999542103219,20.0513103421815,144.216904961793,0.00291645420941046,0.000289927656378628,0.1376209,shared_delay_plus_weighting,scalar_straight_ray_c1500,physical_element_centres
1,1,300001,20,20,DS-DMAS,1500.00000002649,19.9999998973256,1446.99853515625,1558.70043945312,999.999999910593,14.999999950457,0.090634572482917,0.999316714848355,0.931439172114656,0.349092817394421,0.866695205152007,0.42211139436812,20.4807924830948,193.365531493558,0.00158311804488289,0.000149786845615607,2.355202,shared_delay_plus_weighting,scalar_straight_ray_c1500,physical_element_centres
1,1,300001,20,20,TR,1500.00000002649,19.9999998973256,1446.99853515625,1558.70043945312,999.999999910593,14.999999950457,0.090634572482917,0.777636323496848,0.694094465039771,0.729412253701233,0.648869296064236,2.32763979436817,17.0366045830277,1.94963659681542,0.272853047211237,0.0383794351912902,26.3316184,direct_TR_wall_time,heterogeneous_recorded_c_rho,equivalent_element_centres
1,1,300001,30,30,DAS,1500.00000002649,19.9999998973256,1446.99853515625,1558.70043945312,999.999999910593,14.999999950457,0.090634572482917,0.985308594596611,0.675447611218445,0.744804473156089,0.722488376860663,2.16155679314358,17.9812764813514,36.7798386538353,0.0154288522305218,0.00194656896768863,0.0621764,shared_delay_plus_weighting,scalar_straight_ray_c1500,physical_element_centres
1,1,300001,30,30,CF-DAS,1500.00000002649,19.9999998973256,1446.99853515625,1558.70043945312,999.999999910593,14.999999950457,0.090634572482917,0.998840961540268,0.67078296621085,0.740537098326083,0.875883569891441,1.17717771880296,25.7577689802992,474.349255976952,0.00142652940561332,7.35177622373762e-05,0.0622262,shared_delay_plus_weighting,scalar_straight_ray_c1500,physical_element_centres
1,1,300001,30,30,SCF-DAS,1500.00000002649,19.9999998973256,1446.99853515625,1558.70043945312,999.999999910593,14.999999950457,0.090634572482917,0.999881026057521,0.947192585316896,0.31941122396336,0.895837574788596,0.341968399454925,28.2044053524713,863.826144942975,0.000344191581341382,1.33838165746755e-05,0.098357,shared_delay_plus_weighting,scalar_straight_ray_c1500,physical_element_centres
1,1,300001,30,30,DMAS,1500.00000002649,19.9999998973256,1446.99853515625,1558.70043945312,999.999999910593,14.999999950457,0.090634572482917,0.998203798725389,0.859709101051376,0.5085028658552,0.418946096593031,0.708957418658297,20.1121571716132,144.879964027841,0.00291869587685136,0.000288125028716054,0.1027228,shared_delay_plus_weighting,scalar_straight_ray_c1500,physical_element_centres
1,1,300001,30,30,DS-DMAS,1500.00000002649,19.9999998973256,1446.99853515625,1558.70043945312,999.999999910593,14.999999950457,0.090634572482917,0.999313217507325,0.93142794565501,0.349585325996634,0.868833273251726,0.422906376020376,20.4729008205673,192.409085240448,0.00159066432838654,0.000150637639219919,1.6593241,shared_delay_plus_weighting,scalar_straight_ray_c1500,physical_element_centres
1,1,300001,30,30,TR,1500.00000002649,19.9999998973256,1446.99853515625,1558.70043945312,999.999999910593,14.999999950457,0.090634572482917,0.777636237581782,0.693954384604173,0.729576280772636,0.652984833602563,2.32833178186493,17.0399586996654,1.95075211317894,0.27278807319438,0.0383554818678675,26.8741017,direct_TR_wall_time,heterogeneous_recorded_c_rho,equivalent_element_centres
2,1,300002,5,5,DAS,1500.00000001987,19.9999999458186,1462.43640136719,1560.54321289062,1000.00000001159,14.9999998774004,-0.0268478484439123,0.98427621831699,0.690570090611994,0.729614078592373,0.351566042180528,2.16898961317297,17.4617016937467,33.0248445436483,0.0164969212801193,0.00220962114558312,0.0728379,shared_delay_plus_weighting,scalar_straight_ray_c1500,physical_element_centres
2,1,300002,5,5,CF-DAS,1500.00000001987,19.9999999458186,1462.43640136719,1560.54321289062,1000.00000001159,14.9999998774004,-0.0268478484439123,0.998611306973679,0.724054351822156,0.687874928311327,0.872735717911495,0.976943887249677,27.3377634936129,342.322231077023,0.00186694183863194,8.02126037031878e-05,0.0728722,shared_delay_plus_weighting,scalar_straight_ray_c1500,physical_element_centres
2,1,300002,5,5,SCF-DAS,1500.00000001987,19.9999999458186,1462.43640136719,1560.54321289062,1000.00000001159,14.9999998774004,-0.0268478484439123,0.999759586391741,0.946691361598703,0.319930029054755,0.905560379742428,0.336093683219962,35.0644916370593,431.205189636055,0.000714006185048905,1.26031002839512e-05,0.0907969,shared_delay_plus_weighting,scalar_straight_ray_c1500,physical_element_centres
2,1,300002,5,5,DMAS,1500.00000001987,19.9999999458186,1462.43640136719,1560.54321289062,1000.00000001159,14.9999998774004,-0.0268478484439123,0.997491725336326,0.859597190817857,0.506958860554354,0.486215053115963,0.660338321338598,22.175583069428,103.720823797721,0.00430158552517074,0.000334849310189639,0.1145049,shared_delay_plus_weighting,scalar_straight_ray_c1500,physical_element_centres
2,1,300002,5,5,DS-DMAS,1500.00000001987,19.9999999458186,1462.43640136719,1560.54321289062,1000.00000001159,14.9999998774004,-0.0268478484439123,0.998962085470122,0.922177044812335,0.375711512845399,0.884623712747185,0.426437964609143,24.7478284256927,143.698151728728,0.00245161902204131,0.000141925868683838,2.2386874,shared_delay_plus_weighting,scalar_straight_ray_c1500,physical_element_centres
2,1,300002,5,5,TR,1500.00000001987,19.9999999458186,1462.43640136719,1560.54321289062,1000.00000001159,14.9999998774004,-0.0268478484439123,0.777452671568263,0.697427365921318,0.726560374756761,0.558427164797401,2.32386395573294,16.9329186483494,1.9207936188584,0.274400414766107,0.0390605928927959,29.31788,direct_TR_wall_time,heterogeneous_recorded_c_rho,equivalent_element_centres
2,1,300002,10,10,DAS,1500.00000001987,19.9999999458186,1462.43640136719,1560.54321289062,1000.00000001159,14.9999998774004,-0.0268478484439123,0.984230580312542,0.6764326503385,0.743420815856818,0.538017299100793,2.1906426860704,17.8827341687215,34.1640989713176,0.0165213510056068,0.002108185634704,0.0654507,shared_delay_plus_weighting,scalar_straight_ray_c1500,physical_element_centres
2,1,300002,10,10,CF-DAS,1500.00000001987,19.9999999458186,1462.43640136719,1560.54321289062,1000.00000001159,14.9999998774004,-0.0268478484439123,0.998585556639454,0.721467300346589,0.690548918905263,0.876738552962093,0.980526275978815,27.6235165342447,338.731138251841,0.00189752238758986,7.88880247110752e-05,0.0659598,shared_delay_plus_weighting,scalar_straight_ray_c1500,physical_element_centres
2,1,300002,10,10,SCF-DAS,1500.00000001987,19.9999999458186,1462.43640136719,1560.54321289062,1000.00000001159,14.9999998774004,-0.0268478484439123,0.999725642433766,0.946582206964439,0.320237635435086,0.905645612486085,0.336236504315213,34.9175326614581,378.553552473854,0.000813510465709726,1.46044938906193e-05,0.0846397,shared_delay_plus_weighting,scalar_straight_ray_c1500,physical_element_centres
2,1,300002,10,10,DMAS,1500.00000001987,19.9999999458186,1462.43640136719,1560.54321289062,1000.00000001159,14.9999998774004,-0.0268478484439123,0.997458278779935,0.864762525148026,0.497691468458982,0.512243997824521,0.641846791262431,22.2767996424858,98.8422144312909,0.00444161443628572,0.00034174398070322,0.1023549,shared_delay_plus_weighting,scalar_straight_ray_c1500,physical_element_centres
2,1,300002,10,10,DS-DMAS,1500.00000001987,19.9999999458186,1462.43640136719,1560.54321289062,1000.00000001159,14.9999998774004,-0.0268478484439123,0.998883543374034,0.922692925548966,0.373610343523413,0.883393612561954,0.425116340749934,24.4386606384697,132.705957696052,0.00263498863951819,0.000158068639458357,2.2166937,shared_delay_plus_weighting,scalar_straight_ray_c1500,physical_element_centres
2,1,300002,10,10,TR,1500.00000001987,19.9999999458186,1462.43640136719,1560.54321289062,1000.00000001159,14.9999998774004,-0.0268478484439123,0.77676776063361,0.694940440814238,0.728882040714028,0.618524768418779,2.33000656781701,16.9999044665014,1.93275374572043,0.274454832329451,0.0387682018943455,28.6938514,direct_TR_wall_time,heterogeneous_recorded_c_rho,equivalent_element_centres
2,1,300002,15,15,DAS,1500.00000001987,19.9999999458186,1462.43640136719,1560.54321289062,1000.00000001159,14.9999998774004,-0.0268478484439123,0.984206909895159,0.671461760250541,0.748251710388587,0.657559162121914,2.19848645688548,18.0303119840265,34.5402567542115,0.0165380370298094,0.00207476236150647,0.0818906,shared_delay_plus_weighting,scalar_straight_ray_c1500,physical_element_centres
2,1,300002,15,15,CF-DAS,1500.00000001987,19.9999999458186,1462.43640136719,1560.54321289062,1000.00000001159,14.9999998774004,-0.0268478484439123,0.998574805239656,0.720639759314858,0.691395233228005,0.87733159497864,0.981291984129542,27.7484977064868,337.01180278162,0.00191101726763487,7.83140575617855e-05,0.0819752,shared_delay_plus_weighting,scalar_straight_ray_c1500,physical_element_centres
2,1,300002,15,15,SCF-DAS,1500.00000001987,19.9999999458186,1462.43640136719,1560.54321289062,1000.00000001159,14.9999998774004,-0.0268478484439123,0.999710116614408,0.943462147044738,0.329238820817244,0.904597057868598,0.346764673938615,34.4463707201542,378.600421988369,0.000835194501896091,1.58295690154777e-05,0.11077,shared_delay_plus_weighting,scalar_straight_ray_c1500,physical_element_centres
2,1,300002,15,15,DMAS,1500.00000001987,19.9999999458186,1462.43640136719,1560.54321289062,1000.00000001159,14.9999998774004,-0.0268478484439123,0.997446250028158,0.867061262670747,0.493432618149526,0.522862067333158,0.633865102818184,22.2995262647804,96.8139392867491,0.00449897105345307,0.000345252542647555,0.1348677,shared_delay_plus_weighting,scalar_straight_ray_c1500,physical_element_centres
2,1,300002,15,15,DS-DMAS,1500.00000001987,19.9999999458186,1462.43640136719,1560.54321289062,1000.00000001159,14.9999998774004,-0.0268478484439123,0.99884900532097,0.922083421610165,0.374612547650936,0.880870287975813,0.426884733878404,24.3358322882919,129.688415568936,0.00270223330088219,0.000164032999809983,2.3751771,shared_delay_plus_weighting,scalar_straight_ray_c1500,physical_element_centres
2,1,300002,15,15,TR,1500.00000001987,19.9999999458186,1462.43640136719,1560.54321289062,1000.00000001159,14.9999998774004,-0.0268478484439123,0.776493641937779,0.69399337761458,0.729739280445351,0.643330074558582,2.33252778866905,17.0248269540943,1.93711297461409,0.274495619522295,0.0386628683402271,28.0335373,direct_TR_wall_time,heterogeneous_recorded_c_rho,equivalent_element_centres
2,1,300002,20,20,DAS,1500.00000001987,19.9999999458186,1462.43640136719,1560.54321289062,1000.00000001159,14.9999998774004,-0.0268478484439123,0.984194229570836,0.66972433129963,0.749980153106326,0.709739325444382,2.20148661835067,18.0813107895136,34.6609917913984,0.0165483495396856,0.00206390235291293,0.0674709,shared_delay_plus_weighting,scalar_straight_ray_c1500,physical_element_centres
2,1,300002,20,20,CF-DAS,1500.00000001987,19.9999999458186,1462.43640136719,1560.54321289062,1000.00000001159,14.9999998774004,-0.0268478484439123,0.998570012845878,0.720372901457687,0.691665321923598,0.877432364663227,0.981319634343653,27.8075673594253,336.150591123049,0.00191735935418484,7.80414174180378e-05,0.0675733,shared_delay_plus_weighting,scalar_straight_ray_c1500,physical_element_centres
2,1,300002,20,20,SCF-DAS,1500.00000001987,19.9999999458186,1462.43640136719,1560.54321289062,1000.00000001159,14.9999998774004,-0.0268478484439123,0.999703915817515,0.942286077874825,0.332585762080424,0.904010082614685,0.350749499180452,34.3235552728733,378.153624869239,0.000844516804473916,1.62341865448212e-05,0.0867798,shared_delay_plus_weighting,scalar_straight_ray_c1500,physical_element_centres
2,1,300002,20,20,DMAS,1500.00000001987,19.9999999458186,1462.43640136719,1560.54321289062,1000.00000001159,14.9999998774004,-0.0268478484439123,0.99743782393424,0.867381997270745,0.492611016851865,0.531331209666112,0.632037383807334,22.3232995573369,96.2768970677735,0.00452061420377244,0.000345965240845156,0.1099595,shared_delay_plus_weighting,scalar_straight_ray_c1500,physical_element_centres
2,1,300002,20,20,DS-DMAS,1500.00000001987,19.9999999458186,1462.43640136719,1560.54321289062,1000.00000001159,14.9999998774004,-0.0268478484439123,0.998835512627607,0.921584091569285,0.375666327622063,0.879341926416835,0.428250951402936,24.327865671555,128.971804420716,0.00272517296692289,0.000165577297009194,2.2394885,shared_delay_plus_weighting,scalar_straight_ray_c1500,physical_element_centres
2,1,300002,20,20,TR,1500.00000001987,19.9999999458186,1462.43640136719,1560.54321289062,1000.00000001159,14.9999998774004,-0.0268478484439123,0.77637465107479,0.693606746853878,0.730077872066778,0.652227294582811,2.33364721212753,17.0347253717115,1.93880394959899,0.274521776993695,0.0386225134291088,27.7074849,direct_TR_wall_time,heterogeneous_recorded_c_rho,equivalent_element_centres
2,1,300002,30,30,DAS,1500.00000001987,19.9999999458186,1462.43640136719,1560.54321289062,1000.00000001159,14.9999998774004,-0.0268478484439123,0.984183463614378,0.668851606571022,0.75089935802823,0.734649700697667,2.20327665074544,18.1062643421734,34.7117037536934,0.0165579605913916,0.00205917675714742,0.0904381,shared_delay_plus_weighting,scalar_straight_ray_c1500,physical_element_centres
2,1,300002,30,30,CF-DAS,1500.00000001987,19.9999999458186,1462.43640136719,1560.54321289062,1000.00000001159,14.9999998774004,-0.0268478484439123,0.998566565338095,0.720256107038945,0.691781014625533,0.877419594226803,0.981104635021407,27.8526525212294,335.458964359695,0.00192217041352612,7.78321920758689e-05,0.0905006,shared_delay_plus_weighting,scalar_straight_ray_c1500,physical_element_centres
2,1,300002,30,30,SCF-DAS,1500.00000001987,19.9999999458186,1462.43640136719,1560.54321289062,1000.00000001159,14.9999998774004,-0.0268478484439123,0.999699172058993,0.942993604506125,0.330523996096559,0.904806159300901,0.348369127548489,34.2176743397185,367.748772115171,0.000863060518952803,1.67941308681114e-05,0.1354458,shared_delay_plus_weighting,scalar_straight_ray_c1500,physical_element_centres
2,1,300002,30,30,DMAS,1500.00000001987,19.9999999458186,1462.43640136719,1560.54321289062,1000.00000001159,14.9999998774004,-0.0268478484439123,0.997423532163416,0.866346190095047,0.493592499639631,0.560575437720062,0.632723292002205,22.3975699370506,96.4386532207361,0.00453499626253019,0.000344110905661432,0.1531497,shared_delay_plus_weighting,scalar_straight_ray_c1500,physical_element_centres
2,1,300002,30,30,DS-DMAS,1500.00000001987,19.9999999458186,1462.43640136719,1560.54321289062,1000.00000001159,14.9999998774004,-0.0268478484439123,0.998826788941751,0.921349046332666,0.37659515179645,0.880566997280229,0.429502481369109,24.3386876127898,128.379060282566,0.00274181196944675,0.000166380830349114,2.3119365,shared_delay_plus_weighting,scalar_straight_ray_c1500,physical_element_centres
2,1,300002,30,30,TR,1500.00000001987,19.9999999458186,1462.43640136719,1560.54321289062,1000.00000001159,14.9999998774004,-0.0268478484439123,0.776291006923834,0.693354557093598,0.730289711686052,0.656304052756368,2.33445293767144,17.04095547279,1.93983497166197,0.274546672840006,0.0385983208008679,27.8383877,direct_TR_wall_time,heterogeneous_recorded_c_rho,equivalent_element_centres
3,1,300003,5,5,DAS,1499.99999995364,19.9999999701275,1450.02282714844,1558.3974609375,999.999999951985,14.9999999924627,-0.266719202909016,0.981716158034082,0.701709209833597,0.721106827489849,0.43235862690746,2.11105826511317,17.1993628795205,27.509334203041,0.019285142677052,0.00266228602393069,0.0523089,shared_delay_plus_weighting,scalar_straight_ray_c1500,physical_element_centres
3,1,300003,5,5,CF-DAS,1499.99999995364,19.9999999701275,1450.02282714844,1558.3974609375,999.999999951985,14.9999999924627,-0.266719202909016,0.997966753650984,0.678550874422636,0.734036285815381,0.868632599862244,1.16976477292457,25.325520609058,265.142127728585,0.00252002872941861,0.000136498997416689,0.0524184,shared_delay_plus_weighting,scalar_straight_ray_c1500,physical_element_centres
3,1,300003,5,5,SCF-DAS,1499.99999995364,19.9999999701275,1450.02282714844,1558.3974609375,999.999999951985,14.9999999924627,-0.266719202909016,0.999709872852653,0.942721418180788,0.331577458903967,0.901459092468621,0.34857264130632,32.994413998254,383.098307251564,0.000828115610051367,1.85511258339706e-05,0.0842528,shared_delay_plus_weighting,scalar_straight_ray_c1500,physical_element_centres
3,1,300003,5,5,DMAS,1499.99999995364,19.9999999701275,1450.02282714844,1558.3974609375,999.999999951985,14.9999999924627,-0.266719202909016,0.996745825289491,0.820305629406921,0.563753099324037,0.505345951241183,0.799359792716584,21.3783237889252,100.177937504808,0.0048840901735726,0.000416742203933695,0.1362591,shared_delay_plus_weighting,scalar_straight_ray_c1500,physical_element_centres
3,1,300003,5,5,DS-DMAS,1499.99999995364,19.9999999701275,1450.02282714844,1558.3974609375,999.999999951985,14.9999999924627,-0.266719202909016,0.998854722785438,0.916057519558832,0.389221357092047,0.878725445085526,0.444026513653478,24.6132321120664,140.015083809245,0.00259912384845751,0.000152814782822355,2.2705909,shared_delay_plus_weighting,scalar_straight_ray_c1500,physical_element_centres
3,1,300003,5,5,TR,1499.99999995364,19.9999999701275,1450.02282714844,1558.3974609375,999.999999951985,14.9999999924627,-0.266719202909016,0.781141468089021,0.699931752921084,0.723544155964163,0.565576516224723,2.29284305592072,16.912957386043,1.94396096146677,0.269888172953578,0.0385066718536999,27.833458,direct_TR_wall_time,heterogeneous_recorded_c_rho,equivalent_element_centres
3,1,300003,10,10,DAS,1499.99999995364,19.9999999701275,1450.02282714844,1558.3974609375,999.999999951985,14.9999999924627,-0.266719202909016,0.981671321725734,0.692560559974992,0.729705385946026,0.597652799898987,2.12427328720394,17.4708679969341,28.1440171869759,0.0193077250622472,0.00258337650856252,0.0661983,shared_delay_plus_weighting,scalar_straight_ray_c1500,physical_element_centres
3,1,300003,10,10,CF-DAS,1499.99999995364,19.9999999701275,1450.02282714844,1558.3974609375,999.999999951985,14.9999999924627,-0.266719202909016,0.997936425516614,0.6741686400741,0.738018919697604,0.871863891714471,1.18210214161253,25.4140124380815,264.117589510632,0.00254515679159998,0.000136462687434892,0.0663428,shared_delay_plus_weighting,scalar_straight_ray_c1500,physical_element_centres
3,1,300003,10,10,SCF-DAS,1499.99999995364,19.9999999701275,1450.02282714844,1558.3974609375,999.999999951985,14.9999999924627,-0.266719202909016,0.999669201336169,0.940856020390947,0.336738649783061,0.90094396409872,0.355321140011119,32.6488998442528,346.565184347375,0.000927819536312712,2.16281075555271e-05,0.0833323,shared_delay_plus_weighting,scalar_straight_ray_c1500,physical_element_centres
3,1,300003,10,10,DMAS,1499.99999995364,19.9999999701275,1450.02282714844,1558.3974609375,999.999999951985,14.9999999924627,-0.266719202909016,0.996713680626072,0.826784858052033,0.553933256301183,0.531113666745865,0.777463805058572,21.3676615522378,95.9419308589259,0.00501138466757118,0.000428129015622543,0.1022241,shared_delay_plus_weighting,scalar_straight_ray_c1500,physical_element_centres
3,1,300003,10,10,DS-DMAS,1499.99999995364,19.9999999701275,1450.02282714844,1558.3974609375,999.999999951985,14.9999999924627,-0.266719202909016,0.998775188189847,0.917571658222205,0.384899970820644,0.877590063211447,0.440744202655122,24.2046772098415,128.627363449976,0.00278864121043,0.000171853657922546,2.2840016,shared_delay_plus_weighting,scalar_straight_ray_c1500,physical_element_centres
3,1,300003,10,10,TR,1499.99999995364,19.9999999701275,1450.02282714844,1558.3974609375,999.999999951985,14.9999999924627,-0.266719202909016,0.780499989324839,0.698067394923466,0.725510666343173,0.623958015026699,2.30010740616058,16.9637899858818,1.95148862559358,0.270151949589383,0.0383193917416905,28.2057099,direct_TR_wall_time,heterogeneous_recorded_c_rho,equivalent_element_centres
3,1,300003,15,15,DAS,1499.99999995364,19.9999999701275,1450.02282714844,1558.3974609375,999.999999951985,14.9999999924627,-0.266719202909016,0.981648060934831,0.689439218019263,0.732497307756144,0.685418426274721,2.12870272790622,17.5625809906217,28.3453318461233,0.0193231251012139,0.00255828141617981,0.0637073,shared_delay_plus_weighting,scalar_straight_ray_c1500,physical_element_centres
3,1,300003,15,15,CF-DAS,1499.99999995364,19.9999999701275,1450.02282714844,1558.3974609375,999.999999951985,14.9999999924627,-0.266719202909016,0.99792472437497,0.672396299589022,0.739611676506413,0.872703163157096,1.18714011737509,25.4476229684199,263.778312687873,0.00255451891386156,0.000136435684520867,0.0638584,shared_delay_plus_weighting,scalar_straight_ray_c1500,physical_element_centres
3,1,300003,15,15,SCF-DAS,1499.99999995364,19.9999999701275,1450.02282714844,1558.3974609375,999.999999951985,14.9999999924627,-0.266719202909016,0.999648593398309,0.941875810321843,0.333931608537943,0.900612131937356,0.352104841219095,32.5288523149516,320.750420950234,0.000992863025350155,2.34664136542635e-05,0.0850838,shared_delay_plus_weighting,scalar_straight_ray_c1500,physical_element_centres
3,1,300003,15,15,DMAS,1499.99999995364,19.9999999701275,1450.02282714844,1558.3974609375,999.999999951985,14.9999999924627,-0.266719202909016,0.996709158845944,0.830282884242012,0.548494022276894,0.541310777478585,0.767105832910697,21.3051776083761,94.0452796770942,0.00505663936558535,0.00043511404380734,0.1039962,shared_delay_plus_weighting,scalar_straight_ray_c1500,physical_element_centres
3,1,300003,15,15,DS-DMAS,1499.99999995364,19.9999999701275,1450.02282714844,1558.3974609375,999.999999951985,14.9999999924627,-0.266719202909016,0.998745041070835,0.919060117451888,0.380971570231284,0.875647005928174,0.436475125535602,24.0335371758245,123.34745798512,0.00287482601633943,0.000180690245371939,2.3831525,shared_delay_plus_weighting,scalar_straight_ray_c1500,physical_element_centres
3,1,300003,15,15,TR,1499.99999995364,19.9999999701275,1450.02282714844,1558.3974609375,999.999999951985,14.9999999924627,-0.266719202909016,0.780244764920149,0.697464000328768,0.72617392727202,0.647174064504865,2.30326745839335,16.9797571215465,1.95334151438252,0.270310891502171,0.0382715180334626,28.9008664,direct_TR_wall_time,heterogeneous_recorded_c_rho,equivalent_element_centres
3,1,300003,20,20,DAS,1499.99999995364,19.9999999701275,1450.02282714844,1558.3974609375,999.999999951985,14.9999999924627,-0.266719202909016,0.981635597924352,0.688373197002116,0.733395123199574,0.71986419259323,2.13022600357555,17.5933152703937,28.4066717026222,0.0193326371295906,0.00255050004696218,0.0576772,shared_delay_plus_weighting,scalar_straight_ray_c1500,physical_element_centres
3,1,300003,20,20,CF-DAS,1499.99999995364,19.9999999701275,1450.02282714844,1558.3974609375,999.999999951985,14.9999999924627,-0.266719202909016,0.997919926578432,0.671629314261924,0.740295885763068,0.873011714328119,1.18932762259955,25.4615125230651,263.665470149743,0.00255821555516637,0.00013641480582504,0.0577706,shared_delay_plus_weighting,scalar_straight_ray_c1500,physical_element_centres
3,1,300003,20,20,SCF-DAS,1499.99999995364,19.9999999701275,1450.02282714844,1558.3974609375,999.999999951985,14.9999999924627,-0.266719202909016,0.9996445363477,0.941288483508221,0.335582890216834,0.90020905265392,0.354467583543164,32.2807966342459,320.196568747805,0.000998643132818205,2.42868107235044e-05,0.0768234,shared_delay_plus_weighting,scalar_straight_ray_c1500,physical_element_centres
3,1,300003,20,20,DMAS,1499.99999995364,19.9999999701275,1450.02282714844,1558.3974609375,999.999999951985,14.9999999924627,-0.266719202909016,0.996704437680673,0.831123781900456,0.547057819086371,0.548989627988449,0.764463705564648,21.2817983482101,93.485413859059,0.00507226757597086,0.000437635192199385,0.0961755,shared_delay_plus_weighting,scalar_straight_ray_c1500,physical_element_centres
3,1,300003,20,20,DS-DMAS,1499.99999995364,19.9999999701275,1450.02282714844,1558.3974609375,999.999999951985,14.9999999924627,-0.266719202909016,0.998733890090113,0.919334268341587,0.380129485915228,0.874542967043003,0.436181021736342,23.9025795908511,121.859021249013,0.00289966961346766,0.000185020366941247,2.2432365,shared_delay_plus_weighting,scalar_straight_ray_c1500,physical_element_centres
3,1,300003,20,20,TR,1499.99999995364,19.9999999701275,1450.02282714844,1558.3974609375,999.999999951985,14.9999999924627,-0.266719202909016,0.780134649163661,0.697267033870943,0.726406218549675,0.6553879573769,2.30474951615972,16.9847024401849,1.95362648243391,0.270403613079451,0.0382628546721667,27.2415486,direct_TR_wall_time,heterogeneous_recorded_c_rho,equivalent_element_centres
3,1,300003,30,30,DAS,1499.99999995364,19.9999999701275,1450.02282714844,1558.3974609375,999.999999951985,14.9999999924627,-0.266719202909016,0.981625015153896,0.68785617054935,0.733779841247587,0.735515432295588,2.1309862847683,17.6076147826499,28.4292625504752,0.0193414993139044,0.00254747187271542,0.0545461,shared_delay_plus_weighting,scalar_straight_ray_c1500,physical_element_centres
3,1,300003,30,30,CF-DAS,1499.99999995364,19.9999999701275,1450.02282714844,1558.3974609375,999.999999951985,14.9999999924627,-0.266719202909016,0.99791679131993,0.671095206383413,0.740769035301204,0.873201479291188,1.19085391076769,25.4706998943429,263.612925917196,0.00256051830131765,0.00013639325365649,0.0545926,shared_delay_plus_weighting,scalar_straight_ray_c1500,physical_element_centres
3,1,300003,30,30,SCF-DAS,1499.99999995364,19.9999999701275,1450.02282714844,1558.3974609375,999.999999951985,14.9999999924627,-0.266719202909016,0.99963660422687,0.940038321843088,0.338920601230245,0.900888600847373,0.358232627886495,32.342643365668,319.671058150897,0.0010104596764745,2.43998310335371e-05,0.0710976,shared_delay_plus_weighting,scalar_straight_ray_c1500,physical_element_centres
3,1,300003,30,30,DMAS,1499.99999995364,19.9999999701275,1450.02282714844,1558.3974609375,999.999999951985,14.9999999924627,-0.266719202909016,0.996686020640532,0.829702588732197,0.548681459657589,0.576238633506189,0.766549325037448,21.3335508543762,93.67737805478,0.00508682366313155,0.00043628385326325,0.1031265,shared_delay_plus_weighting,scalar_straight_ray_c1500,physical_element_centres
3,1,300003,30,30,DS-DMAS,1499.99999995364,19.9999999701275,1450.02282714844,1558.3974609375,999.999999951985,14.9999999924627,-0.266719202909016,0.998719590902001,0.91856550992076,0.382209480349513,0.875506802437822,0.439331624761917,23.8676563585205,121.597577141733,0.00291766400450188,0.000186918574181455,2.1865019,shared_delay_plus_weighting,scalar_straight_ray_c1500,physical_element_centres
3,1,300003,30,30,TR,1499.99999995364,19.9999999701275,1450.02282714844,1558.3974609375,999.999999951985,14.9999999924627,-0.266719202909016,0.780057758279246,0.697178788197419,0.726526662987732,0.659164527307559,2.3058752239372,16.9866449584632,1.95342695738253,0.270487066538009,0.0382661047512317,27.48662,direct_TR_wall_time,heterogeneous_recorded_c_rho,equivalent_element_centres
4,1,300004,5,5,DAS,1500.00000001325,19.9999999446927,1451.06787109375,1559.84619140625,999.999999968542,15.0000001348169,-0.148964221832343,0.985940049059161,0.722720180808506,0.697544128587097,0.349158555850805,1.81562103696646,17.2204819700111,33.7071969916407,0.015291856090871,0.00210589204376502,0.0667721,shared_delay_plus_weighting,scalar_straight_ray_c1500,physical_element_centres
4,1,300004,5,5,CF-DAS,1500.00000001325,19.9999999446927,1451.06787109375,1559.84619140625,999.999999968542,15.0000001348169,-0.148964221832343,0.998852954685372,0.723440609212541,0.688341011586968,0.872743707950836,0.984582543980515,27.1384852911631,415.26954682704,0.00153952542878389,6.76803509618916e-05,0.0669346,shared_delay_plus_weighting,scalar_straight_ray_c1500,physical_element_centres
4,1,300004,5,5,SCF-DAS,1500.00000001325,19.9999999446927,1451.06787109375,1559.84619140625,999.999999968542,15.0000001348169,-0.148964221832343,0.999804482196825,0.953002760977384,0.301027214682319,0.9076391994625,0.313143003934942,32.3201698588742,468.994877172793,0.000614261676493811,1.48711627914449e-05,0.0856817,shared_delay_plus_weighting,scalar_straight_ray_c1500,physical_element_centres
4,1,300004,5,5,DMAS,1500.00000001325,19.9999999446927,1451.06787109375,1559.84619140625,999.999999968542,15.0000001348169,-0.148964221832343,0.997812717290453,0.864683046567467,0.500903242597459,0.447749037578974,0.656358794984212,21.5726213315313,114.983336787997,0.00376649452626445,0.000314272423098638,0.1042039,shared_delay_plus_weighting,scalar_straight_ray_c1500,physical_element_centres
4,1,300004,5,5,DS-DMAS,1500.00000001325,19.9999999446927,1451.06787109375,1559.84619140625,999.999999968542,15.0000001348169,-0.148964221832343,0.999153199456558,0.932795921879045,0.349499956149618,0.887406866375043,0.396662392772979,23.5543016599883,152.954553171794,0.00211316557125223,0.000140351947539012,2.2288773,shared_delay_plus_weighting,scalar_straight_ray_c1500,physical_element_centres
4,1,300004,5,5,TR,1500.00000001325,19.9999999446927,1451.06787109375,1559.84619140625,999.999999968542,15.0000001348169,-0.148964221832343,0.777628056915646,0.697379626115786,0.726216526799099,0.56864971731393,2.30367045370594,16.9776500367061,1.92322246907815,0.274646461692336,0.0388947967604497,28.2011086,direct_TR_wall_time,heterogeneous_recorded_c_rho,equivalent_element_centres
4,1,300004,10,10,DAS,1500.00000001325,19.9999999446927,1451.06787109375,1559.84619140625,999.999999968542,15.0000001348169,-0.148964221832343,0.985932488787385,0.709412496465352,0.711552677959225,0.532424266741055,1.83333014822298,17.6524696166603,35.0536083279377,0.0152735764963313,0.00200132335508982,0.0605128,shared_delay_plus_weighting,scalar_straight_ray_c1500,physical_element_centres
4,1,300004,10,10,CF-DAS,1500.00000001325,19.9999999446927,1451.06787109375,1559.84619140625,999.999999968542,15.0000001348169,-0.148964221832343,0.998841809091603,0.720364383022712,0.691598585448285,0.877670411453199,0.991288811272989,27.2850477111164,415.107827410417,0.00154906520700195,6.69602881614e-05,0.0606349,shared_delay_plus_weighting,scalar_straight_ray_c1500,physical_element_centres
4,1,300004,10,10,SCF-DAS,1500.00000001325,19.9999999446927,1451.06787109375,1559.84619140625,999.999999968542,15.0000001348169,-0.148964221832343,0.999781057848619,0.952458221968917,0.302772231974598,0.907316137245787,0.314779138979685,32.0213852331916,423.50866167354,0.000683564033631455,1.71281296702563e-05,0.079567,shared_delay_plus_weighting,scalar_straight_ray_c1500,physical_element_centres
4,1,300004,10,10,DMAS,1500.00000001325,19.9999999446927,1451.06787109375,1559.84619140625,999.999999968542,15.0000001348169,-0.148964221832343,0.997804531607891,0.870496778038741,0.490174719989142,0.474496805010847,0.637432939879884,21.5232606526924,109.953217147309,0.00385425727711677,0.000323428039638209,0.0981967,shared_delay_plus_weighting,scalar_straight_ray_c1500,physical_element_centres
4,1,300004,10,10,DS-DMAS,1500.00000001325,19.9999999446927,1451.06787109375,1559.84619140625,999.999999968542,15.0000001348169,-0.148964221832343,0.999099632229451,0.933079965286845,0.347662884858893,0.885218412493233,0.396903167049908,23.0668573573234,143.239556755577,0.00223481889948508,0.000156999933187438,2.3203764,shared_delay_plus_weighting,scalar_straight_ray_c1500,physical_element_centres
4,1,300004,10,10,TR,1500.00000001325,19.9999999446927,1451.06787109375,1559.84619140625,999.999999968542,15.0000001348169,-0.148964221832343,0.777523107850678,0.696175428591535,0.727424221674925,0.627908919630156,2.30686687974916,17.0092926626254,1.93167374129676,0.274265777441296,0.0386996455293734,28.802831,direct_TR_wall_time,heterogeneous_recorded_c_rho,equivalent_element_centres
4,1,300004,15,15,DAS,1500.00000001325,19.9999999446927,1451.06787109375,1559.84619140625,999.999999968542,15.0000001348169,-0.148964221832343,0.985930203416386,0.704840783522179,0.716296420928017,0.650024761760592,1.84000394521305,17.7994669527838,35.5107579358852,0.0152668377909809,0.00196687039581217,0.0564219,shared_delay_plus_weighting,scalar_straight_ray_c1500,physical_element_centres
4,1,300004,15,15,CF-DAS,1500.00000001325,19.9999999446927,1451.06787109375,1559.84619140625,999.999999968542,15.0000001348169,-0.148964221832343,0.998838687048659,0.719404881729023,0.692619985937004,0.87855150286603,0.99355742292915,27.3163614004301,415.181423153359,0.00155149401186168,6.68239331139418e-05,0.0565282,shared_delay_plus_weighting,scalar_straight_ray_c1500,physical_element_centres
4,1,300004,15,15,SCF-DAS,1500.00000001325,19.9999999446927,1451.06787109375,1559.84619140625,999.999999968542,15.0000001348169,-0.148964221832343,0.999767442000856,0.950848871990975,0.307683111976148,0.906747284180592,0.320796492034792,31.9347778030944,411.859207273942,0.000714068914962288,1.80717927548376e-05,0.0748759,shared_delay_plus_weighting,scalar_straight_ray_c1500,physical_element_centres
4,1,300004,15,15,DMAS,1500.00000001325,19.9999999446927,1451.06787109375,1559.84619140625,999.999999968542,15.0000001348169,-0.148964221832343,0.997804873602605,0.873226989207935,0.484976667776865,0.48516144788288,0.629162354553191,21.4759303859951,107.799203589808,0.00388769260336577,0.000328016279995568,0.0959768,shared_delay_plus_weighting,scalar_straight_ray_c1500,physical_element_centres
4,1,300004,15,15,DS-DMAS,1500.00000001325,19.9999999446927,1451.06787109375,1559.84619140625,999.999999968542,15.0000001348169,-0.148964221832343,0.999073778052773,0.932506271182296,0.348526394301585,0.881926745981103,0.399502011191823,22.8763638104341,140.385056515976,0.00228201557607286,0.000163870362296019,2.5187354,shared_delay_plus_weighting,scalar_straight_ray_c1500,physical_element_centres
4,1,300004,15,15,TR,1500.00000001325,19.9999999446927,1451.06787109375,1559.84619140625,999.999999968542,15.0000001348169,-0.148964221832343,0.777572439892693,0.695944635295921,0.727663541365104,0.651180933828836,2.30780160266701,17.0143500660511,1.93410011196371,0.274060984813662,0.0386482390474881,28.9609803,direct_TR_wall_time,heterogeneous_recorded_c_rho,equivalent_element_centres
4,1,300004,20,20,DAS,1500.00000001325,19.9999999446927,1451.06787109375,1559.84619140625,999.999999968542,15.0000001348169,-0.148964221832343,0.985929539996628,0.703316404560469,0.717894136103387,0.700717570795271,1.84267683965903,17.8473318302654,35.6627417618065,0.0152641698319807,0.00195571964360339,0.046123,shared_delay_plus_weighting,scalar_straight_ray_c1500,physical_element_centres
4,1,300004,20,20,CF-DAS,1500.00000001325,19.9999999446927,1451.06787109375,1559.84619140625,999.999999968542,15.0000001348169,-0.148964221832343,0.998837969406587,0.719114571415149,0.692935503902481,0.878781052908521,0.994333143273051,27.3185234743946,415.284451763793,0.00155189870195781,6.68247274541475e-05,0.0462086,shared_delay_plus_weighting,scalar_straight_ray_c1500,physical_element_centres
4,1,300004,20,20,SCF-DAS,1500.00000001325,19.9999999446927,1451.06787109375,1559.84619140625,999.999999968542,15.0000001348169,-0.148964221832343,0.99976533983886,0.950138029652688,0.309867638029113,0.906110447684559,0.323760454242513,31.5805148330195,413.92481111285,0.000714756800082234,1.88422409958251e-05,0.0633788,shared_delay_plus_weighting,scalar_straight_ray_c1500,physical_element_centres
4,1,300004,20,20,DMAS,1500.00000001325,19.9999999446927,1451.06787109375,1559.84619140625,999.999999968542,15.0000001348169,-0.148964221832343,0.997809714034835,0.874611445288055,0.482163010709212,0.494767033840564,0.62501477309594,21.4353204092026,106.932262079269,0.00389549276140158,0.000330214683725636,0.0826539,shared_delay_plus_weighting,scalar_straight_ray_c1500,physical_element_centres
4,1,300004,20,20,DS-DMAS,1500.00000001325,19.9999999446927,1451.06787109375,1559.84619140625,999.999999968542,15.0000001348169,-0.148964221832343,0.999066667112582,0.932513555549559,0.348261022100717,0.880217911727201,0.400026089248805,22.7677606439975,139.297578880233,0.00229532238645796,0.000166899740032766,2.3800536,shared_delay_plus_weighting,scalar_straight_ray_c1500,physical_element_centres
4,1,300004,20,20,TR,1500.00000001325,19.9999999446927,1451.06787109375,1559.84619140625,999.999999968542,15.0000001348169,-0.148964221832343,0.777634450105209,0.69595767662291,0.727657814276629,0.659278039047095,2.30805180678009,17.0131209258156,1.93471996842757,0.273948751562684,0.03863787910873,28.5324584,direct_TR_wall_time,heterogeneous_recorded_c_rho,equivalent_element_centres
4,1,300004,30,30,DAS,1500.00000001325,19.9999999446927,1451.06787109375,1559.84619140625,999.999999968542,15.0000001348169,-0.148964221832343,0.985929326468015,0.702626751420989,0.718645161952836,0.724192791758071,1.84437325117736,17.8677089528491,35.7316091096088,0.0152624925482143,0.00195092249906875,0.0656184,shared_delay_plus_weighting,scalar_straight_ray_c1500,physical_element_centres
4,1,300004,30,30,CF-DAS,1500.00000001325,19.9999999446927,1451.06787109375,1559.84619140625,999.999999968542,15.0000001348169,-0.148964221832343,0.99883796346586,0.719009219292878,0.693058107578746,0.878860998165618,0.99471263291014,27.311364218129,415.412785991643,0.00155167772986841,6.68703068625738e-05,0.0657185,shared_delay_plus_weighting,scalar_straight_ray_c1500,physical_element_centres
4,1,300004,30,30,SCF-DAS,1500.00000001325,19.9999999446927,1451.06787109375,1559.84619140625,999.999999968542,15.0000001348169,-0.148964221832343,0.999760425773175,0.94992819272424,0.310498662948533,0.905888316090283,0.324470642329234,31.5924369587664,407.089662885449,0.000728131358954672,1.9168489335948e-05,0.0832963,shared_delay_plus_weighting,scalar_straight_ray_c1500,physical_element_centres
4,1,300004,30,30,DMAS,1500.00000001325,19.9999999446927,1451.06787109375,1559.84619140625,999.999999968542,15.0000001348169,-0.148964221832343,0.9978092911215,0.874687865505477,0.480989099530963,0.525560187219654,0.622947210496843,21.4473143452517,106.850453811674,0.00389825080694183,0.00032999249298079,0.1015353,shared_delay_plus_weighting,scalar_straight_ray_c1500,physical_element_centres
4,1,300004,30,30,DS-DMAS,1500.00000001325,19.9999999446927,1451.06787109375,1559.84619140625,999.999999968542,15.0000001348169,-0.148964221832343,0.999061334720497,0.932403226052575,0.348875951991493,0.881482855548576,0.401218713409701,22.734669990962,138.723069354493,0.0023052340139523,0.000168260245975843,2.3877176,shared_delay_plus_weighting,scalar_straight_ray_c1500,physical_element_centres
4,1,300004,30,30,TR,1500.00000001325,19.9999999446927,1451.06787109375,1559.84619140625,999.999999968542,15.0000001348169,-0.148964221832343,0.777709271181513,0.696054210931315,0.727569213916481,0.662842219850064,2.30810753383541,17.0096149166554,1.9348203739075,0.273851895775624,0.0386398121060142,28.4930671,direct_TR_wall_time,heterogeneous_recorded_c_rho,equivalent_element_centres
5,1,300005,5,5,DAS,1500.00000043379,20.0000000827606,1440.41333007812,1558.4189453125,1000.00000006954,14.9999999745125,0.151987835958262,0.98583338974321,0.719368682779955,0.702552961245282,0.334144355689464,1.85911061296428,17.2259944775509,33.7950399356365,0.0153302166710031,0.00210983537216533,0.0577031,shared_delay_plus_weighting,scalar_straight_ray_c1500,physical_element_centres
5,1,300005,5,5,CF-DAS,1500.00000043379,20.0000000827606,1440.41333007812,1558.4189453125,1000.00000006954,14.9999999745125,0.151987835958262,0.998864513486986,0.734508124303559,0.677303730676932,0.872432808699287,0.960035961770825,26.3478530964892,405.280871724209,0.00153741627724798,7.40284779069557e-05,0.0578093,shared_delay_plus_weighting,scalar_straight_ray_c1500,physical_element_centres
5,1,300005,5,5,SCF-DAS,1500.00000043379,20.0000000827606,1440.41333007812,1558.4189453125,1000.00000006954,14.9999999745125,0.151987835958262,0.99985118817707,0.949786665971345,0.311318263591055,0.902409501182754,0.328617635426237,31.0980417735208,657.461953966538,0.000450444893008893,1.25527702093653e-05,0.0758585,shared_delay_plus_weighting,scalar_straight_ray_c1500,physical_element_centres
5,1,300005,5,5,DMAS,1500.00000043379,20.0000000827606,1440.41333007812,1558.4189453125,1000.00000006954,14.9999999745125,0.151987835958262,0.997949893739399,0.861358255072732,0.506498560199262,0.410754396211658,0.686508452942625,20.7433048576406,125.504519847166,0.00341307472925571,0.000313314543395007,0.0962756,shared_delay_plus_weighting,scalar_straight_ray_c1500,physical_element_centres
5,1,300005,5,5,DS-DMAS,1500.00000043379,20.0000000827606,1440.41333007812,1558.4189453125,1000.00000006954,14.9999999745125,0.151987835958262,0.999287435737516,0.927654906323446,0.361591751754047,0.875324748893704,0.419644798432984,22.7821869801413,195.279063112724,0.00169079984527657,0.000122739076250842,2.4954782,shared_delay_plus_weighting,scalar_straight_ray_c1500,physical_element_centres
5,1,300005,5,5,TR,1500.00000043379,20.0000000827606,1440.41333007812,1558.4189453125,1000.00000006954,14.9999999745125,0.151987835958262,0.777182129979966,0.697131699427792,0.726422100388375,0.557917600061035,2.31927164074978,16.9662907737816,1.92002246829565,0.275005025920679,0.0389965414964497,28.882852,direct_TR_wall_time,heterogeneous_recorded_c_rho,equivalent_element_centres
5,1,300005,10,10,DAS,1500.00000043379,20.0000000827606,1440.41333007812,1558.4189453125,1000.00000006954,14.9999999745125,0.151987835958262,0.985786379975655,0.703918239153953,0.717880940338112,0.516483181667503,1.87601463169317,17.731929873474,35.2409211074052,0.0153558553563904,0.00199378130282772,0.0622853,shared_delay_plus_weighting,scalar_straight_ray_c1500,physical_element_centres
5,1,300005,10,10,CF-DAS,1500.00000043379,20.0000000827606,1440.41333007812,1558.4189453125,1000.00000006954,14.9999999745125,0.151987835958262,0.998844810779143,0.729243590967397,0.682810669258824,0.87841980354275,0.970880002074647,26.6220832262658,405.038461539022,0.00155477126791531,7.25374601496255e-05,0.0623858,shared_delay_plus_weighting,scalar_straight_ray_c1500,physical_element_centres
5,1,300005,10,10,SCF-DAS,1500.00000043379,20.0000000827606,1440.41333007812,1558.4189453125,1000.00000006954,14.9999999745125,0.151987835958262,0.999832893118815,0.947924620983643,0.316890218188012,0.902080749874148,0.336198513641342,30.4081480347766,606.580447930457,0.000494724889099859,1.49264440733821e-05,0.079979,shared_delay_plus_weighting,scalar_straight_ray_c1500,physical_element_centres
5,1,300005,10,10,DMAS,1500.00000043379,20.0000000827606,1440.41333007812,1558.4189453125,1000.00000006954,14.9999999745125,0.151987835958262,0.997925950750919,0.865941337077786,0.498170532512512,0.439339581009307,0.669786864709462,20.7941619578617,120.230472830652,0.00350922413052379,0.000320260228480668,0.0997732,shared_delay_plus_weighting,scalar_straight_ray_c1500,physical_element_centres
5,1,300005,10,10,DS-DMAS,1500.00000043379,20.0000000827606,1440.41333007812,1558.4189453125,1000.00000006954,14.9999999745125,0.151987835958262,0.999233284064309,0.92881434905911,0.357426556330532,0.874916321383059,0.419218381813418,22.1572121092029,178.647816506183,0.00181179664215431,0.000141334714180879,2.4015857,shared_delay_plus_weighting,scalar_straight_ray_c1500,physical_element_centres
5,1,300005,10,10,TR,1500.00000043379,20.0000000827606,1440.41333007812,1558.4189453125,1000.00000006954,14.9999999745125,0.151987835958262,0.777070725723267,0.695524417226037,0.72806046182787,0.6181135847806,2.32337007180493,17.0078481742563,1.93161364133718,0.274449691889801,0.0387320370705129,28.5648668,direct_TR_wall_time,heterogeneous_recorded_c_rho,equivalent_element_centres
5,1,300005,15,15,DAS,1500.00000043379,20.0000000827606,1440.41333007812,1558.4189453125,1000.00000006954,14.9999999745125,0.151987835958262,0.985761965066554,0.698201386710178,0.723280748683438,0.637674124497245,1.88190624184547,17.9206076423519,35.7471788864049,0.0153739284994217,0.0019532348966328,0.0673766,shared_delay_plus_weighting,scalar_straight_ray_c1500,physical_element_centres
5,1,300005,15,15,CF-DAS,1500.00000043379,20.0000000827606,1440.41333007812,1558.4189453125,1000.00000006954,14.9999999745125,0.151987835958262,0.998836669787513,0.72701529571372,0.685104754917257,0.879767829836267,0.975415330724111,26.7421596436196,404.993144270634,0.00156195986980207,7.18723573419626e-05,0.0674568,shared_delay_plus_weighting,scalar_straight_ray_c1500,physical_element_centres
5,1,300005,15,15,SCF-DAS,1500.00000043379,20.0000000827606,1440.41333007812,1558.4189453125,1000.00000006954,14.9999999745125,0.151987835958262,0.999825796994016,0.94791519524742,0.317057328277596,0.900952469104379,0.336747837797764,29.9137841436474,581.955767364475,0.000514471848640161,1.64313182900742e-05,0.0855809,shared_delay_plus_weighting,scalar_straight_ray_c1500,physical_element_centres
5,1,300005,15,15,DMAS,1500.00000043379,20.0000000827606,1440.41333007812,1558.4189453125,1000.00000006954,14.9999999745125,0.151987835958262,0.997927373521,0.869208334231838,0.492138236326448,0.452086815200491,0.659521447565185,20.7473977468579,117.57533377967,0.00354278050152796,0.000325068104184307,0.1058687,shared_delay_plus_weighting,scalar_straight_ray_c1500,physical_element_centres
5,1,300005,15,15,DS-DMAS,1500.00000043379,20.0000000827606,1440.41333007812,1558.4189453125,1000.00000006954,14.9999999745125,0.151987835958262,0.999213364707395,0.929613209016497,0.354686820815901,0.872049005900525,0.417519549533742,21.9202961671037,172.224995741539,0.00186016807709612,0.000149120509439051,2.4372898,shared_delay_plus_weighting,scalar_straight_ray_c1500,physical_element_centres
5,1,300005,15,15,TR,1500.00000043379,20.0000000827606,1440.41333007812,1558.4189453125,1000.00000006954,14.9999999745125,0.151987835958262,0.777121089264217,0.695081260507333,0.728527819805438,0.642981187925601,2.32478693512101,17.0180541236891,1.93574265435118,0.274146630708194,0.0386438338819085,28.7548269,direct_TR_wall_time,heterogeneous_recorded_c_rho,equivalent_element_centres
5,1,300005,20,20,DAS,1500.00000043379,20.0000000827606,1440.41333007812,1558.4189453125,1000.00000006954,14.9999999745125,0.151987835958262,0.985748874594732,0.696072674883032,0.72521485545513,0.69178956824688,1.88404431056831,17.9911195197466,35.923910879025,0.0153852433822574,0.00193886867833768,0.0506175,shared_delay_plus_weighting,scalar_straight_ray_c1500,physical_element_centres
5,1,300005,20,20,CF-DAS,1500.00000043379,20.0000000827606,1440.41333007812,1558.4189453125,1000.00000006954,14.9999999745125,0.151987835958262,0.998833078921321,0.726003626200657,0.686136503354698,0.880246863571371,0.977439341300515,26.7989943272319,405.006518561363,0.00156514532322934,7.15492278863262e-05,0.0506877,shared_delay_plus_weighting,scalar_straight_ray_c1500,physical_element_centres
5,1,300005,20,20,SCF-DAS,1500.00000043379,20.0000000827606,1440.41333007812,1558.4189453125,1000.00000006954,14.9999999745125,0.151987835958262,0.999822007055195,0.94826346888537,0.316039132435692,0.900896142963523,0.335596065322251,29.8521352722392,565.844280105666,0.000527052892348682,1.69530341699871e-05,0.0688329,shared_delay_plus_weighting,scalar_straight_ray_c1500,physical_element_centres
5,1,300005,20,20,DMAS,1500.00000043379,20.0000000827606,1440.41333007812,1558.4189453125,1000.00000006954,14.9999999745125,0.151987835958262,0.997927595975637,0.870381589330233,0.489814121234453,0.461529316704781,0.655338690237535,20.7487713904053,116.602117528919,0.00355729892398624,0.000326348628187972,0.0873706,shared_delay_plus_weighting,scalar_straight_ray_c1500,physical_element_centres
5,1,300005,20,20,DS-DMAS,1500.00000043379,20.0000000827606,1440.41333007812,1558.4189453125,1000.00000006954,14.9999999745125,0.151987835958262,0.999205804404377,0.929860026919202,0.353793265057821,0.870617762786151,0.417275149537552,21.8293753636255,170.003251804444,0.00187768415299281,0.000152108601289759,2.4063886,shared_delay_plus_weighting,scalar_straight_ray_c1500,physical_element_centres
5,1,300005,20,20,TR,1500.00000043379,20.0000000827606,1440.41333007812,1558.4189453125,1000.00000006954,14.9999999745125,0.151987835958262,0.777185141330662,0.694980500092783,0.728645074603143,0.652099738602869,2.32529901266419,17.0195563647453,1.93729420473917,0.273979148573857,0.0386135466604599,28.4274054,direct_TR_wall_time,heterogeneous_recorded_c_rho,equivalent_element_centres
5,1,300005,30,30,DAS,1500.00000043379,20.0000000827606,1440.41333007812,1558.4189453125,1000.00000006954,14.9999999745125,0.151987835958262,0.985737753325841,0.694882495174822,0.726240739967316,0.718374883912133,1.8852187161952,18.0306072334379,36.0126330494332,0.0153958666292426,0.00193140689989465,0.0550955,shared_delay_plus_weighting,scalar_straight_ray_c1500,physical_element_centres
5,1,300005,30,30,CF-DAS,1500.00000043379,20.0000000827606,1440.41333007812,1558.4189453125,1000.00000006954,14.9999999745125,0.151987835958262,0.998830524701074,0.725261890966155,0.686887170724015,0.880541910953329,0.978896179796203,26.8423863320217,405.04237633594,0.00156742415057569,7.12963369639515e-05,0.0551993,shared_delay_plus_weighting,scalar_straight_ray_c1500,physical_element_centres
5,1,300005,30,30,SCF-DAS,1500.00000043379,20.0000000827606,1440.41333007812,1558.4189453125,1000.00000006954,14.9999999745125,0.151987835958262,0.999816734729552,0.948997935074201,0.313729181052579,0.901855529503814,0.332276389344036,30.1312301655254,541.948352325704,0.000547458066908737,1.70525507728974e-05,0.0725193,shared_delay_plus_weighting,scalar_straight_ray_c1500,physical_element_centres
5,1,300005,30,30,DMAS,1500.00000043379,20.0000000827606,1440.41333007812,1558.4189453125,1000.00000006954,14.9999999745125,0.151987835958262,0.997917828786411,0.869540115499049,0.490351909640545,0.491398630080924,0.655067122053757,20.8192502838464,116.757261954202,0.00356969761455306,0.000324839560953291,0.0914987,shared_delay_plus_weighting,scalar_straight_ray_c1500,physical_element_centres
5,1,300005,30,30,DS-DMAS,1500.00000043379,20.0000000827606,1440.41333007812,1558.4189453125,1000.00000006954,14.9999999745125,0.151987835958262,0.999197599010098,0.929618767689139,0.354812958992566,0.872325380880708,0.418419074915728,21.8692520676088,168.819660835425,0.00189587412797868,0.000152878670284691,2.3982147,shared_delay_plus_weighting,scalar_straight_ray_c1500,physical_element_centres
5,1,300005,30,30,TR,1500.00000043379,20.0000000827606,1440.41333007812,1558.4189453125,1000.00000006954,14.9999999745125,0.151987835958262,0.777262648344084,0.694980785807987,0.728661110411308,0.656537155144513,2.32557854537667,17.0183428508085,1.93819598863428,0.273833735340574,0.0385984449385871,30.6510249,direct_TR_wall_time,heterogeneous_recorded_c_rho,equivalent_element_centres
6,1,300006,5,5,DAS,1500.00000002318,19.9999999402083,1441.58837890625,1547.033203125,1000.00000012087,14.9999999134334,0.121245339572927,0.981110432979413,0.702479269330429,0.721801687602823,0.416254207640809,2.19831802217698,17.014982405231,26.5610376676235,0.0197795569332995,0.00278912153436642,0.0522733,shared_delay_plus_weighting,scalar_straight_ray_c1500,physical_element_centres
6,1,300006,5,5,CF-DAS,1500.00000002318,19.9999999402083,1441.58837890625,1547.033203125,1000.00000012087,14.9999999134334,0.121245339572927,0.997901583248225,0.676248509519128,0.736761503184724,0.866793136484623,1.19854198251057,24.5139757471014,258.388473640947,0.00256774134429707,0.000152704728981594,0.0523651,shared_delay_plus_weighting,scalar_straight_ray_c1500,physical_element_centres
6,1,300006,5,5,SCF-DAS,1500.00000002318,19.9999999402083,1441.58837890625,1547.033203125,1000.00000012087,14.9999999134334,0.121245339572927,0.999689700354972,0.947749189152928,0.316960021991172,0.90286921891333,0.329974261528661,33.1335210721348,327.528185515053,0.000925910711054679,2.04123522627745e-05,0.069211,shared_delay_plus_weighting,scalar_straight_ray_c1500,physical_element_centres
6,1,300006,5,5,DMAS,1500.00000002318,19.9999999402083,1441.58837890625,1547.033203125,1000.00000012087,14.9999999134334,0.121245339572927,0.996672597567708,0.818533162338073,0.565631498346053,0.511996168173586,0.802691572500544,21.262105689841,98.8402367389566,0.00495550868860982,0.000428531703650539,0.0873884,shared_delay_plus_weighting,scalar_straight_ray_c1500,physical_element_centres
6,1,300006,5,5,DS-DMAS,1500.00000002318,19.9999999402083,1441.58837890625,1547.033203125,1000.00000012087,14.9999999134334,0.121245339572927,0.99880170198757,0.92471916081852,0.369336276915692,0.882996992942965,0.415583549276976,24.433361637936,120.487301003646,0.00286077621310195,0.00017171799309492,2.3882054,shared_delay_plus_weighting,scalar_straight_ray_c1500,physical_element_centres
6,1,300006,5,5,TR,1500.00000002318,19.9999999402083,1441.58837890625,1547.033203125,1000.00000012087,14.9999999134334,0.121245339572927,0.779237092345314,0.699367515347928,0.724605011015119,0.566939760797556,2.30359209681899,16.9200792020978,1.92600167025375,0.272649399661935,0.038868751029427,28.3364111,direct_TR_wall_time,heterogeneous_recorded_c_rho,equivalent_element_centres
6,1,300006,10,10,DAS,1500.00000002318,19.9999999402083,1441.58837890625,1547.033203125,1000.00000012087,14.9999999134334,0.121245339572927,0.981052987537221,0.692033685601834,0.731045046273105,0.574406083939862,2.21559887071236,17.3166006785337,27.2561489950452,0.0198087063338812,0.00269790143823591,0.0573753,shared_delay_plus_weighting,scalar_straight_ray_c1500,physical_element_centres
6,1,300006,10,10,CF-DAS,1500.00000002318,19.9999999402083,1441.58837890625,1547.033203125,1000.00000012087,14.9999999134334,0.121245339572927,0.997864607383404,0.670087828596598,0.742193538838309,0.869970121092608,1.21356574497215,24.7507919673608,257.798700392857,0.00259917919283936,0.000150416896343037,0.0574734,shared_delay_plus_weighting,scalar_straight_ray_c1500,physical_element_centres
6,1,300006,10,10,SCF-DAS,1500.00000002318,19.9999999402083,1441.58837890625,1547.033203125,1000.00000012087,14.9999999134334,0.121245339572927,0.999639460715929,0.947730084630492,0.317037323416654,0.902713691532337,0.330397366415751,32.752614891803,281.926151741264,0.00107392319345863,2.47367407381598e-05,0.0750059,shared_delay_plus_weighting,scalar_straight_ray_c1500,physical_element_centres
6,1,300006,10,10,DMAS,1500.00000002318,19.9999999402083,1441.58837890625,1547.033203125,1000.00000012087,14.9999999134334,0.121245339572927,0.996635292617459,0.824849155360765,0.556223046101524,0.536078870941799,0.781111324770689,21.3004590591169,94.6504920562009,0.00509318931834623,0.00043849724248981,0.0936369,shared_delay_plus_weighting,scalar_straight_ray_c1500,physical_element_centres
6,1,300006,10,10,DS-DMAS,1500.00000002318,19.9999999402083,1441.58837890625,1547.033203125,1000.00000012087,14.9999999134334,0.121245339572927,0.998707341099347,0.924893174565093,0.368091758483037,0.881239121224006,0.416399166022525,24.0657566663145,111.411350953613,0.00307344752718702,0.000192458886822383,2.3818887,shared_delay_plus_weighting,scalar_straight_ray_c1500,physical_element_centres
6,1,300006,10,10,TR,1500.00000002318,19.9999999402083,1441.58837890625,1547.033203125,1000.00000012087,14.9999999134334,0.121245339572927,0.77885690111484,0.697403003253858,0.726448140187483,0.628302974394483,2.3052809912902,16.9772932645949,1.93742887338898,0.272480874864801,0.0385896963976941,28.3175288,direct_TR_wall_time,heterogeneous_recorded_c_rho,equivalent_element_centres
6,1,300006,15,15,DAS,1500.00000002318,19.9999999402083,1441.58837890625,1547.033203125,1000.00000012087,14.9999999134334,0.121245339572927,0.981022727228094,0.688086479732812,0.734271683371248,0.661059158810773,2.22204991995862,17.4294181686051,27.5021940015383,0.019827866993408,0.0026656620462868,0.0466738,shared_delay_plus_weighting,scalar_straight_ray_c1500,physical_element_centres
6,1,300006,15,15,CF-DAS,1500.00000002318,19.9999999402083,1441.58837890625,1547.033203125,1000.00000012087,14.9999999134334,0.121245339572927,0.99784920229874,0.667275274144793,0.744624910696938,0.870748705411436,1.22032781018447,24.8680137557109,257.701331813019,0.00261189307197635,0.000149126458986997,0.0467483,shared_delay_plus_weighting,scalar_straight_ray_c1500,physical_element_centres
6,1,300006,15,15,SCF-DAS,1500.00000002318,19.9999999402083,1441.58837890625,1547.033203125,1000.00000012087,14.9999999134334,0.121245339572927,0.999625058742815,0.944534173543158,0.326353589886509,0.901347136204325,0.341849482365012,32.3041153891447,287.211980163244,0.00108287284965157,2.62646547001706e-05,0.0649578,shared_delay_plus_weighting,scalar_straight_ray_c1500,physical_element_centres
6,1,300006,15,15,DMAS,1500.00000002318,19.9999999402083,1441.58837890625,1547.033203125,1000.00000012087,14.9999999134334,0.121245339572927,0.99662394722708,0.82723608966652,0.552584017626957,0.544281718581407,0.773502107127995,21.2977039259625,93.1611903282741,0.00513987356961792,0.000442656901849275,0.0829334,shared_delay_plus_weighting,scalar_straight_ray_c1500,physical_element_centres
6,1,300006,15,15,DS-DMAS,1500.00000002318,19.9999999402083,1441.58837890625,1547.033203125,1000.00000012087,14.9999999134334,0.121245339572927,0.998670921799918,0.924053255265589,0.369618039137096,0.878195414372289,0.419701852712453,23.9001539887589,109.515877364962,0.00313458998190354,0.000200065886040849,2.4040756,shared_delay_plus_weighting,scalar_straight_ray_c1500,physical_element_centres
6,1,300006,15,15,TR,1500.00000002318,19.9999999402083,1441.58837890625,1547.033203125,1000.00000012087,14.9999999134334,0.121245339572927,0.778755516422917,0.69675906086733,0.727026382608916,0.653139242096345,2.3052909291369,16.9963721701375,1.94142574826255,0.27239637144572,0.0384930841929409,28.5499878,direct_TR_wall_time,heterogeneous_recorded_c_rho,equivalent_element_centres
6,1,300006,20,20,DAS,1500.00000002318,19.9999999402083,1441.58837890625,1547.033203125,1000.00000012087,14.9999999134334,0.121245339572927,0.981006356932188,0.686534701977056,0.735432886341091,0.696239510370324,2.22461440842732,17.4731417927923,27.5916963950182,0.0198395146288089,0.00265383521926655,0.0502462,shared_delay_plus_weighting,scalar_straight_ray_c1500,physical_element_centres
6,1,300006,20,20,CF-DAS,1500.00000002318,19.9999999402083,1441.58837890625,1547.033203125,1000.00000012087,14.9999999134334,0.121245339572927,0.99784235307776,0.665911800440191,0.745788500925176,0.871020270037324,1.22354514102658,24.9286204178605,257.72596426317,0.00261739333756634,0.000148401391002786,0.05037,shared_delay_plus_weighting,scalar_straight_ray_c1500,physical_element_centres
6,1,300006,20,20,SCF-DAS,1500.00000002318,19.9999999402083,1441.58837890625,1547.033203125,1000.00000012087,14.9999999134334,0.121245339572927,0.999612221102409,0.943195919574819,0.330069987956136,0.901546007202175,0.346547743950938,32.2812129283366,284.204820772002,0.00110662402697535,2.69115956564882e-05,0.0687513,shared_delay_plus_weighting,scalar_straight_ray_c1500,physical_element_centres
6,1,300006,20,20,DMAS,1500.00000002318,19.9999999402083,1441.58837890625,1547.033203125,1000.00000012087,14.9999999134334,0.121245339572927,0.996610681784618,0.827273043553086,0.552452038095375,0.550929307267238,0.772181588627815,21.3443204877562,92.7771383428923,0.00516491939421393,0.000442433011486908,0.0876843,shared_delay_plus_weighting,scalar_straight_ray_c1500,physical_element_centres
6,1,300006,20,20,DS-DMAS,1500.00000002318,19.9999999402083,1441.58837890625,1547.033203125,1000.00000012087,14.9999999134334,0.121245339572927,0.99864992089515,0.923436432715146,0.370982121651511,0.87703418579016,0.421598553555298,23.9160502106393,108.650278912869,0.00317168158968868,0.000202063127557148,2.373339,shared_delay_plus_weighting,scalar_straight_ray_c1500,physical_element_centres
6,1,300006,20,20,TR,1500.00000002318,19.9999999402083,1441.58837890625,1547.033203125,1000.00000012087,14.9999999134334,0.121245339572927,0.77873406061064,0.696545490376083,0.727204905211716,0.66206238302592,2.30499846997498,17.0028782047549,1.94289212917135,0.272352109688455,0.0384580122564953,28.2965524,direct_TR_wall_time,heterogeneous_recorded_c_rho,equivalent_element_centres
6,1,300006,30,30,DAS,1500.00000002318,19.9999999402083,1441.58837890625,1547.033203125,1000.00000012087,14.9999999134334,0.121245339572927,0.980992358463723,0.685582322148329,0.736058494310988,0.712977878210441,2.22622877883444,17.4994102930604,27.6406258231894,0.0198502652961496,0.00264725514337704,0.0525212,shared_delay_plus_weighting,scalar_straight_ray_c1500,physical_element_centres
6,1,300006,30,30,CF-DAS,1500.00000002318,19.9999999402083,1441.58837890625,1547.033203125,1000.00000012087,14.9999999134334,0.121245339572927,0.997837441845084,0.664847471561717,0.74668756012036,0.871176803584244,1.22600839953307,24.9785609730761,257.795815022925,0.00262122637987736,0.000147766668295645,0.0526475,shared_delay_plus_weighting,scalar_straight_ray_c1500,physical_element_centres
6,1,300006,30,30,SCF-DAS,1500.00000002318,19.9999999402083,1441.58837890625,1547.033203125,1000.00000012087,14.9999999134334,0.121245339572927,0.999604829560733,0.943267345634702,0.329747433360267,0.902623426945628,0.345838293825147,32.5048780087996,278.53946198829,0.0011288740307984,2.67547921843234e-05,0.0703869,shared_delay_plus_weighting,scalar_straight_ray_c1500,physical_element_centres
6,1,300006,30,30,DMAS,1500.00000002318,19.9999999402083,1441.58837890625,1547.033203125,1000.00000012087,14.9999999134334,0.121245339572927,0.996588537274978,0.825335527816064,0.554927199165531,0.574112014472018,0.775315770157399,21.438657975131,93.1128681355287,0.00518265865934659,0.000439156896708685,0.0890488,shared_delay_plus_weighting,scalar_straight_ray_c1500,physical_element_centres
6,1,300006,30,30,DS-DMAS,1500.00000002318,19.9999999402083,1441.58837890625,1547.033203125,1000.00000012087,14.9999999134334,0.121245339572927,0.998634948303664,0.922525721610609,0.373453457624877,0.878217748465326,0.424827368664856,23.9501773232661,108.686244075896,0.00318986830893334,0.00020242487873363,2.3870191,shared_delay_plus_weighting,scalar_straight_ray_c1500,physical_element_centres
6,1,300006,30,30,TR,1500.00000002318,19.9999999402083,1441.58837890625,1547.033203125,1000.00000012087,14.9999999134334,0.121245339572927,0.778736345984346,0.696446738453413,0.727274220697923,0.666168847875965,2.30456419424429,17.0060677217288,1.94371339178076,0.272315150762979,0.0384386758675047,28.3853922,direct_TR_wall_time,heterogeneous_recorded_c_rho,equivalent_element_centres
7,1,300007,5,5,DAS,1499.99999986755,19.9999999955175,1445.50964355469,1550.95764160156,1000.00000013577,14.9999998585492,-0.0490334695012264,0.985863535438169,0.706890143893699,0.71587155056636,0.306085134643345,2.06335510838848,17.1195902459105,35.1359074484313,0.0149630653699128,0.00208468797347521,0.0633488,shared_delay_plus_weighting,scalar_straight_ray_c1500,physical_element_centres
7,1,300007,5,5,CF-DAS,1499.99999986755,19.9999999955175,1445.50964355469,1550.95764160156,1000.00000013577,14.9999998585492,-0.0490334695012264,0.998932379553446,0.732144484975041,0.679423442095392,0.869225676044376,0.960472768009988,26.8837137830368,434.309618537604,0.00145023827846045,6.56528637862087e-05,0.0634655,shared_delay_plus_weighting,scalar_straight_ray_c1500,physical_element_centres
7,1,300007,5,5,SCF-DAS,1499.99999986755,19.9999999955175,1445.50964355469,1550.95764160156,1000.00000013577,14.9999998585492,-0.0490334695012264,0.999827124731518,0.951832698102282,0.304731440177812,0.906726423517809,0.315674028536419,33.6548872189118,543.375148439149,0.000538284201259964,1.11755079651575e-05,0.0799504,shared_delay_plus_weighting,scalar_straight_ray_c1500,physical_element_centres
7,1,300007,5,5,DMAS,1499.99999986755,19.9999999955175,1445.50964355469,1550.95764160156,1000.00000013577,14.9999998585492,-0.0490334695012264,0.998045428132261,0.877533234072054,0.479213047954505,0.453902309235434,0.608441279362199,21.9219470168275,117.25272840818,0.00355838795072141,0.000285204217968448,0.0969965,shared_delay_plus_weighting,scalar_straight_ray_c1500,physical_element_centres
7,1,300007,5,5,DS-DMAS,1499.99999986755,19.9999999955175,1445.50964355469,1550.95764160156,1000.00000013577,14.9999998585492,-0.0490334695012264,0.999205522905583,0.936070360191724,0.341197228338226,0.886518627806025,0.38287870978012,23.9153286890036,155.351170101905,0.00204240592141742,0.000130129459663611,2.3907239,shared_delay_plus_weighting,scalar_straight_ray_c1500,physical_element_centres
7,1,300007,5,5,TR,1499.99999986755,19.9999999955175,1445.50964355469,1550.95764160156,1000.00000013577,14.9999998585492,-0.0490334695012264,0.780707468246538,0.700942474133719,0.722565918863498,0.568626872058,2.29777482861089,16.8821149757963,1.93054227523959,0.271031873734936,0.0388074064053161,28.3033707,direct_TR_wall_time,heterogeneous_recorded_c_rho,equivalent_element_centres
7,1,300007,10,10,DAS,1499.99999986755,19.9999999955175,1445.50964355469,1550.95764160156,1000.00000013577,14.9999998585492,-0.0490334695012264,0.985859221669599,0.692524529721562,0.729407153707812,0.483054627127912,2.07402971082713,17.5740783968994,36.5571845313904,0.014953775149107,0.00197718326673656,0.0554529,shared_delay_plus_weighting,scalar_straight_ray_c1500,physical_element_centres
7,1,300007,10,10,CF-DAS,1499.99999986755,19.9999999955175,1445.50964355469,1550.95764160156,1000.00000013577,14.9999998585492,-0.0490334695012264,0.998920283605554,0.730060625036655,0.681565026970242,0.875055314581512,0.963920436231653,27.071885850081,432.26467520383,0.00146324438803716,6.48220221104267e-05,0.055548,shared_delay_plus_weighting,scalar_straight_ray_c1500,physical_element_centres
7,1,300007,10,10,SCF-DAS,1499.99999986755,19.9999999955175,1445.50964355469,1550.95764160156,1000.00000013577,14.9999998585492,-0.0490334695012264,0.999800207457184,0.952978630442041,0.301091569207203,0.907275104077247,0.311958577340392,33.4903706676817,459.180798367747,0.000629109287353794,1.33109043660619e-05,0.0731409,shared_delay_plus_weighting,scalar_straight_ray_c1500,physical_element_centres
7,1,300007,10,10,DMAS,1499.99999986755,19.9999999955175,1445.50964355469,1550.95764160156,1000.00000013577,14.9999998585492,-0.0490334695012264,0.998027171595691,0.882813748563793,0.468836658898471,0.483503243008196,0.590035258368571,21.9824516504569,111.44754529603,0.00367002542846475,0.000292110044462622,0.0930139,shared_delay_plus_weighting,scalar_straight_ray_c1500,physical_element_centres
7,1,300007,10,10,DS-DMAS,1499.99999986755,19.9999999955175,1445.50964355469,1550.95764160156,1000.00000013577,14.9999998585492,-0.0490334695012264,0.999136074419219,0.936495379270987,0.33909407075648,0.885986121765782,0.382591032548003,23.540724043084,141.905809182145,0.00221643893676364,0.000147441441683035,2.3969204,shared_delay_plus_weighting,scalar_straight_ray_c1500,physical_element_centres
7,1,300007,10,10,TR,1499.99999986755,19.9999999955175,1445.50964355469,1550.95764160156,1000.00000013577,14.9999998585492,-0.0490334695012264,0.780146870955173,0.698651229769703,0.72493913354098,0.625056533594432,2.30352638726625,16.9472539052885,1.94256104664441,0.271002158344203,0.0385132398638055,28.3516737,direct_TR_wall_time,heterogeneous_recorded_c_rho,equivalent_element_centres
7,1,300007,15,15,DAS,1499.99999986755,19.9999999955175,1445.50964355469,1550.95764160156,1000.00000013577,14.9999998585492,-0.0490334695012264,0.985858781601727,0.68772992708035,0.733637281826491,0.602662112744451,2.07520101874553,17.7310268246922,37.027438510288,0.0149520928785008,0.00194155923455681,0.0488183,shared_delay_plus_weighting,scalar_straight_ray_c1500,physical_element_centres
7,1,300007,15,15,CF-DAS,1499.99999986755,19.9999999955175,1445.50964355469,1550.95764160156,1000.00000013577,14.9999998585492,-0.0490334695012264,0.998916161853036,0.72960493279384,0.682017561427269,0.876016429080308,0.964535518962024,27.1312347160982,431.233829079019,0.00146805059273557,6.45920825223101e-05,0.0488936,shared_delay_plus_weighting,scalar_straight_ray_c1500,physical_element_centres
7,1,300007,15,15,SCF-DAS,1499.99999986755,19.9999999955175,1445.50964355469,1550.95764160156,1000.00000013577,14.9999998585492,-0.0490334695012264,0.999788164900307,0.952223962123847,0.303475238536376,0.906845810947238,0.31515499271104,33.1449998876203,439.839138680605,0.000661386870130009,1.45614818976859e-05,0.0665736,shared_delay_plus_weighting,scalar_straight_ray_c1500,physical_element_centres
7,1,300007,15,15,DMAS,1499.99999986755,19.9999999955175,1445.50964355469,1550.95764160156,1000.00000013577,14.9999998585492,-0.0490334695012264,0.998023356071751,0.885213455681769,0.46397375013879,0.494007042676893,0.582413729169189,21.954703808586,109.083049033053,0.0037103854359847,0.000296267379517918,0.0866706,shared_delay_plus_weighting,scalar_straight_ray_c1500,physical_element_centres
7,1,300007,15,15,DS-DMAS,1499.99999986755,19.9999999955175,1445.50964355469,1550.95764160156,1000.00000013577,14.9999998585492,-0.0490334695012264,0.999106985933831,0.936449584487256,0.338703619545486,0.883781418908484,0.382871811660686,23.440180938257,137.365148889745,0.00228689846381179,0.000153899722180951,2.3938148,shared_delay_plus_weighting,scalar_straight_ray_c1500,physical_element_centres
7,1,300007,15,15,TR,1499.99999986755,19.9999999955175,1445.50964355469,1550.95764160156,1000.00000013577,14.9999998585492,-0.0490334695012264,0.779939994857465,0.697807565781367,0.725828799738385,0.647241616545784,2.30590566267205,16.9711338437097,1.94694653388869,0.270994365954595,0.038406397252733,28.4297201,direct_TR_wall_time,heterogeneous_recorded_c_rho,equivalent_element_centres
7,1,300007,20,20,DAS,1499.99999986755,19.9999999955175,1445.50964355469,1550.95764160156,1000.00000013577,14.9999998585492,-0.0490334695012264,0.985859162103282,0.686215411427241,0.734864453608982,0.656291730889217,2.07430740679844,17.7832807204814,37.1766696243905,0.014952267544163,0.00192993651569688,0.0528511,shared_delay_plus_weighting,scalar_straight_ray_c1500,physical_element_centres
7,1,300007,20,20,CF-DAS,1499.99999986755,19.9999999955175,1445.50964355469,1550.95764160156,1000.00000013577,14.9999998585492,-0.0490334695012264,0.998914730157988,0.729574126033114,0.682035599495055,0.876266631487357,0.964447265502549,27.1506779173171,430.706033472591,0.00146992610290437,6.45299912607171e-05,0.0530509,shared_delay_plus_weighting,scalar_straight_ray_c1500,physical_element_centres
7,1,300007,20,20,SCF-DAS,1499.99999986755,19.9999999955175,1445.50964355469,1550.95764160156,1000.00000013577,14.9999998585492,-0.0490334695012264,0.999787053659179,0.951400151610646,0.306032267307926,0.906327314156301,0.318406624957141,32.9355762652747,444.906716584867,0.00065894127840424,1.48616798280726e-05,0.0701017,shared_delay_plus_weighting,scalar_straight_ray_c1500,physical_element_centres
7,1,300007,20,20,DMAS,1499.99999986755,19.9999999955175,1445.50964355469,1550.95764160156,1000.00000013577,14.9999998585492,-0.0490334695012264,0.998023117193195,0.885957738956302,0.462298968324332,0.501298223301671,0.579784637265272,21.9500276638175,108.402311760756,0.00372141592075327,0.000297308159280446,0.0880494,shared_delay_plus_weighting,scalar_straight_ray_c1500,physical_element_centres
7,1,300007,20,20,DS-DMAS,1499.99999986755,19.9999999955175,1445.50964355469,1550.95764160156,1000.00000013577,14.9999998585492,-0.0490334695012264,0.999099166215587,0.936109261994007,0.33939273251743,0.882119381087131,0.384100835587841,23.3980048255651,136.876663495519,0.00229929447136818,0.000155487096492648,2.3853905,shared_delay_plus_weighting,scalar_straight_ray_c1500,physical_element_centres
7,1,300007,20,20,TR,1499.99999986755,19.9999999955175,1445.50964355469,1550.95764160156,1000.00000013577,14.9999998585492,-0.0490334695012264,0.779857953066814,0.697476836265708,0.726186605170342,0.654869594095524,2.3069708579944,16.9804435035379,1.94864951393381,0.270992808178584,0.0383650342456818,28.1503328,direct_TR_wall_time,heterogeneous_recorded_c_rho,equivalent_element_centres
7,1,300007,30,30,DAS,1499.99999986755,19.9999999955175,1445.50964355469,1550.95764160156,1000.00000013577,14.9999998585492,-0.0490334695012264,0.985859869429194,0.685617293105389,0.735241725435848,0.682542006806422,2.07260040391066,17.8067040692263,37.2369932307684,0.0149530867640775,0.00192484449715822,0.0503599,shared_delay_plus_weighting,scalar_straight_ray_c1500,physical_element_centres
7,1,300007,30,30,CF-DAS,1499.99999986755,19.9999999955175,1445.50964355469,1550.95764160156,1000.00000013577,14.9999998585492,-0.0490334695012264,0.99891400679101,0.729680895373195,0.681910605318983,0.876362903382335,0.964108487501547,27.159508056727,430.275422815475,0.00147107515518873,6.45148152543659e-05,0.0504568,shared_delay_plus_weighting,scalar_straight_ray_c1500,physical_element_centres
7,1,300007,30,30,SCF-DAS,1499.99999986755,19.9999999955175,1445.50964355469,1550.95764160156,1000.00000013577,14.9999998585492,-0.0490334695012264,0.999785414721346,0.951567206752728,0.305467748318952,0.906545371168196,0.317754503221293,32.7971025814585,440.023562206252,0.000664926603808161,1.5237670579534e-05,0.0680223,shared_delay_plus_weighting,scalar_straight_ray_c1500,physical_element_centres
7,1,300007,30,30,DMAS,1499.99999986755,19.9999999955175,1445.50964355469,1550.95764160156,1000.00000013577,14.9999998585492,-0.0490334695012264,0.998016451952463,0.885264177279366,0.46268194866232,0.527798943695787,0.579828302586319,21.9975649441729,108.656666394459,0.00372629716012648,0.000296073295904531,0.0858854,shared_delay_plus_weighting,scalar_straight_ray_c1500,physical_element_centres
7,1,300007,30,30,DS-DMAS,1499.99999986755,19.9999999955175,1445.50964355469,1550.95764160156,1000.00000013577,14.9999998585492,-0.0490334695012264,0.999094834281598,0.936061891490162,0.339846589773182,0.882699219376329,0.384772586275744,23.3797560545971,136.317509097177,0.00230878563056986,0.000156457291625539,2.3934214,shared_delay_plus_weighting,scalar_straight_ray_c1500,physical_element_centres
7,1,300007,30,30,TR,1499.99999986755,19.9999999955175,1445.50964355469,1550.95764160156,1000.00000013577,14.9999998585492,-0.0490334695012264,0.779806256326211,0.697272385951284,0.726415865131469,0.658068610835207,2.30774398120971,16.9861547145087,1.94968924317628,0.270993116414627,0.0383398600826291,28.2197709,direct_TR_wall_time,heterogeneous_recorded_c_rho,equivalent_element_centres
8,1,300008,5,5,DAS,1500.00000004636,20.0000000856966,1460.58850097656,1551.52038574219,999.999999991722,15.0000000406125,0.272766542051201,0.984174092728749,0.686443754794276,0.734631479502701,0.334812611855954,2.27914992732919,17.3546877415393,33.17210299409,0.0164364146533194,0.00222880822575231,0.0516526,shared_delay_plus_weighting,scalar_straight_ray_c1500,physical_element_centres
8,1,300008,5,5,CF-DAS,1500.00000004636,20.0000000856966,1460.58850097656,1551.52038574219,999.999999991722,15.0000000406125,0.272766542051201,0.998664660113475,0.669867745762724,0.741301889121111,0.868500317823134,1.15142927424435,26.5812540417754,412.611834542925,0.00165559409659492,7.7605261572667e-05,0.0517393,shared_delay_plus_weighting,scalar_straight_ray_c1500,physical_element_centres
8,1,300008,5,5,SCF-DAS,1500.00000004636,20.0000000856966,1460.58850097656,1551.52038574219,999.999999991722,15.0000000406125,0.272766542051201,0.999779428069653,0.940048095806959,0.338982665987186,0.902072941084974,0.36089952376505,31.5725366025804,526.866747682971,0.000614218967642058,1.62067671921846e-05,0.0689192,shared_delay_plus_weighting,scalar_straight_ray_c1500,physical_element_centres
8,1,300008,5,5,DMAS,1500.00000004636,20.0000000856966,1460.58850097656,1551.52038574219,999.999999991722,15.0000000406125,0.272766542051201,0.997456760897055,0.83839821354621,0.540857347832951,0.438991106277641,0.738178972777956,21.6015811852476,116.46156162196,0.00402958897050496,0.000335105603405465,0.0860723,shared_delay_plus_weighting,scalar_straight_ray_c1500,physical_element_centres
8,1,300008,5,5,DS-DMAS,1500.00000004636,20.0000000856966,1460.58850097656,1551.52038574219,999.999999991722,15.0000000406125,0.272766542051201,0.999056370171565,0.918720025978908,0.383401643361587,0.875412398673825,0.438779852993244,24.2997166914404,164.84629328301,0.00216778414731036,0.000132138752216633,2.4034376,shared_delay_plus_weighting,scalar_straight_ray_c1500,physical_element_centres
8,1,300008,5,5,TR,1500.00000004636,20.0000000856966,1460.58850097656,1551.52038574219,999.999999991722,15.0000000406125,0.272766542051201,0.779198751536326,0.700721880454644,0.722658042323762,0.565232167527013,2.29965824816515,16.8780314381742,1.91453055913444,0.273285494037525,0.0391484893320489,28.4147493,direct_TR_wall_time,heterogeneous_recorded_c_rho,equivalent_element_centres
8,1,300008,10,10,DAS,1500.00000004636,20.0000000856966,1460.58850097656,1551.52038574219,999.999999991722,15.0000000406125,0.272766542051201,0.984160981259377,0.672304033379844,0.747838358107361,0.512212118484112,2.30765583354492,17.7565902620803,34.3673721375204,0.0164217707521633,0.00212613321396688,0.063073,shared_delay_plus_weighting,scalar_straight_ray_c1500,physical_element_centres
8,1,300008,10,10,CF-DAS,1500.00000004636,20.0000000856966,1460.58850097656,1551.52038574219,999.999999991722,15.0000000406125,0.272766542051201,0.998651448312168,0.664473011046572,0.746150694231923,0.873980711439628,1.16576231895129,26.7402336005977,413.90875260858,0.00166288159062793,7.65331599865928e-05,0.0632261,shared_delay_plus_weighting,scalar_straight_ray_c1500,physical_element_centres
8,1,300008,10,10,SCF-DAS,1500.00000004636,20.0000000856966,1460.58850097656,1551.52038574219,999.999999991722,15.0000000406125,0.272766542051201,0.999751267356735,0.938149866324185,0.344054471435331,0.901120811120345,0.367479886859701,31.1132011733054,481.501910604281,0.000680489964422285,1.89304817470371e-05,0.0830462,shared_delay_plus_weighting,scalar_straight_ray_c1500,physical_element_centres
8,1,300008,10,10,DMAS,1500.00000004636,20.0000000856966,1460.58850097656,1551.52038574219,999.999999991722,15.0000000406125,0.272766542051201,0.997430142633135,0.844441280420335,0.530811315452268,0.465575989496088,0.718638699712139,21.5779695861582,111.289188507279,0.00413777362218474,0.000345039048415582,0.1033628,shared_delay_plus_weighting,scalar_straight_ray_c1500,physical_element_centres
8,1,300008,10,10,DS-DMAS,1500.00000004636,20.0000000856966,1460.58850097656,1551.52038574219,999.999999991722,15.0000000406125,0.272766542051201,0.998992690181215,0.919840152315778,0.379669373066744,0.874179823701374,0.437394361972657,23.7505385963253,152.352659155078,0.00231042418428526,0.000150025399549787,2.6534708,shared_delay_plus_weighting,scalar_straight_ray_c1500,physical_element_centres
8,1,300008,10,10,TR,1500.00000004636,20.0000000856966,1460.58850097656,1551.52038574219,999.999999991722,15.0000000406125,0.272766542051201,0.778582551700931,0.698563008477107,0.724973545672108,0.623394244444096,2.3035591909193,16.9372263619584,1.92483428855143,0.273375827670357,0.0388954493195335,28.162157,direct_TR_wall_time,heterogeneous_recorded_c_rho,equivalent_element_centres
8,1,300008,15,15,DAS,1500.00000004636,20.0000000856966,1460.58850097656,1551.52038574219,999.999999991722,15.0000000406125,0.272766542051201,0.984155641805456,0.667424783141622,0.752272981685362,0.62607464224654,2.3184481213019,17.8938269841368,34.7716627968607,0.0164169283742679,0.00209218726473509,0.0630365,shared_delay_plus_weighting,scalar_straight_ray_c1500,physical_element_centres
8,1,300008,15,15,CF-DAS,1500.00000004636,20.0000000856966,1460.58850097656,1551.52038574219,999.999999991722,15.0000000406125,0.272766542051201,0.998647601314538,0.662567685589142,0.7478501987245,0.874920012750681,1.17099099248971,26.7946524334847,414.601596038602,0.00166443819753539,7.61263578750921e-05,0.0631361,shared_delay_plus_weighting,scalar_straight_ray_c1500,physical_element_centres
8,1,300008,15,15,SCF-DAS,1500.00000004636,20.0000000856966,1460.58850097656,1551.52038574219,999.999999991722,15.0000000406125,0.272766542051201,0.999740765019457,0.936460184633844,0.348594251011663,0.899413299479199,0.373793265598392,30.7640156453832,474.19726511189,0.000698846912118335,2.0238637341077e-05,0.0832692,shared_delay_plus_weighting,scalar_straight_ray_c1500,physical_element_centres
8,1,300008,15,15,DMAS,1500.00000004636,20.0000000856966,1460.58850097656,1551.52038574219,999.999999991722,15.0000000406125,0.272766542051201,0.997431517431964,0.847939070703665,0.52489189648693,0.476572401033238,0.70886572853055,21.4966903862095,109.041234558494,0.0041699891348219,0.000350994575043836,0.1065612,shared_delay_plus_weighting,scalar_straight_ray_c1500,physical_element_centres
8,1,300008,15,15,DS-DMAS,1500.00000004636,20.0000000856966,1460.58850097656,1551.52038574219,999.999999991722,15.0000000406125,0.272766542051201,0.998972759026081,0.92062431779301,0.377149907126626,0.871028364031508,0.436304782924167,23.440711546827,147.982654212013,0.00235554736921992,0.000158509853589248,2.423247,shared_delay_plus_weighting,scalar_straight_ray_c1500,physical_element_centres
8,1,300008,15,15,TR,1500.00000004636,20.0000000856966,1460.58850097656,1551.52038574219,999.999999991722,15.0000000406125,0.272766542051201,0.778348013961865,0.697802721490064,0.725822992206917,0.646877075913376,2.30470564899808,16.9577989422124,1.92822910498387,0.273439302487233,0.0388124439576391,28.2956158,direct_TR_wall_time,heterogeneous_recorded_c_rho,equivalent_element_centres
8,1,300008,20,20,DAS,1500.00000004636,20.0000000856966,1460.58850097656,1551.52038574219,999.999999991722,15.0000000406125,0.272766542051201,0.984153282322139,0.665777363195239,0.753753737342455,0.675645882648221,2.32277350713858,17.9391282430045,34.9061866663619,0.0164152793252177,0.0020810948045623,0.0529854,shared_delay_plus_weighting,scalar_straight_ray_c1500,physical_element_centres
8,1,300008,20,20,CF-DAS,1500.00000004636,20.0000000856966,1460.58850097656,1551.52038574219,999.999999991722,15.0000000406125,0.272766542051201,0.998646623637247,0.661869071748768,0.74847301514693,0.875146552580584,1.17297308652827,26.8143689828505,414.986068371824,0.00166447922704865,7.59556230145032e-05,0.0531069,shared_delay_plus_weighting,scalar_straight_ray_c1500,physical_element_centres
8,1,300008,20,20,SCF-DAS,1500.00000004636,20.0000000856966,1460.58850097656,1551.52038574219,999.999999991722,15.0000000406125,0.272766542051201,0.999734297608378,0.935036908493336,0.352370805808063,0.898667628391402,0.378756634289183,30.4632209661933,472.670530062235,0.000707300974367972,2.12052407761951e-05,0.0712706,shared_delay_plus_weighting,scalar_straight_ray_c1500,physical_element_centres
8,1,300008,20,20,DMAS,1500.00000004636,20.0000000856966,1460.58850097656,1551.52038574219,999.999999991722,15.0000000406125,0.272766542051201,0.997429778413724,0.849070972421451,0.522774049503573,0.486438311860746,0.70549891234478,21.4645765080284,108.218885731597,0.00418322978563656,0.000353413305237782,0.089433,shared_delay_plus_weighting,scalar_straight_ray_c1500,physical_element_centres
8,1,300008,20,20,DS-DMAS,1500.00000004636,20.0000000856966,1460.58850097656,1551.52038574219,999.999999991722,15.0000000406125,0.272766542051201,0.998962376219822,0.920597241231336,0.376963033028934,0.86957669845819,0.437069745515461,23.3057700945206,146.545688823401,0.00237308195022715,0.000162190058835981,2.3774232,shared_delay_plus_weighting,scalar_straight_ray_c1500,physical_element_centres
8,1,300008,20,20,TR,1500.00000004636,20.0000000856966,1460.58850097656,1551.52038574219,999.999999991722,15.0000000406125,0.272766542051201,0.778251572495973,0.697521230843559,0.726156079758658,0.655387800918188,2.30501788570379,16.96527774134,1.92936984542722,0.273478994975235,0.0387846688885313,28.3720312,direct_TR_wall_time,heterogeneous_recorded_c_rho,equivalent_element_centres
8,1,300008,30,30,DAS,1500.00000004636,20.0000000856966,1460.58850097656,1551.52038574219,999.999999991722,15.0000000406125,0.272766542051201,0.984151591412154,0.66500911074095,0.754438583556585,0.699313663654027,2.32551574909392,17.959138386261,34.9674766240637,0.0164144687972293,0.00207620347406105,0.055903,shared_delay_plus_weighting,scalar_straight_ray_c1500,physical_element_centres
8,1,300008,30,30,CF-DAS,1500.00000004636,20.0000000856966,1460.58850097656,1551.52038574219,999.999999991722,15.0000000406125,0.272766542051201,0.998646479266219,0.661481219244143,0.748819974836312,0.875211639257398,1.17413074555952,26.825138981862,415.321245621614,0.00166401408077401,7.58403009748952e-05,0.055983,shared_delay_plus_weighting,scalar_straight_ray_c1500,physical_element_centres
8,1,300008,30,30,SCF-DAS,1500.00000004636,20.0000000856966,1460.58850097656,1551.52038574219,999.999999991722,15.0000000406125,0.272766542051201,0.999732496834552,0.935372222306522,0.351410667696169,0.899773426752817,0.377555093161527,30.4458833014474,467.140799468025,0.000713709398926553,2.14401219366205e-05,0.0724967,shared_delay_plus_weighting,scalar_straight_ray_c1500,physical_element_centres
8,1,300008,30,30,DMAS,1500.00000004636,20.0000000856966,1460.58850097656,1551.52038574219,999.999999991722,15.0000000406125,0.272766542051201,0.997419773990369,0.847948590829503,0.523708209221287,0.51932485534016,0.706476701014012,21.5149104349431,108.537031599658,0.00418940362658601,0.000351889803377445,0.0912855,shared_delay_plus_weighting,scalar_straight_ray_c1500,physical_element_centres
8,1,300008,30,30,DS-DMAS,1500.00000004636,20.0000000856966,1460.58850097656,1551.52038574219,999.999999991722,15.0000000406125,0.272766542051201,0.998955313125698,0.920272491683067,0.378109056562708,0.871511639413848,0.439351990190856,23.2343416369205,146.124565859858,0.00238165359269459,0.000164120001599989,2.4180076,shared_delay_plus_weighting,scalar_straight_ray_c1500,physical_element_centres
8,1,300008,30,30,TR,1500.00000004636,20.0000000856966,1460.58850097656,1551.52038574219,999.999999991722,15.0000000406125,0.272766542051201,0.778187912377106,0.697361262206314,0.726362502413106,0.65942404939877,2.3050946082872,16.9694041093301,1.92991359733418,0.273516256660143,0.0387715299253386,28.464469,direct_TR_wall_time,heterogeneous_recorded_c_rho,equivalent_element_centres
9,1,300009,5,5,DAS,1500.00000014239,20.0000000658988,1451.82849121094,1547.62744140625,999.999999958608,14.9999998853403,0.00154746416984405,0.985906113949342,0.693079218322942,0.725875273348325,0.312978780639079,2.14375578070625,17.4161721224445,36.6247169915294,0.0147982776526207,0.00199251943132292,0.0586412,shared_delay_plus_weighting,scalar_straight_ray_c1500,physical_element_centres
9,1,300009,5,5,CF-DAS,1500.00000014239,20.0000000658988,1451.82849121094,1547.62744140625,999.999999958608,14.9999998853403,0.00154746416984405,0.998933999817051,0.725590586025787,0.686001614590008,0.870055588173603,0.979802298319754,26.9012865810896,443.937278672868,0.00142921588988251,6.45704044853572e-05,0.0587382,shared_delay_plus_weighting,scalar_straight_ray_c1500,physical_element_centres
9,1,300009,5,5,SCF-DAS,1500.00000014239,20.0000000658988,1451.82849121094,1547.62744140625,999.999999958608,14.9999998853403,0.00154746416984405,0.99984206713679,0.948251054298518,0.315656875076316,0.903917095300937,0.333107546586304,31.7989379095587,637.922150081204,0.00047188676149979,1.21308406571961e-05,0.075563,shared_delay_plus_weighting,scalar_straight_ray_c1500,physical_element_centres
9,1,300009,5,5,DMAS,1500.00000014239,20.0000000658988,1451.82849121094,1547.62744140625,999.999999958608,14.9999998853403,0.00154746416984405,0.998055799359151,0.873627025535578,0.486501573066863,0.428121688102993,0.636984834960105,21.2842879597784,121.402127226834,0.00342642620841442,0.000295547292599181,0.0931575,shared_delay_plus_weighting,scalar_straight_ray_c1500,physical_element_centres
9,1,300009,5,5,DS-DMAS,1500.00000014239,20.0000000658988,1451.82849121094,1547.62744140625,999.999999958608,14.9999998853403,0.00154746416984405,0.99921337158675,0.926368227353373,0.365420894503843,0.882593742995961,0.416841371353715,23.6494368685876,179.885832838439,0.00187844749939429,0.000123403426301833,2.4058255,shared_delay_plus_weighting,scalar_straight_ray_c1500,physical_element_centres
9,1,300009,5,5,TR,1500.00000014239,20.0000000658988,1451.82849121094,1547.62744140625,999.999999958608,14.9999998853403,0.00154746416984405,0.779321671332704,0.698752025927552,0.724922613895784,0.563690600711457,2.31675083849213,16.913700628803,1.93199137164314,0.272077426961652,0.0388157051630098,28.487546,direct_TR_wall_time,heterogeneous_recorded_c_rho,equivalent_element_centres
9,1,300009,10,10,DAS,1500.00000014239,20.0000000658988,1451.82849121094,1547.62744140625,999.999999958608,14.9999998853403,0.00154746416984405,0.985891046861552,0.677511868263042,0.741557924349857,0.49585715464306,2.16335917537548,17.8902676421963,38.1086269238793,0.014797336658472,0.00188655804758387,0.0667182,shared_delay_plus_weighting,scalar_straight_ray_c1500,physical_element_centres
9,1,300009,10,10,CF-DAS,1500.00000014239,20.0000000658988,1451.82849121094,1547.62744140625,999.999999958608,14.9999998853403,0.00154746416984405,0.998918543367299,0.721745253229525,0.690046941278973,0.875336360275651,0.987241545005785,27.1314086239807,442.737720234131,0.0014439003461243,6.35282349663887e-05,0.066817,shared_delay_plus_weighting,scalar_straight_ray_c1500,physical_element_centres
9,1,300009,10,10,SCF-DAS,1500.00000014239,20.0000000658988,1451.82849121094,1547.62744140625,999.999999958608,14.9999998853403,0.00154746416984405,0.999826915413568,0.945985479576377,0.322274222873993,0.904001825321977,0.342411989841269,30.9673565020437,606.835988764942,0.000504717605137898,1.42784356494429e-05,0.0853007,shared_delay_plus_weighting,scalar_straight_ray_c1500,physical_element_centres
9,1,300009,10,10,DMAS,1500.00000014239,20.0000000658988,1451.82849121094,1547.62744140625,999.999999958608,14.9999998853403,0.00154746416984405,0.998032610503736,0.876898685197488,0.47990337064751,0.453824477128023,0.625352970458218,21.2879833043637,117.052717225651,0.00350887363120851,0.000302530080241672,0.1065563,shared_delay_plus_weighting,scalar_straight_ray_c1500,physical_element_centres
9,1,300009,10,10,DS-DMAS,1500.00000014239,20.0000000658988,1451.82849121094,1547.62744140625,999.999999958608,14.9999998853403,0.00154746416984405,0.999153773405579,0.926072646047995,0.365049817106894,0.881023808910157,0.420261279139526,23.1486027272966,167.833710231317,0.00200041442162359,0.000139216220920348,2.4680179,shared_delay_plus_weighting,scalar_straight_ray_c1500,physical_element_centres
9,1,300009,10,10,TR,1500.00000014239,20.0000000658988,1451.82849121094,1547.62744140625,999.999999958608,14.9999998853403,0.00154746416984405,0.778401935996737,0.696210499003674,0.727441919374946,0.620590217803917,2.32447753035269,16.9812836592801,1.94168121869224,0.272476643132851,0.038571372894561,28.1461735,direct_TR_wall_time,heterogeneous_recorded_c_rho,equivalent_element_centres
9,1,300009,15,15,DAS,1500.00000014239,20.0000000658988,1451.82849121094,1547.62744140625,999.999999958608,14.9999998853403,0.00154746416984405,0.985884505731193,0.672301931959028,0.746892348270275,0.621484034962433,2.16900590196119,18.0512249021844,38.5926928132398,0.0148003397004406,0.00185229621129064,0.0631387,shared_delay_plus_weighting,scalar_straight_ray_c1500,physical_element_centres
9,1,300009,15,15,CF-DAS,1500.00000014239,20.0000000658988,1451.82849121094,1547.62744140625,999.999999958608,14.9999998853403,0.00154746416984405,0.998912624870842,0.720372879218241,0.691478997957535,0.876238497295151,0.989645325799173,27.2240203562486,442.14759847864,0.00144984771693625,6.31133701206878e-05,0.0632647,shared_delay_plus_weighting,scalar_straight_ray_c1500,physical_element_centres
9,1,300009,15,15,SCF-DAS,1500.00000014239,20.0000000658988,1451.82849121094,1547.62744140625,999.999999958608,14.9999998853403,0.00154746416984405,0.999816631323722,0.946183092232698,0.321725959584439,0.903717535827456,0.342459807765675,30.6185732272725,570.737582022702,0.000535170324758627,1.57602594389549e-05,0.0809844,shared_delay_plus_weighting,scalar_straight_ray_c1500,physical_element_centres
9,1,300009,15,15,DMAS,1500.00000014239,20.0000000658988,1451.82849121094,1547.62744140625,999.999999958608,14.9999998853403,0.00154746416984405,0.998027836974021,0.878970941454432,0.475687680801185,0.465326016321537,0.618732475354019,21.2466891080065,114.921614906687,0.00354184255922435,0.000306827864043508,0.0987674,shared_delay_plus_weighting,scalar_straight_ray_c1500,physical_element_centres
9,1,300009,15,15,DS-DMAS,1500.00000014239,20.0000000658988,1451.82849121094,1547.62744140625,999.999999958608,14.9999998853403,0.00154746416984405,0.999129322466954,0.926174362998397,0.364194724111179,0.87772533626316,0.42091357200536,22.9454039557822,162.891882896179,0.00205216884086625,0.00014619849146458,2.3931885,shared_delay_plus_weighting,scalar_straight_ray_c1500,physical_element_centres
9,1,300009,15,15,TR,1500.00000014239,20.0000000658988,1451.82849121094,1547.62744140625,999.999999958608,14.9999998853403,0.00154746416984405,0.777990268458015,0.695218421745964,0.728422642398088,0.643184948097468,2.32791513600942,17.006909359336,1.94480563233743,0.272711085075163,0.038490834188755,28.2165502,direct_TR_wall_time,heterogeneous_recorded_c_rho,equivalent_element_centres
9,1,300009,20,20,DAS,1500.00000014239,20.0000000658988,1451.82849121094,1547.62744140625,999.999999958608,14.9999998853403,0.00154746416984405,0.985881438268668,0.670650425020885,0.748702877444484,0.678396493691907,2.17043812720056,18.1030980398449,38.7424915799448,0.014803144840755,0.00184161602986115,0.045893,shared_delay_plus_weighting,scalar_straight_ray_c1500,physical_element_centres
9,1,300009,20,20,CF-DAS,1500.00000014239,20.0000000658988,1451.82849121094,1547.62744140625,999.999999958608,14.9999998853403,0.00154746416984405,0.99891022295889,0.719862179134692,0.69201139620793,0.876472967607412,0.990404891180969,27.2643072116713,441.8478171521,0.00145242631652519,6.29330454672477e-05,0.0459597,shared_delay_plus_weighting,scalar_straight_ray_c1500,physical_element_centres
9,1,300009,20,20,SCF-DAS,1500.00000014239,20.0000000658988,1451.82849121094,1547.62744140625,999.999999958608,14.9999998853403,0.00154746416984405,0.999813946027722,0.945622350902003,0.323399217003142,0.902957862425422,0.344202222891464,30.6532793136964,568.195896488441,0.000540437532454098,1.58519077650162e-05,0.0634742,shared_delay_plus_weighting,scalar_straight_ray_c1500,physical_element_centres
9,1,300009,20,20,DMAS,1500.00000014239,20.0000000658988,1451.82849121094,1547.62744140625,999.999999958608,14.9999998853403,0.00154746416984405,0.998026678137909,0.879591302694877,0.474157278656169,0.474132168366554,0.616298968946032,21.233097668989,114.300494699603,0.00355166482625221,0.000308160585669636,0.0820967,shared_delay_plus_weighting,scalar_straight_ray_c1500,physical_element_centres
9,1,300009,20,20,DS-DMAS,1500.00000014239,20.0000000658988,1451.82849121094,1547.62744140625,999.999999958608,14.9999998853403,0.00154746416984405,0.999122399620164,0.925940437256391,0.364504448347583,0.875502408056827,0.42190048075569,22.8770401611429,162.09742779646,0.00206292391163326,0.000148125968113868,2.3882898,shared_delay_plus_weighting,scalar_straight_ray_c1500,physical_element_centres
9,1,300009,20,20,TR,1500.00000014239,20.0000000658988,1451.82849121094,1547.62744140625,999.999999958608,14.9999998853403,0.00154746416984405,0.777792203038434,0.694801244829826,0.728835225299027,0.651123359875545,2.32955858994605,17.017339936017,1.9458209534381,0.272846064858045,0.0384636680300904,28.3668655,direct_TR_wall_time,heterogeneous_recorded_c_rho,equivalent_element_centres
9,1,300009,30,30,DAS,1500.00000014239,20.0000000658988,1451.82849121094,1547.62744140625,999.999999958608,14.9999998853403,0.00154746416984405,0.985879106194472,0.669991827203502,0.749569191612154,0.705982120436184,2.1706562610048,18.1245744122481,38.7990374166231,0.0148062721392455,0.00183745624809726,0.0509703,shared_delay_plus_weighting,scalar_straight_ray_c1500,physical_element_centres
9,1,300009,30,30,CF-DAS,1500.00000014239,20.0000000658988,1451.82849121094,1547.62744140625,999.999999958608,14.9999998853403,0.00154746416984405,0.998908674069028,0.719572562052296,0.692314378615595,0.876560456531376,0.990714235609025,27.2923800998039,441.602552894624,0.00145422905660416,6.28078334818353e-05,0.0510946,shared_delay_plus_weighting,scalar_straight_ray_c1500,physical_element_centres
9,1,300009,30,30,SCF-DAS,1500.00000014239,20.0000000658988,1451.82849121094,1547.62744140625,999.999999958608,14.9999998853403,0.00154746416984405,0.999813819939045,0.943840116418792,0.328524710644571,0.902335896602264,0.35078883818655,30.4366472903586,585.899627144727,0.000531696338602695,1.59893682610662e-05,0.0686887,shared_delay_plus_weighting,scalar_straight_ray_c1500,physical_element_centres
9,1,300009,30,30,DMAS,1500.00000014239,20.0000000658988,1451.82849121094,1547.62744140625,999.999999958608,14.9999998853403,0.00154746416984405,0.99801736586848,0.878493748109403,0.475055167681736,0.503475096271148,0.617419494878959,21.2682226820234,114.736030386331,0.00355621326906578,0.000307309979736,0.0875043,shared_delay_plus_weighting,scalar_straight_ray_c1500,physical_element_centres
9,1,300009,30,30,DS-DMAS,1500.00000014239,20.0000000658988,1451.82849121094,1547.62744140625,999.999999958608,14.9999998853403,0.00154746416984405,0.999116554158826,0.924983774293185,0.367211054502743,0.87690394991687,0.425979438870436,22.841518590478,163.027255250194,0.00206240901553989,0.000148695857231341,2.3945706,shared_delay_plus_weighting,scalar_straight_ray_c1500,physical_element_centres
9,1,300009,30,30,TR,1500.00000014239,20.0000000658988,1451.82849121094,1547.62744140625,999.999999958608,14.9999998853403,0.00154746416984405,0.777638069712877,0.694518881251943,0.729114997524722,0.654711386051601,2.33083006496959,17.0241247556216,1.94627139288,0.27296651581527,0.0384506015488522,28.2235245,direct_TR_wall_time,heterogeneous_recorded_c_rho,equivalent_element_centres
10,1,300010,5,5,DAS,1499.99999981787,20.0000001151349,1449.40600585938,1553.5126953125,1000.0000001159,14.9999998589964,-0.0396091770074192,0.98341048758751,0.688947746032213,0.731133404181673,0.37611848308835,2.25779091098538,17.3054591074114,31.4244462014205,0.0172483808333569,0.00235220612865756,0.0444964,shared_delay_plus_weighting,scalar_straight_ray_c1500,physical_element_centres
10,1,300010,5,5,CF-DAS,1499.99999981787,20.0000001151349,1449.40600585938,1553.5126953125,1000.0000001159,14.9999998589964,-0.0396091770074192,0.998500938162139,0.681072020626404,0.731185347023028,0.870069334138903,1.15301269159167,25.546881952449,357.418529294524,0.00186436093753556,9.84432396332866e-05,0.0445095,shared_delay_plus_weighting,scalar_straight_ray_c1500,physical_element_centres
10,1,300010,5,5,SCF-DAS,1499.99999981787,20.0000001151349,1449.40600585938,1553.5126953125,1000.0000001159,14.9999998589964,-0.0396091770074192,0.999829719448193,0.946213169834618,0.321831811994218,0.900086135145605,0.341059423595,30.9286725637922,614.305860466979,0.000498070656538568,1.41532874817559e-05,0.0614091,shared_delay_plus_weighting,scalar_straight_ray_c1500,physical_element_centres
10,1,300010,5,5,DMAS,1499.99999981787,20.0000001151349,1449.40600585938,1553.5126953125,1000.0000001159,14.9999998589964,-0.0396091770074192,0.99759316545103,0.840572493458992,0.537373568395897,0.425518242264698,0.752096723838467,20.8286381411107,121.563424285929,0.0037654671722186,0.000342284283783559,0.0785642,shared_delay_plus_weighting,scalar_straight_ray_c1500,physical_element_centres
10,1,300010,5,5,DS-DMAS,1499.99999981787,20.0000001151349,1449.40600585938,1553.5126953125,1000.0000001159,14.9999998589964,-0.0396091770074192,0.999180487508586,0.923424809568874,0.371438138470027,0.87630728889521,0.44101968879261,21.8326797418229,179.296956237503,0.00185953917220934,0.000150581404771693,2.4417052,shared_delay_plus_weighting,scalar_straight_ray_c1500,physical_element_centres
10,1,300010,5,5,TR,1499.99999981787,20.0000001151349,1449.40600585938,1553.5126953125,1000.0000001159,14.9999998589964,-0.0396091770074192,0.778783567959963,0.698563576724136,0.725155956535029,0.571096897535476,2.31485390823285,16.9171681916944,1.92718839806674,0.272816682495904,0.0389056355254247,28.3029822,direct_TR_wall_time,heterogeneous_recorded_c_rho,equivalent_element_centres
10,1,300010,10,10,DAS,1499.99999981787,20.0000001151349,1449.40600585938,1553.5126953125,1000.0000001159,14.9999998589964,-0.0396091770074192,0.983393392071853,0.677079991543451,0.742908951858437,0.55902739443029,2.28298766013277,17.6449287816378,32.3764824063522,0.0172421974422925,0.00226123747781647,0.0522633,shared_delay_plus_weighting,scalar_straight_ray_c1500,physical_element_centres
10,1,300010,10,10,CF-DAS,1499.99999981787,20.0000001151349,1449.40600585938,1553.5126953125,1000.0000001159,14.9999998589964,-0.0396091770074192,0.998484343475928,0.67828978364245,0.733811560672907,0.873826355971284,1.15881955796614,25.6686835393713,355.999889098956,0.00188104711761814,9.79412172277107e-05,0.0523482,shared_delay_plus_weighting,scalar_straight_ray_c1500,physical_element_centres
10,1,300010,10,10,SCF-DAS,1499.99999981787,20.0000001151349,1449.40600585938,1553.5126953125,1000.0000001159,14.9999998589964,-0.0396091770074192,0.99980350462613,0.948238932887438,0.315804755843859,0.90135526072126,0.333718461535166,30.826312072692,512.757573605351,0.000585533452673584,1.68358911249742e-05,0.0702996,shared_delay_plus_weighting,scalar_straight_ray_c1500,physical_element_centres
10,1,300010,10,10,DMAS,1499.99999981787,20.0000001151349,1449.40600585938,1553.5126953125,1000.0000001159,14.9999998589964,-0.0396091770074192,0.997589283159208,0.848119253509542,0.524939798062063,0.453585884751499,0.72549136658885,20.8437617846721,116.074148103671,0.00385834699289128,0.000350116995746678,0.086678,shared_delay_plus_weighting,scalar_straight_ray_c1500,physical_element_centres
10,1,300010,10,10,DS-DMAS,1499.99999981787,20.0000001151349,1449.40600585938,1553.5126953125,1000.0000001159,14.9999998589964,-0.0396091770074192,0.99911761646389,0.925737764746393,0.364918415923967,0.876272561304033,0.434276917995467,21.6454800987468,161.641901584331,0.00202439561657209,0.000167502534707941,2.4276516,shared_delay_plus_weighting,scalar_straight_ray_c1500,physical_element_centres
10,1,300010,10,10,TR,1499.99999981787,20.0000001151349,1449.40600585938,1553.5126953125,1000.0000001159,14.9999998589964,-0.0396091770074192,0.77833570601968,0.696616140092899,0.7270767267976,0.628558612810814,2.31911145829654,16.9736015254223,1.93764367400164,0.272755660017549,0.0386450341337709,28.6725616,direct_TR_wall_time,heterogeneous_recorded_c_rho,equivalent_element_centres
10,1,300010,15,15,DAS,1499.99999981787,20.0000001151349,1449.40600585938,1553.5126953125,1000.0000001159,14.9999998589964,-0.0396091770074192,0.983385758087472,0.673113488369285,0.746901927586119,0.669171708192336,2.29259826547094,17.7573180950318,32.6866216004825,0.0172418687863999,0.00223212458538285,0.0502457,shared_delay_plus_weighting,scalar_straight_ray_c1500,physical_element_centres
10,1,300010,15,15,CF-DAS,1499.99999981787,20.0000001151349,1449.40600585938,1553.5126953125,1000.0000001159,14.9999998589964,-0.0396091770074192,0.998478855730454,0.677554460702394,0.73451162300779,0.874426945261739,1.16001599737163,25.7085679829514,355.370651974671,0.00188716998597466,9.7809856481133e-05,0.0503258,shared_delay_plus_weighting,scalar_straight_ray_c1500,physical_element_centres
10,1,300010,15,15,SCF-DAS,1499.99999981787,20.0000001151349,1449.40600585938,1553.5126953125,1000.0000001159,14.9999998589964,-0.0396091770074192,0.999793254526461,0.949415822590215,0.312346084003247,0.900729299466099,0.329583865666589,30.695684804222,476.510113655557,0.000621633340370123,1.81447111491399e-05,0.0681937,shared_delay_plus_weighting,scalar_straight_ray_c1500,physical_element_centres
10,1,300010,15,15,DMAS,1499.99999981787,20.0000001151349,1449.40600585938,1553.5126953125,1000.0000001159,14.9999998589964,-0.0396091770074192,0.997598335762623,0.852303033100615,0.51777699424233,0.466253804822205,0.712541496947543,20.7807326444056,113.547227077708,0.00388699448929769,0.000355285344060804,0.0868438,shared_delay_plus_weighting,scalar_straight_ray_c1500,physical_element_centres
10,1,300010,15,15,DS-DMAS,1499.99999981787,20.0000001151349,1449.40600585938,1553.5126953125,1000.0000001159,14.9999998589964,-0.0396091770074192,0.999096657715013,0.926717036603524,0.361851194818055,0.873141889753643,0.43150922455268,21.5047212445267,155.872490994677,0.00207858105979129,0.000174795763870445,2.4035632,shared_delay_plus_weighting,scalar_straight_ray_c1500,physical_element_centres
10,1,300010,15,15,TR,1499.99999981787,20.0000001151349,1449.40600585938,1553.5126953125,1000.0000001159,14.9999998589964,-0.0396091770074192,0.778192055155017,0.695966147245637,0.727715304675326,0.650907228117897,2.32059307553432,16.9927320922823,1.94117975835815,0.272731247859434,0.0385565613818367,28.9052456,direct_TR_wall_time,heterogeneous_recorded_c_rho,equivalent_element_centres
10,1,300010,20,20,DAS,1499.99999981787,20.0000001151349,1449.40600585938,1553.5126953125,1000.0000001159,14.9999998589964,-0.0396091770074192,0.98338209118781,0.671827945364738,0.748267248597621,0.715430033670111,2.29650036409953,17.7929967194549,32.7842967105186,0.0172426798146025,0.00222307916146228,0.0677236,shared_delay_plus_weighting,scalar_straight_ray_c1500,physical_element_centres
10,1,300010,20,20,CF-DAS,1499.99999981787,20.0000001151349,1449.40600585938,1553.5126953125,1000.0000001159,14.9999998589964,-0.0396091770074192,0.998477034264852,0.677406851961988,0.734658695791549,0.874545746442858,1.16001663643842,25.7224368389978,355.076779052381,0.00188954110842174,9.77765035079621e-05,0.0678127,shared_delay_plus_weighting,scalar_straight_ray_c1500,physical_element_centres
10,1,300010,20,20,SCF-DAS,1499.99999981787,20.0000001151349,1449.40600585938,1553.5126953125,1000.0000001159,14.9999998589964,-0.0396091770074192,0.999790310143505,0.949180781539784,0.313066639831818,0.900010384051872,0.33125746402008,30.4859933749737,471.941161469809,0.000628167853565726,1.87834792269966e-05,0.0856483,shared_delay_plus_weighting,scalar_straight_ray_c1500,physical_element_centres
10,1,300010,20,20,DMAS,1499.99999981787,20.0000001151349,1449.40600585938,1553.5126953125,1000.0000001159,14.9999998589964,-0.0396091770074192,0.9976026583156,0.853781835485908,0.515032980631168,0.475726087496604,0.707813995271774,20.7607804565115,112.698938215533,0.00389611508094515,0.000356937973380299,0.1046426,shared_delay_plus_weighting,scalar_straight_ray_c1500,physical_element_centres
10,1,300010,20,20,DS-DMAS,1499.99999981787,20.0000001151349,1449.40600585938,1553.5126953125,1000.0000001159,14.9999998589964,-0.0396091770074192,0.999090085835163,0.926886911354567,0.361152598673972,0.871045145600224,0.431420685687527,21.4500229172414,154.397357039184,0.00209327774994739,0.000177143699927293,2.4289549,shared_delay_plus_weighting,scalar_straight_ray_c1500,physical_element_centres
10,1,300010,20,20,TR,1499.99999981787,20.0000001151349,1449.40600585938,1553.5126953125,1000.0000001159,14.9999998589964,-0.0396091770074192,0.778145507689144,0.695743866276301,0.727933308451444,0.658567615779186,2.32113572808076,16.999431854807,1.94241672799363,0.272720639696477,0.038525334141282,28.2270921,direct_TR_wall_time,heterogeneous_recorded_c_rho,equivalent_element_centres
10,1,300010,30,30,DAS,1499.99999981787,20.0000001151349,1449.40600585938,1553.5126953125,1000.0000001159,14.9999998589964,-0.0396091770074192,0.983379241442393,0.671278507156352,0.748933955209501,0.737024317326486,2.29902142208256,17.8074240634087,32.823417362608,0.0172439838714112,0.00221955752269459,0.0636638,shared_delay_plus_weighting,scalar_straight_ray_c1500,physical_element_centres
10,1,300010,30,30,CF-DAS,1499.99999981787,20.0000001151349,1449.40600585938,1553.5126953125,1000.0000001159,14.9999998589964,-0.0396091770074192,0.99847619459909,0.677436002228879,0.734641061009909,0.874549088615014,1.15961647607271,25.7296109058923,354.855055511294,0.00189097872463488,9.7770108544226e-05,0.0637438,shared_delay_plus_weighting,scalar_straight_ray_c1500,physical_element_centres
10,1,300010,30,30,SCF-DAS,1499.99999981787,20.0000001151349,1449.40600585938,1553.5126953125,1000.0000001159,14.9999998589964,-0.0396091770074192,0.999791717441508,0.948520734246077,0.315011078106747,0.899582472207856,0.334099737269807,30.281379922182,481.147414127118,0.000619425876722909,1.89635808715819e-05,0.0818732,shared_delay_plus_weighting,scalar_straight_ray_c1500,physical_element_centres
10,1,300010,30,30,DMAS,1499.99999981787,20.0000001151349,1449.40600585938,1553.5126953125,1000.0000001159,14.9999998589964,-0.0396091770074192,0.997594772382493,0.852688152405181,0.515952328282161,0.50546845431911,0.709129511223814,20.796401044989,113.105127790351,0.00389916512193316,0.000355755460528921,0.1010267,shared_delay_plus_weighting,scalar_straight_ray_c1500,physical_element_centres
10,1,300010,30,30,DS-DMAS,1499.99999981787,20.0000001151349,1449.40600585938,1553.5126953125,1000.0000001159,14.9999998589964,-0.0396091770074192,0.999085046617925,0.926400950167299,0.362691813275735,0.871765358932851,0.433941285937212,21.4417627059866,154.529413076718,0.00209777643002764,0.000177693305459799,2.4195062,shared_delay_plus_weighting,scalar_straight_ray_c1500,physical_element_centres
10,1,300010,30,30,TR,1499.99999981787,20.0000001151349,1449.40600585938,1553.5126953125,1000.0000001159,14.9999998589964,-0.0396091770074192,0.778124968572453,0.69563423641649,0.728040675228926,0.661795790250248,2.32143945873024,17.0028914318152,1.94305469713909,0.272713168269182,0.0385089375971816,28.6453931,direct_TR_wall_time,heterogeneous_recorded_c_rho,equivalent_element_centres
11,0,300011,5,5,DAS,1500.00000018875,19.9999999113814,1448.5361328125,1545.09912109375,999.99999998841,14.9999998753783,-0.389161914089575,0.985671325182726,0.697643472397173,0.725206742389098,0.321085254683259,2.16542880074178,17.2395967461941,35.5741942700885,0.015033046707076,0.00206569961936937,0.0607609,shared_delay_plus_weighting,scalar_straight_ray_c1500,physical_element_centres
11,0,300011,5,5,CF-DAS,1500.00000018875,19.9999999113814,1448.5361328125,1545.09912109375,999.99999998841,14.9999998753783,-0.389161914089575,0.998923187430331,0.681927795887805,0.730282323835887,0.867411310106962,1.1359558834347,25.9675995746405,496.580125546142,0.00134741793112783,6.77832430884612e-05,0.0609711,shared_delay_plus_weighting,scalar_straight_ray_c1500,physical_element_centres
11,0,300011,5,5,SCF-DAS,1500.00000018875,19.9999999113814,1448.5361328125,1545.09912109375,999.99999998841,14.9999998753783,-0.389161914089575,0.999860614015614,0.938277570943649,0.343995604050863,0.897056285238029,0.367740475898946,31.2815730861359,857.861032951968,0.000381841328225021,1.04184779696001e-05,0.0789562,shared_delay_plus_weighting,scalar_straight_ray_c1500,physical_element_centres
11,0,300011,5,5,DMAS,1500.00000018875,19.9999999113814,1448.5361328125,1545.09912109375,999.99999998841,14.9999998753783,-0.389161914089575,0.9980112169222,0.846351029176409,0.531501305988215,0.366833615794921,0.738797209319021,20.8565393784956,142.285209491325,0.00316558741438257,0.000286831828642902,0.101166,shared_delay_plus_weighting,scalar_straight_ray_c1500,physical_element_centres
11,0,300011,5,5,DS-DMAS,1500.00000018875,19.9999999113814,1448.5361328125,1545.09912109375,999.99999998841,14.9999998753783,-0.389161914089575,0.999335530048636,0.920098629815088,0.379036741166439,0.86537311272797,0.452107855713369,22.0946489747311,230.464209397764,0.00148355236610163,0.000116565607607474,2.4371881,shared_delay_plus_weighting,scalar_straight_ray_c1500,physical_element_centres
11,0,300011,5,5,TR,1500.00000018875,19.9999999113814,1448.5361328125,1545.09912109375,999.99999998841,14.9999998753783,-0.389161914089575,0.779404508707777,0.700188366678673,0.723531002320737,0.568496831306492,2.29439607203142,16.8870470146296,1.92129719100718,0.27272876893975,0.0390282071484799,28.4043905,direct_TR_wall_time,heterogeneous_recorded_c_rho,equivalent_element_centres
11,0,300011,10,10,DAS,1500.00000018875,19.9999999113814,1448.5361328125,1545.09912109375,999.99999998841,14.9999998753783,-0.389161914089575,0.985660913132323,0.682002195860339,0.7395784485165,0.504017873648315,2.17938885660004,17.7208165257295,37.0642784686728,0.0150296721309544,0.00195392855760882,0.0581467,shared_delay_plus_weighting,scalar_straight_ray_c1500,physical_element_centres
11,0,300011,10,10,CF-DAS,1500.00000018875,19.9999999113814,1448.5361328125,1545.09912109375,999.99999998841,14.9999998753783,-0.389161914089575,0.998906869614235,0.678130850485492,0.733701617437485,0.874611859299481,1.14008891160997,26.2887049523868,493.890591595142,0.00136487596967952,6.6169513247699e-05,0.0582526,shared_delay_plus_weighting,scalar_straight_ray_c1500,physical_element_centres
11,0,300011,10,10,SCF-DAS,1500.00000018875,19.9999999113814,1448.5361328125,1545.09912109375,999.99999998841,14.9999998753783,-0.389161914089575,0.999839093426323,0.940235515476033,0.338411375998886,0.89915878230352,0.361715038782672,31.5004229198215,720.206723042226,0.000446423409588022,1.18775211956424e-05,0.0757163,shared_delay_plus_weighting,scalar_straight_ray_c1500,physical_element_centres
11,0,300011,10,10,DMAS,1500.00000018875,19.9999999113814,1448.5361328125,1545.09912109375,999.99999998841,14.9999998753783,-0.389161914089575,0.997986411309712,0.852057112810278,0.521876293656177,0.395275909350397,0.714879410430529,21.0346495022005,135.71008753711,0.00327295357260821,0.000290540961684241,0.0941144,shared_delay_plus_weighting,scalar_straight_ray_c1500,physical_element_centres
11,0,300011,10,10,DS-DMAS,1500.00000018875,19.9999999113814,1448.5361328125,1545.09912109375,999.99999998841,14.9999998753783,-0.389161914089575,0.999276538252347,0.922583769144325,0.37201764853427,0.867375275328853,0.44411993299507,21.9119289357014,205.305165922156,0.0016328567106771,0.000131024233776161,2.3919715,shared_delay_plus_weighting,scalar_straight_ray_c1500,physical_element_centres
11,0,300011,10,10,TR,1500.00000018875,19.9999999113814,1448.5361328125,1545.09912109375,999.99999998841,14.9999998753783,-0.389161914089575,0.778691105578079,0.697960559236351,0.725726321507517,0.623355853846288,2.30083249979609,16.9482655111399,1.93097905645887,0.272948701532113,0.0387853537676236,28.0551267,direct_TR_wall_time,heterogeneous_recorded_c_rho,equivalent_element_centres
11,0,300011,15,15,DAS,1500.00000018875,19.9999999113814,1448.5361328125,1545.09912109375,999.99999998841,14.9999998753783,-0.389161914089575,0.985657016082954,0.676526059899958,0.744305741721174,0.628270467136017,2.1818637022708,17.8936698391596,37.5766696947589,0.0150312845063437,0.00191563429323834,0.0480784,shared_delay_plus_weighting,scalar_straight_ray_c1500,physical_element_centres
11,0,300011,15,15,CF-DAS,1500.00000018875,19.9999999113814,1448.5361328125,1545.09912109375,999.99999998841,14.9999998753783,-0.389161914089575,0.998900389286644,0.677084743835559,0.734617283017196,0.876101407180174,1.13978363202962,26.4337219375478,492.268575639647,0.00137279575987524,6.54515343893967e-05,0.0481495,shared_delay_plus_weighting,scalar_straight_ray_c1500,physical_element_centres
11,0,300011,15,15,SCF-DAS,1500.00000018875,19.9999999113814,1448.5361328125,1545.09912109375,999.99999998841,14.9999998753783,-0.389161914089575,0.999832733564091,0.938179431689028,0.344069448535972,0.897935963809339,0.368756114445833,31.1714184317391,715.897862898006,0.000455804306254831,1.25952705965335e-05,0.0649145,shared_delay_plus_weighting,scalar_straight_ray_c1500,physical_element_centres
11,0,300011,15,15,DMAS,1500.00000018875,19.9999999113814,1448.5361328125,1545.09912109375,999.99999998841,14.9999998753783,-0.389161914089575,0.997985512784002,0.855363686932736,0.516170129450242,0.406874588256521,0.702948147203147,21.0504538350147,132.84397204367,0.00330930057441515,0.000293233458709681,0.0826429,shared_delay_plus_weighting,scalar_straight_ray_c1500,physical_element_centres
11,0,300011,15,15,DS-DMAS,1500.00000018875,19.9999999113814,1448.5361328125,1545.09912109375,999.99999998841,14.9999998753783,-0.389161914089575,0.999257865816675,0.923630501822526,0.36879268212657,0.864383927898369,0.441263923466081,21.735629897693,197.523875196915,0.00167977460676637,0.00013755282584555,2.3992941,shared_delay_plus_weighting,scalar_straight_ray_c1500,physical_element_centres
11,0,300011,15,15,TR,1500.00000018875,19.9999999113814,1448.5361328125,1545.09912109375,999.99999998841,14.9999998753783,-0.389161914089575,0.778399103912227,0.69715430183658,0.72651501532749,0.644628655979471,2.30355140133338,16.9700127661227,1.93405608340717,0.273082425763487,0.0387073209635019,28.3832898,direct_TR_wall_time,heterogeneous_recorded_c_rho,equivalent_element_centres
11,0,300011,20,20,DAS,1500.00000018875,19.9999999113814,1448.5361328125,1545.09912109375,999.99999998841,14.9999998753783,-0.389161914089575,0.985655443804222,0.674654401939949,0.745816592123473,0.684130784459511,2.18152117845275,17.9547683087288,37.7501307736067,0.0150333009894012,0.00190246176548268,0.068044,shared_delay_plus_weighting,scalar_straight_ray_c1500,physical_element_centres
11,0,300011,20,20,CF-DAS,1500.00000018875,19.9999999113814,1448.5361328125,1545.09912109375,999.99999998841,14.9999998753783,-0.389161914089575,0.998897654783121,0.676844501421665,0.734813391373039,0.876599611059469,1.13876310454226,26.5038786641229,491.342107262115,0.0013765994742553,6.51048984973644e-05,0.0681361,shared_delay_plus_weighting,scalar_straight_ray_c1500,physical_element_centres
11,0,300011,20,20,SCF-DAS,1500.00000018875,19.9999999113814,1448.5361328125,1545.09912109375,999.99999998841,14.9999998753783,-0.389161914089575,0.999829419435003,0.938518505462994,0.343093729401288,0.897796302477373,0.367957336018088,31.0924195555886,698.249706965972,0.000465766838028884,1.29881586933483e-05,0.0851736,shared_delay_plus_weighting,scalar_straight_ray_c1500,physical_element_centres
11,0,300011,20,20,DMAS,1500.00000018875,19.9999999113814,1448.5361328125,1545.09912109375,999.99999998841,14.9999998753783,-0.389161914089575,0.997986516390933,0.856519167117089,0.513985871678843,0.415651793503064,0.69835947359544,21.0644003268397,131.926966940431,0.00332098229019967,0.000293796449647965,0.1034326,shared_delay_plus_weighting,scalar_straight_ray_c1500,physical_element_centres
11,0,300011,20,20,DS-DMAS,1500.00000018875,19.9999999113814,1448.5361328125,1545.09912109375,999.99999998841,14.9999998753783,-0.389161914089575,0.999252043958509,0.924165197436765,0.367268659509078,0.86290998048474,0.439661684018222,21.7081655736993,194.661623796675,0.00169769926853007,0.000139460906193172,2.4241253,shared_delay_plus_weighting,scalar_straight_ray_c1500,physical_element_centres
11,0,300011,20,20,TR,1500.00000018875,19.9999999113814,1448.5361328125,1545.09912109375,999.99999998841,14.9999998753783,-0.389161914089575,0.778269464569908,0.696844500808042,0.726816385082676,0.652024431778245,2.30479348083307,16.9781672491825,1.93502993178229,0.273160790536767,0.0386820960033782,28.3205447,direct_TR_wall_time,heterogeneous_recorded_c_rho,equivalent_element_centres
11,0,300011,30,30,DAS,1500.00000018875,19.9999999113814,1448.5361328125,1545.09912109375,999.99999998841,14.9999998753783,-0.389161914089575,0.985654430309182,0.6737635942508,0.746443512009902,0.711153289694728,2.18018830715416,17.9857456223019,37.8317989685336,0.0150357315687119,0.00189599541419177,0.058735,shared_delay_plus_weighting,scalar_straight_ray_c1500,physical_element_centres
11,0,300011,30,30,CF-DAS,1500.00000018875,19.9999999113814,1448.5361328125,1545.09912109375,999.99999998841,14.9999998753783,-0.389161914089575,0.998895806882978,0.676840790125745,0.734795940004699,0.876886752346151,1.13736336344613,26.5584964292012,490.523999414422,0.0013795410154694,6.48350418722509e-05,0.0588634,shared_delay_plus_weighting,scalar_straight_ray_c1500,physical_element_centres
11,0,300011,30,30,SCF-DAS,1500.00000018875,19.9999999113814,1448.5361328125,1545.09912109375,999.99999998841,14.9999998753783,-0.389161914089575,0.999829987326676,0.937389994886666,0.346058693216167,0.897903449647056,0.371752285127287,31.1964971638564,713.036512360806,0.000460147596340462,1.2678629168872e-05,0.0757561,shared_delay_plus_weighting,scalar_straight_ray_c1500,physical_element_centres
11,0,300011,30,30,DMAS,1500.00000018875,19.9999999113814,1448.5361328125,1545.09912109375,999.99999998841,14.9999998753783,-0.389161914089575,0.997977664794288,0.855098935195837,0.515391227412649,0.44393763313202,0.699279545319754,21.1545038452415,132.55116996418,0.00332767231976129,0.000291350227750295,0.0935095,shared_delay_plus_weighting,scalar_straight_ray_c1500,physical_element_centres
11,0,300011,30,30,DS-DMAS,1500.00000018875,19.9999999113814,1448.5361328125,1545.09912109375,999.99999998841,14.9999998753783,-0.389161914089575,0.999247225825044,0.923581656344612,0.369105307088752,0.865962131218373,0.442618223698325,21.6957627482595,194.845841009176,0.00170210026038057,0.000140022233473415,2.4034923,shared_delay_plus_weighting,scalar_straight_ray_c1500,physical_element_centres
11,0,300011,30,30,TR,1500.00000018875,19.9999999113814,1448.5361328125,1545.09912109375,999.99999998841,14.9999998753783,-0.389161914089575,0.778176122038798,0.696658147556959,0.726996484498354,0.655246964927457,2.30571350402606,16.982897315181,1.93543472725504,0.273231519859927,0.0386710471426113,28.3018744,direct_TR_wall_time,heterogeneous_recorded_c_rho,equivalent_element_centres
12,0,300012,5,5,DAS,1499.99999968542,20.0000001586766,1421.03796386719,1543.47937011719,999.999999900659,14.999999811688,0.0941792268228103,0.9833790580528,0.686171844365094,0.73196827001907,0.372242646744714,2.2434554975978,17.407586401214,31.5961992509619,0.0173003035731585,0.00233170929425923,0.0435208,shared_delay_plus_weighting,scalar_straight_ray_c1500,physical_element_centres
12,0,300012,5,5,CF-DAS,1499.99999968542,20.0000001586766,1421.03796386719,1543.47937011719,999.999999900659,14.999999811688,0.0941792268228103,0.998437524018018,0.678162141731131,0.733808913993135,0.867758135790888,1.14612169070838,25.9173342081826,345.436357943106,0.00194413783195762,9.83694721772787e-05,0.0435818,shared_delay_plus_weighting,scalar_straight_ray_c1500,physical_element_centres
12,0,300012,5,5,SCF-DAS,1499.99999968542,20.0000001586766,1421.03796386719,1543.47937011719,999.999999900659,14.999999811688,0.0941792268228103,0.999801741195281,0.944168867087611,0.3274108949901,0.900215644820617,0.343549104305899,32.7006346024172,547.046026878708,0.000571830213166451,1.32505946255266e-05,0.0603852,shared_delay_plus_weighting,scalar_straight_ray_c1500,physical_element_centres
12,0,300012,5,5,DMAS,1499.99999968542,20.0000001586766,1421.03796386719,1543.47937011719,999.999999900659,14.999999811688,0.0941792268228103,0.997454664167862,0.833991647569316,0.547068921232671,0.431401295584921,0.754721220102458,21.4415110665911,119.26436962764,0.0039646477512384,0.000335837396193286,0.0775321,shared_delay_plus_weighting,scalar_straight_ray_c1500,physical_element_centres
12,0,300012,5,5,DS-DMAS,1499.99999968542,20.0000001586766,1421.03796386719,1543.47937011719,999.999999900659,14.999999811688,0.0941792268228103,0.999088058550284,0.91886305663579,0.382962536429947,0.878843226610991,0.43664157552375,24.0107462667574,170.300837392695,0.00208768135403645,0.000131560919152319,2.3805783,shared_delay_plus_weighting,scalar_straight_ray_c1500,physical_element_centres
12,0,300012,5,5,TR,1499.99999968542,20.0000001586766,1421.03796386719,1543.47937011719,999.999999900659,14.999999811688,0.0941792268228103,0.779978952862977,0.698415637685398,0.725482172378826,0.566608741987354,2.31205903089394,16.9411240332813,1.94248265916968,0.271107556401372,0.038555418442231,28.0939569,direct_TR_wall_time,heterogeneous_recorded_c_rho,equivalent_element_centres
12,0,300012,10,10,DAS,1499.99999968542,20.0000001586766,1421.03796386719,1543.47937011719,999.999999900659,14.999999811688,0.0941792268228103,0.983410220546675,0.675558229635867,0.743250436152773,0.550575624785296,2.26625531381623,17.7176216045142,32.5347131144711,0.0172501559905561,0.00224342702111936,0.0457553,shared_delay_plus_weighting,scalar_straight_ray_c1500,physical_element_centres
12,0,300012,10,10,CF-DAS,1499.99999968542,20.0000001586766,1421.03796386719,1543.47937011719,999.999999900659,14.999999811688,0.0941792268228103,0.99842931837825,0.673919422990308,0.737820832956556,0.871891511226779,1.15974528469511,25.9509692865531,347.285619297709,0.00194477161186173,9.80212286951487e-05,0.0458496,shared_delay_plus_weighting,scalar_straight_ray_c1500,physical_element_centres
12,0,300012,10,10,SCF-DAS,1499.99999968542,20.0000001586766,1421.03796386719,1543.47937011719,999.999999900659,14.999999811688,0.0941792268228103,0.999779694808365,0.944589380485188,0.326188661365635,0.900749706930327,0.342976075095627,32.2804097857136,488.651703587829,0.000636532762708326,1.54810449864617e-05,0.0653365,shared_delay_plus_weighting,scalar_straight_ray_c1500,physical_element_centres
12,0,300012,10,10,DMAS,1499.99999968542,20.0000001586766,1421.03796386719,1543.47937011719,999.999999900659,14.999999811688,0.0941792268228103,0.997462332683938,0.841869215749581,0.534480145159783,0.458406249859991,0.730553646754394,21.3623328378381,114.41682846069,0.00403318360195755,0.000344771494064939,0.0823101,shared_delay_plus_weighting,scalar_straight_ray_c1500,physical_element_centres
12,0,300012,10,10,DS-DMAS,1499.99999968542,20.0000001586766,1421.03796386719,1543.47937011719,999.999999900659,14.999999811688,0.0941792268228103,0.999033935526151,0.92182285379232,0.374977354882693,0.878232578661555,0.429538574612656,23.5267257347154,155.093829538516,0.00223537415795178,0.000148940888138769,2.364088,shared_delay_plus_weighting,scalar_straight_ray_c1500,physical_element_centres
12,0,300012,10,10,TR,1499.99999968542,20.0000001586766,1421.03796386719,1543.47937011719,999.999999900659,14.999999811688,0.0941792268228103,0.779736272015285,0.69689617819275,0.726883241043396,0.622629908337243,2.31258491340201,16.986694318758,1.95189739208172,0.270889186375098,0.0383227753079387,27.9337218,direct_TR_wall_time,heterogeneous_recorded_c_rho,equivalent_element_centres
12,0,300012,15,15,DAS,1499.99999968542,20.0000001586766,1421.03796386719,1543.47937011719,999.999999900659,14.999999811688,0.0941792268228103,0.983429646481428,0.672235419831082,0.747091819913006,0.656554885564636,2.27494455021587,17.8147619991531,32.8457283961226,0.0172247679600139,0.00221521192244493,0.0489081,shared_delay_plus_weighting,scalar_straight_ray_c1500,physical_element_centres
12,0,300012,15,15,CF-DAS,1499.99999968542,20.0000001586766,1421.03796386719,1543.47937011719,999.999999900659,14.999999811688,0.0941792268228103,0.998428775894431,0.672357595709117,0.739293613582832,0.872770426415651,1.16530364454755,25.9447063991562,348.504916486972,0.00194175740708092,9.79398987122517e-05,0.0490645,shared_delay_plus_weighting,scalar_straight_ray_c1500,physical_element_centres
12,0,300012,15,15,SCF-DAS,1499.99999968542,20.0000001586766,1421.03796386719,1543.47937011719,999.999999900659,14.999999811688,0.0941792268228103,0.99976889817585,0.945252841504192,0.324252675846997,0.900616171037019,0.341326102915648,32.0092076870908,460.375839654492,0.000671045910001718,1.68380521142181e-05,0.0671526,shared_delay_plus_weighting,scalar_straight_ray_c1500,physical_element_centres
12,0,300012,15,15,DMAS,1499.99999968542,20.0000001586766,1421.03796386719,1543.47937011719,999.999999900659,14.999999811688,0.0941792268228103,0.99747404312059,0.84571507858158,0.528127234474918,0.470330682408544,0.719584276914443,21.2852187851164,112.376221990829,0.00405281184655232,0.000349538889922782,0.0851781,shared_delay_plus_weighting,scalar_straight_ray_c1500,physical_element_centres
12,0,300012,15,15,DS-DMAS,1499.99999968542,20.0000001586766,1421.03796386719,1543.47937011719,999.999999900659,14.999999811688,0.0941792268228103,0.999014981261815,0.922501382430261,0.372748923896309,0.875139314098395,0.428061915346721,23.3461544248496,150.830092781153,0.00228209825255097,0.000155248215608148,2.3805589,shared_delay_plus_weighting,scalar_straight_ray_c1500,physical_element_centres
12,0,300012,15,15,TR,1499.99999968542,20.0000001586766,1421.03796386719,1543.47937011719,999.999999900659,14.999999811688,0.0941792268228103,0.779704374975238,0.696480812831417,0.727236530357579,0.64433687875758,2.31190814260186,17.0000013109319,1.95486851075185,0.270777595320925,0.0382483461906535,28.255357,direct_TR_wall_time,heterogeneous_recorded_c_rho,equivalent_element_centres
12,0,300012,20,20,DAS,1499.99999968542,20.0000001586766,1421.03796386719,1543.47937011719,999.999999900659,14.999999811688,0.0941792268228103,0.983441171908524,0.671286455947968,0.748410922153486,0.700480673925362,2.27846645628241,17.8423964168168,32.9464116199746,0.0172113849560795,0.00220645968880595,0.0469716,shared_delay_plus_weighting,scalar_straight_ray_c1500,physical_element_centres
12,0,300012,20,20,CF-DAS,1499.99999968542,20.0000001586766,1421.03796386719,1543.47937011719,999.999999900659,14.999999811688,0.0941792268228103,0.99842980147713,0.671751803659069,0.73986859758864,0.873040097221554,1.16771973555772,25.9334023635301,349.251666454716,0.00193897170815272,9.79267528722642e-05,0.0470248,shared_delay_plus_weighting,scalar_straight_ray_c1500,physical_element_centres
12,0,300012,20,20,SCF-DAS,1499.99999968542,20.0000001586766,1421.03796386719,1543.47937011719,999.999999900659,14.999999811688,0.0941792268228103,0.999763300702879,0.94521562741983,0.324346705204769,0.900366135754668,0.34152835921549,31.8861105495476,449.775522467629,0.000686553091114138,1.74730451595234e-05,0.063296,shared_delay_plus_weighting,scalar_straight_ray_c1500,physical_element_centres
12,0,300012,20,20,DMAS,1499.99999968542,20.0000001586766,1421.03796386719,1543.47937011719,999.999999900659,14.999999811688,0.0941792268228103,0.997477833553738,0.847037699046982,0.525760342204754,0.479852945581511,0.71563364373221,21.2548732359937,111.656834210136,0.00405985635663707,0.000351371883061105,0.081718,shared_delay_plus_weighting,scalar_straight_ray_c1500,physical_element_centres
12,0,300012,20,20,DS-DMAS,1499.99999968542,20.0000001586766,1421.03796386719,1543.47937011719,999.999999900659,14.999999811688,0.0941792268228103,0.999004685829723,0.922664452754811,0.372121208693613,0.873249538635028,0.427678417015651,23.2776333381667,148.963023498684,0.00230555753200744,0.000158086322590643,2.375731,shared_delay_plus_weighting,scalar_straight_ray_c1500,physical_element_centres
12,0,300012,20,20,TR,1499.99999968542,20.0000001586766,1421.03796386719,1543.47937011719,999.999999900659,14.999999811688,0.0941792268228103,0.779719513444345,0.696388101912987,0.727296474615131,0.651765269234652,2.31121934077423,17.0035283680492,1.95579480396286,0.2707184015015,0.0382244599815629,28.5688435,direct_TR_wall_time,heterogeneous_recorded_c_rho,equivalent_element_centres
12,0,300012,30,30,DAS,1499.99999968542,20.0000001586766,1421.03796386719,1543.47937011719,999.999999900659,14.999999811688,0.0941792268228103,0.983451655038122,0.671016316342305,0.749059141573468,0.720405082259534,2.2807351883912,17.8500993043981,32.9895325294277,0.0172001595262894,0.00220306600816016,0.0489867,shared_delay_plus_weighting,scalar_straight_ray_c1500,physical_element_centres
12,0,300012,30,30,CF-DAS,1499.99999968542,20.0000001586766,1421.03796386719,1543.47937011719,999.999999900659,14.999999811688,0.0941792268228103,0.998431499588502,0.671385177453467,0.740221769571953,0.873170081237266,1.16941048465048,25.918804297449,349.944219529437,0.00193587374552763,9.79347491043034e-05,0.0490576,shared_delay_plus_weighting,scalar_straight_ray_c1500,physical_element_centres
12,0,300012,30,30,SCF-DAS,1499.99999968542,20.0000001586766,1421.03796386719,1543.47937011719,999.999999900659,14.999999811688,0.0941792268228103,0.999766895116783,0.944494220001319,0.326402843083855,0.900123410132038,0.344334663973838,31.5801045905664,462.566761290596,0.000671099503646966,1.76921938038812e-05,0.0666706,shared_delay_plus_weighting,scalar_straight_ray_c1500,physical_element_centres
12,0,300012,30,30,DMAS,1499.99999968542,20.0000001586766,1421.03796386719,1543.47937011719,999.999999900659,14.999999811688,0.0941792268228103,0.997474692879429,0.846210376659026,0.526330313393116,0.507979107737151,0.716635617253668,21.2750336065499,112.072959396847,0.00405687980535893,0.000350300260732316,0.0848706,shared_delay_plus_weighting,scalar_straight_ray_c1500,physical_element_centres
12,0,300012,30,30,DS-DMAS,1499.99999968542,20.0000001586766,1421.03796386719,1543.47937011719,999.999999900659,14.999999811688,0.0941792268228103,0.999004496444468,0.922362148858345,0.373093020271655,0.87414480879715,0.42968776937504,23.2084459893704,149.495166413457,0.00229919123420282,0.000158910573700348,2.3872547,shared_delay_plus_weighting,scalar_straight_ray_c1500,physical_element_centres
12,0,300012,30,30,TR,1499.99999968542,20.0000001586766,1421.03796386719,1543.47937011719,999.999999900659,14.999999811688,0.0941792268228103,0.779752463700997,0.696390708196806,0.727266467118768,0.654927990887662,2.31043133078874,17.0042647299846,1.95616429665348,0.270668502049657,0.0382141745464959,28.4689545,direct_TR_wall_time,heterogeneous_recorded_c_rho,equivalent_element_centres
13,0,300013,5,5,DAS,1499.99999996357,20.0000002432807,1449.34167480469,1553.79345703125,999.999999793039,14.9999998849401,-0.102847672987316,0.982829175038434,0.691840819248771,0.728369161820097,0.388442705843258,2.20793441115063,17.2995828456382,30.11740852263,0.0179307112066789,0.00244691212818901,0.0537044,shared_delay_plus_weighting,scalar_straight_ray_c1500,physical_element_centres
13,0,300013,5,5,CF-DAS,1499.99999996357,20.0000002432807,1449.34167480469,1553.79345703125,999.999999793039,14.9999998849401,-0.102847672987316,0.998326598136065,0.67928900620772,0.73327686244926,0.869990970383805,1.15160558862979,25.4627166818195,321.608007182572,0.00207894942621028,0.000110842953771716,0.0537628,shared_delay_plus_weighting,scalar_straight_ray_c1500,physical_element_centres
13,0,300013,5,5,SCF-DAS,1499.99999996357,20.0000002432807,1449.34167480469,1553.79345703125,999.999999793039,14.9999998849401,-0.102847672987316,0.999783797990462,0.950950170701449,0.307700767831331,0.903403175241842,0.319825640469114,32.4295043227138,442.160067676988,0.000665275404868762,1.59047282023208e-05,0.0709342,shared_delay_plus_weighting,scalar_straight_ray_c1500,physical_element_centres
13,0,300013,5,5,DMAS,1499.99999996357,20.0000002432807,1449.34167480469,1553.79345703125,999.999999793039,14.9999998849401,-0.102847672987316,0.997372630438186,0.84137165580066,0.534388699760583,0.465668454174633,0.738678004366377,20.9307410265135,110.817422108692,0.00413748162653321,0.000371705533913106,0.0884457,shared_delay_plus_weighting,scalar_straight_ray_c1500,physical_element_centres
13,0,300013,5,5,DS-DMAS,1499.99999996357,20.0000002432807,1449.34167480469,1553.79345703125,999.999999793039,14.9999998849401,-0.102847672987316,0.999030824585513,0.931350568790849,0.35272357263533,0.886855151961253,0.399299420630865,23.5056036702886,136.367499394715,0.00239217307823059,0.00015977632028754,2.4147789,shared_delay_plus_weighting,scalar_straight_ray_c1500,physical_element_centres
13,0,300013,5,5,TR,1499.99999996357,20.0000002432807,1449.34167480469,1553.79345703125,999.999999793039,14.9999998849401,-0.102847672987316,0.780575318806474,0.699795776302437,0.72394124852808,0.56649594593075,2.29139763253742,16.9209609170177,1.9383355983921,0.270862052970274,0.0386100283027239,28.3239895,direct_TR_wall_time,heterogeneous_recorded_c_rho,equivalent_element_centres
13,0,300013,10,10,DAS,1499.99999996357,20.0000002432807,1449.34167480469,1553.79345703125,999.999999793039,14.9999998849401,-0.102847672987316,0.982799679225086,0.680958245722724,0.739380906584968,0.563127718867169,2.2302458697108,17.6154427727694,30.9416724419539,0.0179386349819635,0.00236057201527075,0.056199,shared_delay_plus_weighting,scalar_straight_ray_c1500,physical_element_centres
13,0,300013,10,10,CF-DAS,1499.99999996357,20.0000002432807,1449.34167480469,1553.79345703125,999.999999793039,14.9999998849401,-0.102847672987316,0.998302996012399,0.675645858663621,0.736646338129156,0.873401883970583,1.16055561383823,25.6031809134716,320.04308928983,0.0021012431990692,0.000110234433638866,0.0563104,shared_delay_plus_weighting,scalar_straight_ray_c1500,physical_element_centres
13,0,300013,10,10,SCF-DAS,1499.99999996357,20.0000002432807,1449.34167480469,1553.79345703125,999.999999793039,14.9999998849401,-0.102847672987316,0.999753996410442,0.952659309881846,0.302457406475581,0.90390885223438,0.313780024980252,32.3990983415593,375.313406184912,0.000769889670940617,1.84702841165872e-05,0.0742928,shared_delay_plus_weighting,scalar_straight_ray_c1500,physical_element_centres
13,0,300013,10,10,DMAS,1499.99999996357,20.0000002432807,1449.34167480469,1553.79345703125,999.999999793039,14.9999998849401,-0.102847672987316,0.997358328639949,0.84803059457156,0.52339515386494,0.492398388254027,0.715344344003035,20.9559903359506,105.951276142298,0.00424482178992946,0.000380241877083217,0.0920399,shared_delay_plus_weighting,scalar_straight_ray_c1500,physical_element_centres
13,0,300013,10,10,DS-DMAS,1499.99999996357,20.0000002432807,1449.34167480469,1553.79345703125,999.999999793039,14.9999998849401,-0.102847672987316,0.998961661845065,0.932767222996981,0.348251595845684,0.885510627976675,0.395598991024697,23.1867513121432,124.71038144971,0.00257618774582206,0.000178500708597751,2.3979058,shared_delay_plus_weighting,scalar_straight_ray_c1500,physical_element_centres
13,0,300013,10,10,TR,1499.99999996357,20.0000002432807,1449.34167480469,1553.79345703125,999.999999793039,14.9999998849401,-0.102847672987316,0.779759763156204,0.697400497281559,0.726296943485487,0.625173182799728,2.30290977390516,16.9805200373018,1.94810371431876,0.271113702897855,0.038381811376712,28.5841143,direct_TR_wall_time,heterogeneous_recorded_c_rho,equivalent_element_centres
13,0,300013,15,15,DAS,1499.99999996357,20.0000002432807,1449.34167480469,1553.79345703125,999.999999793039,14.9999998849401,-0.102847672987316,0.982785000260408,0.677224817342747,0.743236773881945,0.663498808315404,2.2391308412097,17.7227186165154,31.2122680099608,0.0179457406320782,0.00233252042732932,0.0521886,shared_delay_plus_weighting,scalar_straight_ray_c1500,physical_element_centres
13,0,300013,15,15,CF-DAS,1499.99999996357,20.0000002432807,1449.34167480469,1553.79345703125,999.999999793039,14.9999998849401,-0.102847672987316,0.998293962409789,0.674330277547969,0.737847014012614,0.874056610370539,1.16362370720439,25.6625096798642,319.389123483788,0.00211012653331115,0.000109946906510085,0.0523174,shared_delay_plus_weighting,scalar_straight_ray_c1500,physical_element_centres
13,0,300013,15,15,SCF-DAS,1499.99999996357,20.0000002432807,1449.34167480469,1553.79345703125,999.999999793039,14.9999998849401,-0.102847672987316,0.999744790143801,0.952134342547692,0.304246851975481,0.902352215901216,0.315913669703258,31.9502876521127,365.676860749965,0.00079329277252281,2.00409873983208e-05,0.0697707,shared_delay_plus_weighting,scalar_straight_ray_c1500,physical_element_centres
13,0,300013,15,15,DMAS,1499.99999996357,20.0000002432807,1449.34167480469,1553.79345703125,999.999999793039,14.9999998849401,-0.102847672987316,0.997363529374596,0.851503507251455,0.517460710733325,0.504016081030551,0.704580860643569,20.9029498427877,103.919263236425,0.0042757492050562,0.000385358312496024,0.0883452,shared_delay_plus_weighting,scalar_straight_ray_c1500,physical_element_centres
13,0,300013,15,15,DS-DMAS,1499.99999996357,20.0000002432807,1449.34167480469,1553.79345703125,999.999999793039,14.9999998849401,-0.102847672987316,0.998941313008574,0.933200667544482,0.34658068156675,0.882412488041858,0.394502891894307,23.0182092991736,121.540529713783,0.00262726015051849,0.000185606257415138,2.3987709,shared_delay_plus_weighting,scalar_straight_ray_c1500,physical_element_centres
13,0,300013,15,15,TR,1499.99999996357,20.0000002432807,1449.34167480469,1553.79345703125,999.999999793039,14.9999998849401,-0.102847672987316,0.779409617448571,0.696506126076595,0.727169727314669,0.648148833805465,2.30851490202856,17.0010823308133,1.95117631645542,0.27126516072364,0.0383124480743487,28.1425679,direct_TR_wall_time,heterogeneous_recorded_c_rho,equivalent_element_centres
13,0,300013,20,20,DAS,1499.99999996357,20.0000002432807,1449.34167480469,1553.79345703125,999.999999793039,14.9999998849401,-0.102847672987316,0.982777348993599,0.675951319640044,0.744627230287522,0.704112693549069,2.2429279102709,17.75859275663,31.2992486394223,0.0179505733491315,0.00232353215429921,0.0574213,shared_delay_plus_weighting,scalar_straight_ray_c1500,physical_element_centres
13,0,300013,20,20,CF-DAS,1499.99999996357,20.0000002432807,1449.34167480469,1553.79345703125,999.999999793039,14.9999998849401,-0.102847672987316,0.998290292081627,0.673829804318367,0.738299319923491,0.87424125966261,1.16469704897978,25.6896720041986,319.097960028487,0.00211391380439226,0.000109800337391767,0.0575327,shared_delay_plus_weighting,scalar_straight_ray_c1500,physical_element_centres
13,0,300013,20,20,SCF-DAS,1499.99999996357,20.0000002432807,1449.34167480469,1553.79345703125,999.999999793039,14.9999998849401,-0.102847672987316,0.999743948676316,0.951576971748297,0.30601159906702,0.901367655113619,0.318229206132745,31.7790433356752,368.618158511418,0.000791026430148505,2.03816259868822e-05,0.0745606,shared_delay_plus_weighting,scalar_straight_ray_c1500,physical_element_centres
13,0,300013,20,20,DMAS,1499.99999996357,20.0000002432807,1449.34167480469,1553.79345703125,999.999999793039,14.9999998849401,-0.102847672987316,0.997366372209661,0.852455816645701,0.515662205951789,0.512438149287275,0.701397565557484,20.8870776401746,103.414861851537,0.00428207897478601,0.000386634666087763,0.09214,shared_delay_plus_weighting,scalar_straight_ray_c1500,physical_element_centres
13,0,300013,20,20,DS-DMAS,1499.99999996357,20.0000002432807,1449.34167480469,1553.79345703125,999.999999793039,14.9999998849401,-0.102847672987316,0.998936695597755,0.933238868432335,0.346293957823285,0.88074458237407,0.394383076171927,22.9755416793732,120.943738428835,0.00263747912714652,0.000187245740627208,2.5951636,shared_delay_plus_weighting,scalar_straight_ray_c1500,physical_element_centres
13,0,300013,20,20,TR,1499.99999996357,20.0000002432807,1449.34167480469,1553.79345703125,999.999999793039,14.9999998849401,-0.102847672987316,0.779247063389585,0.696148781974004,0.727516504621649,0.656004628929083,2.3113868438139,17.0084960699807,1.95213137946472,0.271353487172063,0.0382922251304177,28.3962708,direct_TR_wall_time,heterogeneous_recorded_c_rho,equivalent_element_centres
13,0,300013,30,30,DAS,1499.99999996357,20.0000002432807,1449.34167480469,1553.79345703125,999.999999793039,14.9999998849401,-0.102847672987316,0.982770985235147,0.675338404559152,0.745378689922984,0.722407539816919,2.24554124962367,17.7751089566021,31.3361012139206,0.0179553159264629,0.00231973087661652,0.044197,shared_delay_plus_weighting,scalar_straight_ray_c1500,physical_element_centres
13,0,300013,30,30,CF-DAS,1499.99999996357,20.0000002432807,1449.34167480469,1553.79345703125,999.999999793039,14.9999998849401,-0.102847672987316,0.998287920857201,0.673534343210141,0.738563450806087,0.874319435251627,1.16524706109707,25.7097697522515,318.888414776118,0.0021165106186075,0.000109681142099425,0.0443786,shared_delay_plus_weighting,scalar_straight_ray_c1500,physical_element_centres
13,0,300013,30,30,SCF-DAS,1499.99999996357,20.0000002432807,1449.34167480469,1553.79345703125,999.999999793039,14.9999998849401,-0.102847672987316,0.9997481430988,0.951736983487834,0.305527054402072,0.901437252016763,0.317820575642227,31.6256431156392,373.555301137223,0.000778749506465452,2.04228161914295e-05,0.0622128,shared_delay_plus_weighting,scalar_straight_ray_c1500,physical_element_centres
13,0,300013,30,30,DMAS,1499.99999996357,20.0000002432807,1449.34167480469,1553.79345703125,999.999999793039,14.9999998849401,-0.102847672987316,0.997355881900386,0.851012156892496,0.517274905753647,0.541679197006103,0.703510083373449,20.9370041469668,103.934441078176,0.00428488745509733,0.000384670792390242,0.0809102,shared_delay_plus_weighting,scalar_straight_ray_c1500,physical_element_centres
13,0,300013,30,30,DS-DMAS,1499.99999996357,20.0000002432807,1449.34167480469,1553.79345703125,999.999999793039,14.9999998849401,-0.102847672987316,0.998934514606407,0.932874877239518,0.347534734747543,0.881150327249098,0.39627442940199,22.9517776392204,121.333126008041,0.0026347619638247,0.000187565303122748,2.3816514,shared_delay_plus_weighting,scalar_straight_ray_c1500,physical_element_centres
13,0,300013,30,30,TR,1499.99999996357,20.0000002432807,1449.34167480469,1553.79345703125,999.999999793039,14.9999998849401,-0.102847672987316,0.779124680392647,0.695921850151061,0.727735430263682,0.659278185080495,2.31374185702054,17.0125328889165,1.95251046288703,0.271432936035468,0.0382856389946552,28.3810655,direct_TR_wall_time,heterogeneous_recorded_c_rho,equivalent_element_centres
14,0,300014,5,5,DAS,1500.00000019206,20.0000000553765,1435.35607910156,1549.470703125,1000.00000003643,14.9999998823198,0.0300749550613773,0.985792493737373,0.700836366874058,0.722490433846046,0.314504929056968,2.15009844000228,17.1640280541378,35.5631577507785,0.0149222718647168,0.00206839531453614,0.0629798,shared_delay_plus_weighting,scalar_straight_ray_c1500,physical_element_centres
14,0,300014,5,5,CF-DAS,1500.00000019206,20.0000000553765,1435.35607910156,1549.470703125,1000.00000003643,14.9999998823198,0.0300749550613773,0.998944822889382,0.70936124777158,0.703135780636431,0.865049017862026,1.06622801462694,25.2916124481438,470.575710257347,0.00135729171279408,7.38061539940564e-05,0.0630901,shared_delay_plus_weighting,scalar_straight_ray_c1500,physical_element_centres
14,0,300014,5,5,SCF-DAS,1500.00000019206,20.0000000553765,1435.35607910156,1549.470703125,1000.00000003643,14.9999998823198,0.0300749550613773,0.999864094366757,0.940067006023485,0.338890436000776,0.895543636643218,0.365501828284196,29.6708262314593,855.107551643658,0.000374937879040082,1.23145346975518e-05,0.0802941,shared_delay_plus_weighting,scalar_straight_ray_c1500,physical_element_centres
14,0,300014,5,5,DMAS,1500.00000019206,20.0000000553765,1435.35607910156,1549.470703125,1000.00000003643,14.9999998823198,0.0300749550613773,0.998080774790876,0.862002960043602,0.505228497161399,0.396226808751743,0.691184269188459,20.5838411356554,133.509337988069,0.0031844773147213,0.000297746114423367,0.0989854,shared_delay_plus_weighting,scalar_straight_ray_c1500,physical_element_centres
14,0,300014,5,5,DS-DMAS,1500.00000019206,20.0000000553765,1435.35607910156,1549.470703125,1000.00000003643,14.9999998823198,0.0300749550613773,0.999283858910817,0.919261248047124,0.381401650763275,0.867650600025601,0.444939559733521,22.9370878444283,215.956554810913,0.00161508768381565,0.000115170622210006,2.4283812,shared_delay_plus_weighting,scalar_straight_ray_c1500,physical_element_centres
14,0,300014,5,5,TR,1500.00000019206,20.0000000553765,1435.35607910156,1549.470703125,1000.00000003643,14.9999998823198,0.0300749550613773,0.778396395772709,0.699790372091124,0.724169705550688,0.570081889692824,2.31059466087793,16.8828711333573,1.91270557059347,0.274035043699865,0.0392339963585833,28.0186599,direct_TR_wall_time,heterogeneous_recorded_c_rho,equivalent_element_centres
14,0,300014,10,10,DAS,1500.00000019206,20.0000000553765,1435.35607910156,1549.470703125,1000.00000003643,14.9999998823198,0.0300749550613773,0.985731513567609,0.683486993775977,0.738431916441793,0.496721361082025,2.18073413984543,17.6665243724242,37.1057299238925,0.0149489397695375,0.00195561866419041,0.0515665,shared_delay_plus_weighting,scalar_straight_ray_c1500,physical_element_centres
14,0,300014,10,10,CF-DAS,1500.00000019206,20.0000000553765,1435.35607910156,1549.470703125,1000.00000003643,14.9999998823198,0.0300749550613773,0.998922826531784,0.703879871139943,0.708449587686334,0.871907426201816,1.07794979496494,25.5827406864538,468.156588861897,0.00137798765429414,7.24616622360791e-05,0.051689,shared_delay_plus_weighting,scalar_straight_ray_c1500,physical_element_centres
14,0,300014,10,10,SCF-DAS,1500.00000019206,20.0000000553765,1435.35607910156,1549.470703125,1000.00000003643,14.9999998823198,0.0300749550613773,0.999841013398873,0.941454841380811,0.334703988737828,0.898011558876626,0.360028146213637,29.4589700748928,714.476993742423,0.000442154722645783,1.48807823390834e-05,0.0694636,shared_delay_plus_weighting,scalar_straight_ray_c1500,physical_element_centres
14,0,300014,10,10,DMAS,1500.00000019206,20.0000000553765,1435.35607910156,1549.470703125,1000.00000003643,14.9999998823198,0.0300749550613773,0.998052784884138,0.866659976492108,0.496779748085468,0.425704827515908,0.671371289841717,20.7568455014326,127.446427674151,0.00329385304270884,0.00030189918726872,0.0874676,shared_delay_plus_weighting,scalar_straight_ray_c1500,physical_element_centres
14,0,300014,10,10,DS-DMAS,1500.00000019206,20.0000000553765,1435.35607910156,1549.470703125,1000.00000003643,14.9999998823198,0.0300749550613773,0.99922083766592,0.921405338702634,0.375446641674678,0.870140313342833,0.437686619727245,22.7858847230372,193.387768666619,0.00177366329337824,0.000128699524422544,2.3759678,shared_delay_plus_weighting,scalar_straight_ray_c1500,physical_element_centres
14,0,300014,10,10,TR,1500.00000019206,20.0000000553765,1435.35607910156,1549.470703125,1000.00000003643,14.9999998823198,0.0300749550613773,0.777520843980691,0.696608618445319,0.727186800902482,0.625752031517277,2.32140254981801,16.9663969937341,1.92817093386744,0.27404949123323,0.0388605685682113,28.6155622,direct_TR_wall_time,heterogeneous_recorded_c_rho,equivalent_element_centres
14,0,300014,15,15,DAS,1500.00000019206,20.0000000553765,1435.35607910156,1549.470703125,1000.00000003643,14.9999998823198,0.0300749550613773,0.98569919056013,0.677014423696149,0.744004971824569,0.622414833652947,2.1927184184738,17.8515235630356,37.6416264688555,0.0149675863546457,0.00191679467545261,0.0521606,shared_delay_plus_weighting,scalar_straight_ray_c1500,physical_element_centres
14,0,300014,15,15,CF-DAS,1500.00000019206,20.0000000553765,1435.35607910156,1549.470703125,1000.00000003643,14.9999998823198,0.0300749550613773,0.998912965672569,0.701670824324695,0.710561958133641,0.873286682279881,1.08246244423654,25.7195209795001,466.765411540524,0.00138770231516634,7.18323812985411e-05,0.0522854,shared_delay_plus_weighting,scalar_straight_ray_c1500,physical_element_centres
14,0,300014,15,15,SCF-DAS,1500.00000019206,20.0000000553765,1435.35607910156,1549.470703125,1000.00000003643,14.9999998823198,0.0300749550613773,0.999836649665503,0.941503815235172,0.334693397535929,0.896368150959002,0.362308324859965,29.0427322718208,694.814056641434,0.000453309784176837,1.60051032191896e-05,0.0695935,shared_delay_plus_weighting,scalar_straight_ray_c1500,physical_element_centres
14,0,300014,15,15,DMAS,1500.00000019206,20.0000000553765,1435.35607910156,1549.470703125,1000.00000003643,14.9999998823198,0.0300749550613773,0.998051604165765,0.869341717232451,0.491726923584738,0.437601181463109,0.662797091696514,20.7367685178828,124.977193188561,0.0033240895873837,0.000305375572397312,0.0879251,shared_delay_plus_weighting,scalar_straight_ray_c1500,physical_element_centres
14,0,300014,15,15,DS-DMAS,1500.00000019206,20.0000000553765,1435.35607910156,1549.470703125,1000.00000003643,14.9999998823198,0.0300749550613773,0.999204574271076,0.92212234948464,0.373054750002897,0.867536837953352,0.436431906786568,22.5610641026026,187.762540042151,0.00181090157781183,0.000134847109616818,2.3956099,shared_delay_plus_weighting,scalar_straight_ray_c1500,physical_element_centres
14,0,300014,15,15,TR,1500.00000019206,20.0000000553765,1435.35607910156,1549.470703125,1000.00000003643,14.9999998823198,0.0300749550613773,0.777138192016345,0.695253268975928,0.728445889316233,0.646675465311607,2.32660604963227,17.0010224958056,1.93456753291374,0.274067613558024,0.0387085223878546,28.1053147,direct_TR_wall_time,heterogeneous_recorded_c_rho,equivalent_element_centres
14,0,300014,20,20,DAS,1500.00000019206,20.0000000553765,1435.35607910156,1549.470703125,1000.00000003643,14.9999998823198,0.0300749550613773,0.985681636615332,0.674582442040606,0.745979124631548,0.679657695459242,2.19771016672943,17.9194415436145,37.8264525511149,0.0149792217699779,0.00190334350061421,0.0494774,shared_delay_plus_weighting,scalar_straight_ray_c1500,physical_element_centres
14,0,300014,20,20,CF-DAS,1500.00000019206,20.0000000553765,1435.35607910156,1549.470703125,1000.00000003643,14.9999998823198,0.0300749550613773,0.998908278608686,0.700708614936469,0.711474465265364,0.873757736768685,1.0842987329842,25.7882364000319,465.997087615853,0.00139250832964737,7.15131621025043e-05,0.0495911,shared_delay_plus_weighting,scalar_straight_ray_c1500,physical_element_centres
14,0,300014,20,20,SCF-DAS,1500.00000019206,20.0000000553765,1435.35607910156,1549.470703125,1000.00000003643,14.9999998823198,0.0300749550613773,0.999835333111864,0.941936321826158,0.333514894551263,0.895874004515479,0.361746612290789,28.8752404135106,684.307923742173,0.000457611708350619,1.64715742008754e-05,0.0671263,shared_delay_plus_weighting,scalar_straight_ray_c1500,physical_element_centres
14,0,300014,20,20,DMAS,1500.00000019206,20.0000000553765,1435.35607910156,1549.470703125,1000.00000003643,14.9999998823198,0.0300749550613773,0.998049813902907,0.869983116935096,0.490285687350976,0.446459074059753,0.660336688385289,20.7363858853449,124.289497400824,0.00333389521850948,0.000306289882988518,0.0853026,shared_delay_plus_weighting,scalar_straight_ray_c1500,physical_element_centres
14,0,300014,20,20,DS-DMAS,1500.00000019206,20.0000000553765,1435.35607910156,1549.470703125,1000.00000003643,14.9999998823198,0.0300749550613773,0.999198348403486,0.922357074172342,0.372252596881022,0.865925071648807,0.435890603983168,22.4942715802125,185.760710765356,0.00182477432684003,0.000136929046228497,2.3695427,shared_delay_plus_weighting,scalar_straight_ray_c1500,physical_element_centres
14,0,300014,20,20,TR,1500.00000019206,20.0000000553765,1435.35607910156,1549.470703125,1000.00000003643,14.9999998823198,0.0300749550613773,0.776957768046477,0.694632673314704,0.729013174291917,0.653507020945739,2.32924927118075,17.0164744047312,1.93742038045903,0.274080961627846,0.0386416043200908,28.5614238,direct_TR_wall_time,heterogeneous_recorded_c_rho,equivalent_element_centres
14,0,300014,30,30,DAS,1500.00000019206,20.0000000553765,1435.35607910156,1549.470703125,1000.00000003643,14.9999998823198,0.0300749550613773,0.985666584148628,0.673203561166017,0.747005990730275,0.707479884668284,2.20103541658402,17.9563762859261,37.9170964137874,0.0149901253561609,0.00189664674656216,0.0504173,shared_delay_plus_weighting,scalar_straight_ray_c1500,physical_element_centres
14,0,300014,30,30,CF-DAS,1500.00000019206,20.0000000553765,1435.35607910156,1549.470703125,1000.00000003643,14.9999998823198,0.0300749550613773,0.998904687892008,0.700031048911573,0.712112176027991,0.874045041062518,1.08548435358582,25.843588309818,465.335602077261,0.00139632674772931,7.12537362468728e-05,0.0505228,shared_delay_plus_weighting,scalar_straight_ray_c1500,physical_element_centres
14,0,300014,30,30,SCF-DAS,1500.00000019206,20.0000000553765,1435.35607910156,1549.470703125,1000.00000003643,14.9999998823198,0.0300749550613773,0.999836475001344,0.941172087806468,0.335636058728113,0.896006495523079,0.364486153236442,28.7957431543189,697.890956077781,0.000451046865395231,1.63845497447637e-05,0.0678901,shared_delay_plus_weighting,scalar_straight_ray_c1500,physical_element_centres
14,0,300014,30,30,DMAS,1500.00000019206,20.0000000553765,1435.35607910156,1549.470703125,1000.00000003643,14.9999998823198,0.0300749550613773,0.998040080792775,0.868669992190476,0.491555643532015,0.476730852148646,0.661755380335193,20.7975925709658,124.836408353603,0.00333905967384308,0.00030461027734377,0.0868464,shared_delay_plus_weighting,scalar_straight_ray_c1500,physical_element_centres
14,0,300014,30,30,DS-DMAS,1500.00000019206,20.0000000553765,1435.35607910156,1549.470703125,1000.00000003643,14.9999998823198,0.0300749550613773,0.999194457588611,0.922111646090081,0.373214724364468,0.86791985954495,0.437842683244439,22.4454603004659,185.423601570515,0.00182867477935732,0.000137995034765896,2.382845,shared_delay_plus_weighting,scalar_straight_ray_c1500,physical_element_centres
14,0,300014,30,30,TR,1500.00000019206,20.0000000553765,1435.35607910156,1549.470703125,1000.00000003643,14.9999998823198,0.0300749550613773,0.776819912962405,0.694172811674507,0.72942727155514,0.656083321163231,2.33140148667629,17.027628775991,1.93947975605131,0.274094574719521,0.0385939296291944,28.0186018,direct_TR_wall_time,heterogeneous_recorded_c_rho,equivalent_element_centres
15,0,300015,5,5,DAS,1499.99999986755,19.9999998930661,1456.42126464844,1562.70446777344,1000.0000000298,14.9999999506374,0.0233287784496108,0.98553675081769,0.730638427013664,0.693115298957504,0.357198060640867,1.8144417485231,16.9673776829706,31.9580076629948,0.0157624276372803,0.0022348800650712,0.0636495,shared_delay_plus_weighting,scalar_straight_ray_c1500,physical_element_centres
15,0,300015,5,5,CF-DAS,1499.99999986755,19.9999998930661,1456.42126464844,1562.70446777344,1000.0000000298,14.9999999506374,0.0233287784496108,0.998742140707592,0.734093917536691,0.677428562848756,0.871195965961116,0.977361543248516,26.0169204247672,366.310063093906,0.00170004236036947,8.50381339688762e-05,0.0636958,shared_delay_plus_weighting,scalar_straight_ray_c1500,physical_element_centres
15,0,300015,5,5,SCF-DAS,1499.99999986755,19.9999998930661,1456.42126464844,1562.70446777344,1000.0000000298,14.9999999506374,0.0233287784496108,0.999785068376728,0.950452761755327,0.309527106736964,0.905354758891266,0.328313556396012,28.6335531016463,449.177032189611,0.000649738567930293,2.40470048954813e-05,0.0801095,shared_delay_plus_weighting,scalar_straight_ray_c1500,physical_element_centres
15,0,300015,5,5,DMAS,1499.99999986755,19.9999998930661,1456.42126464844,1562.70446777344,1000.0000000298,14.9999999506374,0.0233287784496108,0.997616331961041,0.863366010784826,0.499860612148092,0.492965797165927,0.676821289629718,20.7059917390692,106.434901978753,0.00400395000521168,0.000369138258610031,0.0980555,shared_delay_plus_weighting,scalar_straight_ray_c1500,physical_element_centres
15,0,300015,5,5,DS-DMAS,1499.99999986755,19.9999998930661,1456.42126464844,1562.70446777344,1000.0000000298,14.9999999506374,0.0233287784496108,0.999128349548695,0.929844166655113,0.356125412563569,0.88374855802075,0.41764601221628,22.1278276933352,154.891930490907,0.00207888258483947,0.000162719116084942,2.4193042,shared_delay_plus_weighting,scalar_straight_ray_c1500,physical_element_centres
15,0,300015,5,5,TR,1499.99999986755,19.9999998930661,1456.42126464844,1562.70446777344,1000.0000000298,14.9999999506374,0.0233287784496108,0.780352782330944,0.700513957395727,0.723151361469554,0.5677873403427,2.30747918634792,16.8731559195345,1.92983893697968,0.271133057910966,0.038861957832908,28.4676804,direct_TR_wall_time,heterogeneous_recorded_c_rho,equivalent_element_centres
15,0,300015,10,10,DAS,1499.99999986755,19.9999998930661,1456.42126464844,1562.70446777344,1000.0000000298,14.9999999506374,0.0233287784496108,0.985504903869641,0.718371478075717,0.704630060682223,0.537062599489352,1.8212741964857,17.3807043317037,33.1227048997058,0.0157797108960792,0.00213335841646504,0.0632302,shared_delay_plus_weighting,scalar_straight_ray_c1500,physical_element_centres
15,0,300015,10,10,CF-DAS,1499.99999986755,19.9999998930661,1456.42126464844,1562.70446777344,1000.0000000298,14.9999999506374,0.0233287784496108,0.998720547186301,0.732837882703567,0.678631148031124,0.875199888755838,0.97618620889478,26.3004694517715,361.564233143969,0.00173019765274049,8.37668618684502e-05,0.0633023,shared_delay_plus_weighting,scalar_straight_ray_c1500,physical_element_centres
15,0,300015,10,10,SCF-DAS,1499.99999986755,19.9999998930661,1456.42126464844,1562.70446777344,1000.0000000298,14.9999999506374,0.0233287784496108,0.99975604583227,0.949086140665656,0.313548764092142,0.904706502160683,0.333482214282702,28.5262794418007,406.328275046419,0.000727392572634482,2.72555462249002e-05,0.0799463,shared_delay_plus_weighting,scalar_straight_ray_c1500,physical_element_centres
15,0,300015,10,10,DMAS,1499.99999986755,19.9999998930661,1456.42126464844,1562.70446777344,1000.0000000298,14.9999999506374,0.0233287784496108,0.997579618738822,0.867663888925508,0.492193492658587,0.515508559670262,0.660534402860596,20.7758850673979,101.737145525156,0.00413437008417634,0.000378107329499939,0.0971169,shared_delay_plus_weighting,scalar_straight_ray_c1500,physical_element_centres
15,0,300015,10,10,DS-DMAS,1499.99999986755,19.9999998930661,1456.42126464844,1562.70446777344,1000.0000000298,14.9999999506374,0.0233287784496108,0.999058664617441,0.930034014064466,0.354770629655299,0.882116052361912,0.418354791033811,21.8949422053289,143.018103415808,0.0022380358985136,0.000179936777393293,2.415639,shared_delay_plus_weighting,scalar_straight_ray_c1500,physical_element_centres
15,0,300015,10,10,TR,1499.99999986755,19.9999998930661,1456.42126464844,1562.70446777344,1000.0000000298,14.9999999506374,0.0233287784496108,0.779900884373483,0.698590149177,0.725081763496054,0.623328507079937,2.30320649781957,16.9409318529891,1.94014339606778,0.271285935510506,0.0385816401648339,28.3809458,direct_TR_wall_time,heterogeneous_recorded_c_rho,equivalent_element_centres
15,0,300015,15,15,DAS,1499.99999986755,19.9999998930661,1456.42126464844,1562.70446777344,1000.0000000298,14.9999999506374,0.0233287784496108,0.985488923701844,0.71401456038601,0.70829623278691,0.650199700316373,1.82210161170297,17.5299885584787,33.519246076913,0.015792702601828,0.00209873221638747,0.061325,shared_delay_plus_weighting,scalar_straight_ray_c1500,physical_element_centres
15,0,300015,15,15,CF-DAS,1499.99999986755,19.9999998930661,1456.42126464844,1562.70446777344,1000.0000000298,14.9999999506374,0.0233287784496108,0.99871167699952,0.732856783979748,0.678542578535571,0.87591437928036,0.974013200426646,26.4317984148191,359.051466342357,0.00174426064220858,8.31804873732879e-05,0.0614249,shared_delay_plus_weighting,scalar_straight_ray_c1500,physical_element_centres
15,0,300015,15,15,SCF-DAS,1499.99999986755,19.9999998930661,1456.42126464844,1562.70446777344,1000.0000000298,14.9999999506374,0.0233287784496108,0.999744200087927,0.947879819369524,0.317100205132445,0.904025831695181,0.337743982606406,28.6075444976304,396.437873240247,0.000754238359689323,2.79982825160461e-05,0.0785848,shared_delay_plus_weighting,scalar_straight_ray_c1500,physical_element_centres
15,0,300015,15,15,DMAS,1499.99999986755,19.9999998930661,1456.42126464844,1562.70446777344,1000.0000000298,14.9999999506374,0.0233287784496108,0.997569824298049,0.869981340414063,0.487979358438919,0.524270476723518,0.652271619520612,20.7898448351093,99.6664724672374,0.0041869181510589,0.00038229817896652,0.0969334,shared_delay_plus_weighting,scalar_straight_ray_c1500,physical_element_centres
15,0,300015,15,15,DS-DMAS,1499.99999986755,19.9999998930661,1456.42126464844,1562.70446777344,1000.0000000298,14.9999999506374,0.0233287784496108,0.999030792584661,0.930046081854634,0.354201522743291,0.879426298899127,0.418548160321081,21.8001681868714,138.86954310649,0.00229997094909251,0.000186945037476482,2.3855474,shared_delay_plus_weighting,scalar_straight_ray_c1500,physical_element_centres
15,0,300015,15,15,TR,1499.99999986755,19.9999998930661,1456.42126464844,1562.70446777344,1000.0000000298,14.9999999506374,0.0233287784496108,0.779749728356381,0.697932509634439,0.725744149984131,0.645252396368387,2.29989491606968,16.9671505593683,1.94368292293078,0.271382431752251,0.0384790376326804,28.5081854,direct_TR_wall_time,heterogeneous_recorded_c_rho,equivalent_element_centres
15,0,300015,20,20,DAS,1499.99999986755,19.9999998930661,1456.42126464844,1562.70446777344,1000.0000000298,14.9999999506374,0.0233287784496108,0.985480547345249,0.712468614001142,0.709410750382033,0.699764647500686,1.82160365547433,17.5840397646165,33.6527840555772,0.0158010405724233,0.00208681379980616,0.0540304,shared_delay_plus_weighting,scalar_straight_ray_c1500,physical_element_centres
15,0,300015,20,20,CF-DAS,1499.99999986755,19.9999998930661,1456.42126464844,1562.70446777344,1000.0000000298,14.9999999506374,0.0233287784496108,0.998707786173667,0.733093825586015,0.678252643415279,0.876118576954907,0.972312796537015,26.4968143594692,357.700472846551,0.00175118245714498,8.28878128216927e-05,0.0541675,shared_delay_plus_weighting,scalar_straight_ray_c1500,physical_element_centres
15,0,300015,20,20,SCF-DAS,1499.99999986755,19.9999998930661,1456.42126464844,1562.70446777344,1000.0000000298,14.9999999506374,0.0233287784496108,0.999737105681283,0.948100678612372,0.316451052490706,0.903740124302116,0.33728697147192,28.5715566828254,384.134495396147,0.000776601036822828,2.89481045108525e-05,0.0716661,shared_delay_plus_weighting,scalar_straight_ray_c1500,physical_element_centres
15,0,300015,20,20,DMAS,1499.99999986755,19.9999998930661,1456.42126464844,1562.70446777344,1000.0000000298,14.9999999506374,0.0233287784496108,0.997563499249189,0.870687048850559,0.486566942258588,0.531345212966818,0.649334122351086,20.8056172854883,98.9019525259497,0.00421037453095774,0.000383742469147116,0.0898853,shared_delay_plus_weighting,scalar_straight_ray_c1500,physical_element_centres
15,0,300015,20,20,DS-DMAS,1499.99999986755,19.9999998930661,1456.42126464844,1562.70446777344,1000.0000000298,14.9999999506374,0.0233287784496108,0.999017530250342,0.929866419084383,0.354459291427752,0.877953059728572,0.419326224094349,21.7712539984107,137.329351178322,0.0023271824509329,0.000189787556075834,2.3832972,shared_delay_plus_weighting,scalar_straight_ray_c1500,physical_element_centres
15,0,300015,20,20,TR,1499.99999986755,19.9999998930661,1456.42126464844,1562.70446777344,1000.0000000298,14.9999999506374,0.0233287784496108,0.779697313426896,0.697699219204133,0.725981396589101,0.652944099530488,2.29774914805533,16.9780547842641,1.9449500844553,0.271440025891046,0.0384389175080853,28.6243808,direct_TR_wall_time,heterogeneous_recorded_c_rho,equivalent_element_centres
15,0,300015,30,30,DAS,1499.99999986755,19.9999998930661,1456.42126464844,1562.70446777344,1000.0000000298,14.9999999506374,0.0233287784496108,0.985473550489606,0.711670188519543,0.70981522044723,0.724489108657713,1.82059437110638,17.6129124605299,33.7153132476504,0.0158089780838864,0.0020809333687039,0.0617387,shared_delay_plus_weighting,scalar_straight_ray_c1500,physical_element_centres
15,0,300015,30,30,CF-DAS,1499.99999986755,19.9999998930661,1456.42126464844,1562.70446777344,1000.0000000298,14.9999999506374,0.0233287784496108,0.998705034637167,0.733434870319428,0.67785596397457,0.87621185954606,0.970537970643216,26.5485641377472,356.553380203494,0.00175665753771328,8.26530523735846e-05,0.0619047,shared_delay_plus_weighting,scalar_straight_ray_c1500,physical_element_centres
15,0,300015,30,30,SCF-DAS,1499.99999986755,19.9999998930661,1456.42126464844,1562.70446777344,1000.0000000298,14.9999999506374,0.0233287784496108,0.999739069307454,0.94719803062447,0.319106284594436,0.90308827090216,0.341117551928137,28.4271640068215,393.586029086018,0.000763647406161527,2.89424092759042e-05,0.0793218,shared_delay_plus_weighting,scalar_straight_ray_c1500,physical_element_centres
15,0,300015,30,30,DMAS,1499.99999986755,19.9999998930661,1456.42126464844,1562.70446777344,1000.0000000298,14.9999999506374,0.0233287784496108,0.99755410380648,0.870058802085813,0.487013685985519,0.555181519917878,0.649296532467053,20.8529028332169,98.9682477210603,0.00422218410290305,0.000382729576263353,0.0966929,shared_delay_plus_weighting,scalar_straight_ray_c1500,physical_element_centres
15,0,300015,30,30,DS-DMAS,1499.99999986755,19.9999998930661,1456.42126464844,1562.70446777344,1000.0000000298,14.9999999506374,0.0233287784496108,0.999014332025947,0.929265888974105,0.356185350141753,0.878180164180294,0.422437904108248,21.7318716148292,138.015612730966,0.00232314067491288,0.000190318903991021,2.3776192,shared_delay_plus_weighting,scalar_straight_ray_c1500,physical_element_centres
15,0,300015,30,30,TR,1499.99999986755,19.9999998930661,1456.42126464844,1562.70446777344,1000.0000000298,14.9999999506374,0.0233287784496108,0.779670623323372,0.697575897499835,0.726109172065134,0.656417983384239,2.29569747999949,16.9853341870309,1.94563139062557,0.271492602774873,0.038414155647176,28.9028239,direct_TR_wall_time,heterogeneous_recorded_c_rho,equivalent_element_centres
16,0,300016,5,5,DAS,1499.9999998841,20.0000001198479,1455.15783691406,1549.62109375,999.999999950329,14.9999999038261,0.20499863962235,0.986356916328298,0.715998840424301,0.704268850439503,0.318896170901345,2.0182008814583,16.93352784158,35.4592736239839,0.0144937827735392,0.00206302910946049,0.0594349,shared_delay_plus_weighting,scalar_straight_ray_c1500,physical_element_centres
16,0,300016,5,5,CF-DAS,1499.9999998841,20.0000001198479,1455.15783691406,1549.62109375,999.999999950329,14.9999999038261,0.20499863962235,0.999021955558383,0.736050664493104,0.674499576501755,0.865792586138066,0.982493236775425,25.7287469438002,468.244640888405,0.00131660214400966,6.80796337644845e-05,0.0595914,shared_delay_plus_weighting,scalar_straight_ray_c1500,physical_element_centres
16,0,300016,5,5,SCF-DAS,1499.9999998841,20.0000001198479,1455.15783691406,1549.62109375,999.999999950329,14.9999999038261,0.20499863962235,0.999871550282143,0.945592583501155,0.323606675212362,0.900264843224245,0.340129331063188,31.6987415021752,823.646815732148,0.00037486028426178,9.74837786886149e-06,0.0766978,shared_delay_plus_weighting,scalar_straight_ray_c1500,physical_element_centres
16,0,300016,5,5,DMAS,1499.9999998841,20.0000001198479,1455.15783691406,1549.62109375,999.999999950329,14.9999999038261,0.20499863962235,0.998247368196113,0.876264125969676,0.482425651556046,0.399288902612351,0.635529773983559,21.0111961476666,132.078603212148,0.00309868059104351,0.000275814443180559,0.09411,shared_delay_plus_weighting,scalar_straight_ray_c1500,physical_element_centres
16,0,300016,5,5,DS-DMAS,1499.9999998841,20.0000001198479,1455.15783691406,1549.62109375,999.999999950329,14.9999999038261,0.20499863962235,0.999277688692431,0.9308443848443,0.353974830608349,0.880247373535242,0.406823877848145,22.7593684384204,184.428562104399,0.00175354706911347,0.00012762889403479,2.3957969,shared_delay_plus_weighting,scalar_straight_ray_c1500,physical_element_centres
16,0,300016,5,5,TR,1499.9999998841,20.0000001198479,1455.15783691406,1549.62109375,999.999999950329,14.9999999038261,0.20499863962235,0.777150134506258,0.695779953331191,0.727730015156087,0.567122057392869,2.32650085894255,16.9906389519031,1.93049368834526,0.274377606648919,0.0387986590530835,28.3352966,direct_TR_wall_time,heterogeneous_recorded_c_rho,equivalent_element_centres
16,0,300016,10,10,DAS,1499.9999998841,20.0000001198479,1455.15783691406,1549.62109375,999.999999950329,14.9999999038261,0.20499863962235,0.986313273643685,0.70082438097937,0.719954233589134,0.504481174900739,2.04107231437876,17.3964087284446,36.9273181625059,0.0145149282303556,0.00195881966961464,0.0527925,shared_delay_plus_weighting,scalar_straight_ray_c1500,physical_element_centres
16,0,300016,10,10,CF-DAS,1499.9999998841,20.0000001198479,1455.15783691406,1549.62109375,999.999999950329,14.9999999038261,0.20499863962235,0.999006085623017,0.732912184060779,0.677939505139068,0.872355789957481,0.98700306987553,25.9692227232305,465.404641889257,0.0013345706729169,6.71244037313841e-05,0.0529401,shared_delay_plus_weighting,scalar_straight_ray_c1500,physical_element_centres
16,0,300016,10,10,SCF-DAS,1499.9999998841,20.0000001198479,1455.15783691406,1549.62109375,999.999999950329,14.9999999038261,0.20499863962235,0.999851524685045,0.94777425411684,0.31706435857861,0.902290934888812,0.332987659229723,31.7001025298306,684.674241389881,0.000441655553597915,1.14836135574347e-05,0.0705745,shared_delay_plus_weighting,scalar_straight_ray_c1500,physical_element_centres
16,0,300016,10,10,DMAS,1499.9999998841,20.0000001198479,1455.15783691406,1549.62109375,999.999999950329,14.9999999038261,0.20499863962235,0.998223013805903,0.881051734444932,0.473000027992887,0.430539197241821,0.614768030659348,21.2284210946305,125.524199789205,0.0032168442583389,0.000279260158747514,0.088795,shared_delay_plus_weighting,scalar_straight_ray_c1500,physical_element_centres
16,0,300016,10,10,DS-DMAS,1499.9999998841,20.0000001198479,1455.15783691406,1549.62109375,999.999999950329,14.9999999038261,0.20499863962235,0.999213172692994,0.932142106682718,0.349729275160547,0.880782578649261,0.403277079887217,22.5338362118311,166.196689128516,0.00191989318473722,0.000143411922038983,2.3996007,shared_delay_plus_weighting,scalar_straight_ray_c1500,physical_element_centres
16,0,300016,10,10,TR,1499.9999998841,20.0000001198479,1455.15783691406,1549.62109375,999.999999950329,14.9999999038261,0.20499863962235,0.776881314041348,0.694285748910301,0.729249125269239,0.624820738729562,2.33179582403688,17.0269530528741,1.93929524031458,0.27410627301605,0.0385985794886192,28.5290104,direct_TR_wall_time,heterogeneous_recorded_c_rho,equivalent_element_centres
16,0,300016,15,15,DAS,1499.9999998841,20.0000001198479,1455.15783691406,1549.62109375,999.999999950329,14.9999999038261,0.20499863962235,0.986290697211281,0.695557336050114,0.725316026611445,0.63103542233652,2.04898839780777,17.5566841076146,37.4063711374219,0.0145306899894558,0.00192509440530657,0.0612255,shared_delay_plus_weighting,scalar_straight_ray_c1500,physical_element_centres
16,0,300016,15,15,CF-DAS,1499.9999998841,20.0000001198479,1455.15783691406,1549.62109375,999.999999950329,14.9999999038261,0.20499863962235,0.998999414228963,0.731919688837786,0.679034495445985,0.873393118597274,0.987940126305357,26.0662196576705,463.753481907507,0.00134281861192734,6.67892196356628e-05,0.0612996,shared_delay_plus_weighting,scalar_straight_ray_c1500,physical_element_centres
16,0,300016,15,15,SCF-DAS,1499.9999998841,20.0000001198479,1455.15783691406,1549.62109375,999.999999950329,14.9999999038261,0.20499863962235,0.99983872717946,0.94894694060352,0.313494606391805,0.902488431616072,0.329582697758582,31.6238262755822,616.514460847571,0.000484761057840078,1.27155869140511e-05,0.0794171,shared_delay_plus_weighting,scalar_straight_ray_c1500,physical_element_centres
16,0,300016,15,15,DMAS,1499.9999998841,20.0000001198479,1455.15783691406,1549.62109375,999.999999950329,14.9999999038261,0.20499863962235,0.998215841224586,0.883836425500622,0.467325831139793,0.444544009764921,0.604289914372175,21.27441071201,122.260879581209,0.00326940839724327,0.000282324545811031,0.0971012,shared_delay_plus_weighting,scalar_straight_ray_c1500,physical_element_centres
16,0,300016,15,15,DS-DMAS,1499.9999998841,20.0000001198479,1455.15783691406,1549.62109375,999.999999950329,14.9999999038261,0.20499863962235,0.999182881081121,0.932459736906675,0.34837788283429,0.878553959844256,0.401576181210119,22.5527344755333,159.294243028455,0.00199880061316583,0.000148981639832879,2.3949096,shared_delay_plus_weighting,scalar_straight_ray_c1500,physical_element_centres
16,0,300016,15,15,TR,1499.9999998841,20.0000001198479,1455.15783691406,1549.62109375,999.999999950329,14.9999999038261,0.20499863962235,0.776838290428511,0.693894694487852,0.729662478346347,0.647236548828899,2.33381917277686,17.0347429654417,1.94190749139857,0.273964463990673,0.0385440268990716,28.2564448,direct_TR_wall_time,heterogeneous_recorded_c_rho,equivalent_element_centres
16,0,300016,20,20,DAS,1499.9999998841,20.0000001198479,1455.15783691406,1549.62109375,999.999999950329,14.9999999038261,0.20499863962235,0.986278623199294,0.693775355742319,0.727152500295976,0.687645346561461,2.05182394936618,17.610490752069,37.5549447610605,0.0145407733360206,0.00191453348729286,0.0576457,shared_delay_plus_weighting,scalar_straight_ray_c1500,physical_element_centres
16,0,300016,20,20,CF-DAS,1499.9999998841,20.0000001198479,1455.15783691406,1549.62109375,999.999999950329,14.9999999038261,0.20499863962235,0.998996417794074,0.731605346202808,0.679388536486107,0.873654678474836,0.987952351071248,26.1091925604725,462.826669497215,0.00134682801043984,6.6658035756555e-05,0.0578121,shared_delay_plus_weighting,scalar_straight_ray_c1500,physical_element_centres
16,0,300016,20,20,SCF-DAS,1499.9999998841,20.0000001198479,1455.15783691406,1549.62109375,999.999999950329,14.9999999038261,0.20499863962235,0.9998329430113,0.949953122172784,0.310433065613281,0.902584091650136,0.325932822306955,31.930999225056,583.714686090461,0.000507198461118478,1.28418610330572e-05,0.075926,shared_delay_plus_weighting,scalar_straight_ray_c1500,physical_element_centres
16,0,300016,20,20,DMAS,1499.9999998841,20.0000001198479,1455.15783691406,1549.62109375,999.999999950329,14.9999999038261,0.20499863962235,0.998211670103743,0.88484611758196,0.465048186282914,0.454904483672565,0.599797785613576,21.3212900430841,120.975286795759,0.00329411799352944,0.000282927165843453,0.0937808,shared_delay_plus_weighting,scalar_straight_ray_c1500,physical_element_centres
16,0,300016,20,20,DS-DMAS,1499.9999998841,20.0000001198479,1455.15783691406,1549.62109375,999.999999950329,14.9999999038261,0.20499863962235,0.999169576994809,0.932494688948093,0.348144426418889,0.877138756872101,0.400564998365588,22.6565811635281,156.656669738966,0.00203547610299892,0.000149912190421098,2.396382,shared_delay_plus_weighting,scalar_straight_ray_c1500,physical_element_centres
16,0,300016,20,20,TR,1499.9999998841,20.0000001198479,1455.15783691406,1549.62109375,999.999999950329,14.9999999038261,0.20499863962235,0.776848316309344,0.693818738121171,0.729754257583536,0.654901812017057,2.33465141617807,17.035081301433,1.94262856892533,0.273888124708286,0.0385317858011495,28.1120979,direct_TR_wall_time,heterogeneous_recorded_c_rho,equivalent_element_centres
16,0,300016,30,30,DAS,1499.9999998841,20.0000001198479,1455.15783691406,1549.62109375,999.999999950329,14.9999999038261,0.20499863962235,0.986268384665618,0.692941953890439,0.728049005014455,0.714454191260251,2.0533460916651,17.6351607469114,37.6115163844757,0.0145503551016641,0.00191036149111136,0.0577079,shared_delay_plus_weighting,scalar_straight_ray_c1500,physical_element_centres
16,0,300016,30,30,CF-DAS,1499.9999998841,20.0000001198479,1455.15783691406,1549.62109375,999.999999950329,14.9999999038261,0.20499863962235,0.998994244344896,0.731474113682307,0.679544806703469,0.873756985897062,0.987658628177846,26.1399577714026,462.016916831084,0.0013499649446303,6.65770583747259e-05,0.0577974,shared_delay_plus_weighting,scalar_straight_ray_c1500,physical_element_centres
16,0,300016,30,30,SCF-DAS,1499.9999998841,20.0000001198479,1455.15783691406,1549.62109375,999.999999950329,14.9999999038261,0.20499863962235,0.999833256049531,0.948908273600975,0.313551563404616,0.902331257359869,0.330198269815436,31.8895776583882,596.710995606063,0.000500856916529123,1.27419176095906e-05,0.0754455,shared_delay_plus_weighting,scalar_straight_ray_c1500,physical_element_centres
16,0,300016,30,30,DMAS,1499.9999998841,20.0000001198479,1455.15783691406,1549.62109375,999.999999950329,14.9999999038261,0.20499863962235,0.998202309175728,0.8840386041216,0.465443049955937,0.484112523548441,0.599512470633531,21.4047515122543,121.138588070073,0.00330667992184598,0.000281290187628559,0.0927945,shared_delay_plus_weighting,scalar_straight_ray_c1500,physical_element_centres
16,0,300016,30,30,DS-DMAS,1499.9999998841,20.0000001198479,1455.15783691406,1549.62109375,999.999999950329,14.9999999038261,0.20499863962235,0.999162987475133,0.932249025269341,0.349127154260091,0.877898440167269,0.401920911366847,22.6764180336199,155.967454620088,0.00204865771240761,0.00015053881785847,2.3959,shared_delay_plus_weighting,scalar_straight_ray_c1500,physical_element_centres
16,0,300016,30,30,TR,1499.9999998841,20.0000001198479,1455.15783691406,1549.62109375,999.999999950329,14.9999999038261,0.20499863962235,0.776877436197108,0.693837791977755,0.729751137861458,0.658154144937714,2.33520002301688,17.0329713011097,1.94281626155009,0.273823089829666,0.0385319955704998,28.2183923,direct_TR_wall_time,heterogeneous_recorded_c_rho,equivalent_element_centres
17,0,300017,5,5,DAS,1499.99999988079,20.0000000434853,1445.50024414062,1548.23681640625,1000.00000016722,15.0000001611191,-0.18462198185101,0.982649729497158,0.686024451940376,0.736548125204375,0.383117410992403,2.29646369433954,17.3567544207686,30.2693931277428,0.0180125514777294,0.00244195419808502,0.0527894,shared_delay_plus_weighting,scalar_straight_ray_c1500,physical_element_centres
17,0,300017,5,5,CF-DAS,1499.99999988079,20.0000000434853,1445.50024414062,1548.23681640625,1000.00000016722,15.0000001611191,-0.18462198185101,0.998289994508945,0.69517483913115,0.71793260125499,0.87053471043671,1.08196300897951,26.406912112076,301.939210191356,0.00218949693372361,0.000104712549973956,0.0528415,shared_delay_plus_weighting,scalar_straight_ray_c1500,physical_element_centres
17,0,300017,5,5,SCF-DAS,1499.99999988079,20.0000000434853,1445.50024414062,1548.23681640625,1000.00000016722,15.0000001611191,-0.18462198185101,0.999724542028627,0.943379110339681,0.329404182435879,0.904460350384484,0.345034396543796,35.3998213975731,399.019527568819,0.000794400845015991,1.34911393322377e-05,0.0707616,shared_delay_plus_weighting,scalar_straight_ray_c1500,physical_element_centres
17,0,300017,5,5,DMAS,1499.99999988079,20.0000000434853,1445.50024414062,1548.23681640625,1000.00000016722,15.0000001611191,-0.18462198185101,0.997142781045983,0.837928259807111,0.539443120387431,0.500679089848481,0.724072220178541,22.162044174598,103.900637721593,0.00457852684898959,0.000356963290706588,0.0877861,shared_delay_plus_weighting,scalar_straight_ray_c1500,physical_element_centres
17,0,300017,5,5,DS-DMAS,1499.99999988079,20.0000000434853,1445.50024414062,1548.23681640625,1000.00000016722,15.0000001611191,-0.18462198185101,0.998875467987433,0.91722645518841,0.387387833620045,0.884014717813473,0.440102639108754,24.7604746780792,140.699096374019,0.00257661959556292,0.000148945220406658,2.4164202,shared_delay_plus_weighting,scalar_straight_ray_c1500,physical_element_centres
17,0,300017,5,5,TR,1499.99999988079,20.0000000434853,1445.50024414062,1548.23681640625,1000.00000016722,15.0000001611191,-0.18462198185101,0.776423228406977,0.694642359872376,0.728695135314913,0.570320954958215,2.33963824239337,16.9881227543249,1.93112852793252,0.274663576719591,0.0388503498051891,28.678491,direct_TR_wall_time,heterogeneous_recorded_c_rho,equivalent_element_centres
17,0,300017,10,10,DAS,1499.99999988079,20.0000000434853,1445.50024414062,1548.23681640625,1000.00000016722,15.0000001611191,-0.18462198185101,0.982666788453725,0.676119660415631,0.745356554669855,0.557638544206058,2.29925203112584,17.6595436794769,31.0848234735386,0.0179894752249096,0.0023552733098851,0.0491962,shared_delay_plus_weighting,scalar_straight_ray_c1500,physical_element_centres
17,0,300017,10,10,CF-DAS,1499.99999988079,20.0000000434853,1445.50024414062,1548.23681640625,1000.00000016722,15.0000001611191,-0.18462198185101,0.998268222242188,0.69599362006347,0.717126941028964,0.874123407508853,1.07623015336086,26.5073079678617,297.481801497204,0.00222213821821024,0.000105052325441632,0.0493024,shared_delay_plus_weighting,scalar_straight_ray_c1500,physical_element_centres
17,0,300017,10,10,SCF-DAS,1499.99999988079,20.0000000434853,1445.50024414062,1548.23681640625,1000.00000016722,15.0000001611191,-0.18462198185101,0.999687984708835,0.944783553171959,0.325296860686596,0.905188654312967,0.340758881031305,35.2227200375143,343.715712397234,0.000910445329153299,1.578039501649e-05,0.0666105,shared_delay_plus_weighting,scalar_straight_ray_c1500,physical_element_centres
17,0,300017,10,10,DMAS,1499.99999988079,20.0000000434853,1445.50024414062,1548.23681640625,1000.00000016722,15.0000001611191,-0.18462198185101,0.997129769184773,0.84548631949165,0.527351338865953,0.525481843772057,0.69890838563721,22.2150776506823,98.9886584653677,0.00470586523588909,0.000364657880492728,0.084873,shared_delay_plus_weighting,scalar_straight_ray_c1500,physical_element_centres
17,0,300017,10,10,DS-DMAS,1499.99999988079,20.0000000434853,1445.50024414062,1548.23681640625,1000.00000016722,15.0000001611191,-0.18462198185101,0.998803084551981,0.91924019825564,0.381945143703211,0.883052653362403,0.435174649334489,24.438117508715,129.073016901521,0.00276447012491211,0.000165846391112992,2.4119274,shared_delay_plus_weighting,scalar_straight_ray_c1500,physical_element_centres
17,0,300017,10,10,TR,1499.99999988079,20.0000000434853,1445.50024414062,1548.23681640625,1000.00000016722,15.0000001611191,-0.18462198185101,0.776770535211378,0.693915590492722,0.729532378222715,0.626924343765634,2.33373216725258,17.0220764162424,1.94095221893074,0.273940396501602,0.0385968852927151,28.003051,direct_TR_wall_time,heterogeneous_recorded_c_rho,equivalent_element_centres
17,0,300017,15,15,DAS,1499.99999988079,20.0000000434853,1445.50024414062,1548.23681640625,1000.00000016722,15.0000001611191,-0.18462198185101,0.98267833941346,0.67306423248601,0.747891165283511,0.659196385148662,2.29667709382547,17.7571622579119,31.3458426817503,0.0179791192604058,0.00232761046070351,0.0491427,shared_delay_plus_weighting,scalar_straight_ray_c1500,physical_element_centres
17,0,300017,15,15,CF-DAS,1499.99999988079,20.0000000434853,1445.50024414062,1548.23681640625,1000.00000016722,15.0000001611191,-0.18462198185101,0.998260593823753,0.69708078320307,0.716067271088441,0.874822992384944,1.07170400194131,26.5341914998754,295.304624819799,0.00223599196560866,0.000105380599210719,0.04925,shared_delay_plus_weighting,scalar_straight_ray_c1500,physical_element_centres
17,0,300017,15,15,SCF-DAS,1499.99999988079,20.0000000434853,1445.50024414062,1548.23681640625,1000.00000016722,15.0000001611191,-0.18462198185101,0.999677152491824,0.943360299025398,0.329425171491972,0.90386482965732,0.346179600098369,34.7375105851795,340.493432009881,0.000929638134704298,1.70387763075987e-05,0.0673044,shared_delay_plus_weighting,scalar_straight_ray_c1500,physical_element_centres
17,0,300017,15,15,DMAS,1499.99999988079,20.0000000434853,1445.50024414062,1548.23681640625,1000.00000016722,15.0000001611191,-0.18462198185101,0.997134493123968,0.849144574850119,0.521303740288529,0.533552760835908,0.68809845626571,22.1621843534477,96.9858283124514,0.0047455932758549,0.000369982596852511,0.0868171,shared_delay_plus_weighting,scalar_straight_ray_c1500,physical_element_centres
17,0,300017,15,15,DS-DMAS,1499.99999988079,20.0000000434853,1445.50024414062,1548.23681640625,1000.00000016722,15.0000001611191,-0.18462198185101,0.998780780279184,0.919689690122086,0.380346924802722,0.880242583873613,0.434723630317255,24.1914160163868,126.025583890517,0.00281479537605672,0.000173730483416771,2.3873403,shared_delay_plus_weighting,scalar_straight_ray_c1500,physical_element_centres
17,0,300017,15,15,TR,1499.99999988079,20.0000000434853,1445.50024414062,1548.23681640625,1000.00000016722,15.0000001611191,-0.18462198185101,0.777070809932892,0.693943212993247,0.729577336150454,0.648906867318661,2.32948648983867,17.0290036744686,1.9442318343582,0.273543943270226,0.0385103015634704,28.5969022,direct_TR_wall_time,heterogeneous_recorded_c_rho,equivalent_element_centres
17,0,300017,20,20,DAS,1499.99999988079,20.0000000434853,1445.50024414062,1548.23681640625,1000.00000016722,15.0000001611191,-0.18462198185101,0.982685454143019,0.672211272750951,0.748512646475613,0.701004870434903,2.29391720398572,17.7868246132389,31.4256889047938,0.0179741261217555,0.00231903099951072,0.0483316,shared_delay_plus_weighting,scalar_straight_ray_c1500,physical_element_centres
17,0,300017,20,20,CF-DAS,1499.99999988079,20.0000000434853,1445.50024414062,1548.23681640625,1000.00000016722,15.0000001611191,-0.18462198185101,0.998257833131487,0.697887074977561,0.715280096679375,0.875007734624397,1.06875112734111,26.5403373154777,294.190119432542,0.0022422764881338,0.000105602037420155,0.0484178,shared_delay_plus_weighting,scalar_straight_ray_c1500,physical_element_centres
17,0,300017,20,20,SCF-DAS,1499.99999988079,20.0000000434853,1445.50024414062,1548.23681640625,1000.00000016722,15.0000001611191,-0.18462198185101,0.999677675065377,0.941944394936999,0.333519744898643,0.902582654929594,0.351478329125879,34.1726715256484,349.329275482692,0.000916064116417802,1.79181139944866e-05,0.066159,shared_delay_plus_weighting,scalar_straight_ray_c1500,physical_element_centres
17,0,300017,20,20,DMAS,1499.99999988079,20.0000000434853,1445.50024414062,1548.23681640625,1000.00000016722,15.0000001611191,-0.18462198185101,0.997141001971458,0.850649610530147,0.518676593162409,0.540296434758619,0.683826029866644,22.1153421339985,96.3113477907426,0.00475271310360821,0.0003725413571131,0.0845937,shared_delay_plus_weighting,scalar_straight_ray_c1500,physical_element_centres
17,0,300017,20,20,DS-DMAS,1499.99999988079,20.0000000434853,1445.50024414062,1548.23681640625,1000.00000016722,15.0000001611191,-0.18462198185101,0.998777555429782,0.920007717364609,0.379319769568815,0.878319388625504,0.43448283465727,24.0376424938235,125.213088099823,0.00282199499270089,0.000177285866402462,2.3906203,shared_delay_plus_weighting,scalar_straight_ray_c1500,physical_element_centres
17,0,300017,20,20,TR,1499.99999988079,20.0000000434853,1445.50024414062,1548.23681640625,1000.00000016722,15.0000001611191,-0.18462198185101,0.777272795671994,0.69409851980868,0.729466240780378,0.656501734142933,2.32680953438741,17.0289848011062,1.94535278157308,0.273324259467938,0.0384794574581683,28.2284804,direct_TR_wall_time,heterogeneous_recorded_c_rho,equivalent_element_centres
17,0,300017,30,30,DAS,1499.99999988079,20.0000000434853,1445.50024414062,1548.23681640625,1000.00000016722,15.0000001611191,-0.18462198185101,0.982692072729717,0.671989759647296,0.748573411515906,0.720490288272935,2.29071844212267,17.7974233541992,31.4551552472065,0.0179702331428997,0.0023157013237053,0.059575,shared_delay_plus_weighting,scalar_straight_ray_c1500,physical_element_centres
17,0,300017,30,30,CF-DAS,1499.99999988079,20.0000000434853,1445.50024414062,1548.23681640625,1000.00000016722,15.0000001611191,-0.18462198185101,0.998256331271995,0.698709625743504,0.71447516895431,0.875070633644533,1.06591891410783,26.540468103172,293.27711499045,0.00224688178030978,0.000105817334461284,0.059702,shared_delay_plus_weighting,scalar_straight_ray_c1500,physical_element_centres
17,0,300017,30,30,SCF-DAS,1499.99999988079,20.0000000434853,1445.50024414062,1548.23681640625,1000.00000016722,15.0000001611191,-0.18462198185101,0.999681657186123,0.94112594294583,0.33576467776118,0.90253117202503,0.354683970101832,33.8478958536534,358.546680403506,0.00089802484262803,1.8234487365768e-05,0.0773803,shared_delay_plus_weighting,scalar_straight_ray_c1500,physical_element_centres
17,0,300017,30,30,DMAS,1499.99999988079,20.0000000434853,1445.50024414062,1548.23681640625,1000.00000016722,15.0000001611191,-0.18462198185101,0.997137601441322,0.850144477550257,0.51893288326876,0.563341759424942,0.683722326971527,22.1366175448069,96.4970750692621,0.0047530459736658,0.000371655990880432,0.0958805,shared_delay_plus_weighting,scalar_straight_ray_c1500,physical_element_centres
17,0,300017,30,30,DS-DMAS,1499.99999988079,20.0000000434853,1445.50024414062,1548.23681640625,1000.00000016722,15.0000001611191,-0.18462198185101,0.998778422331091,0.920002300875417,0.379506090435624,0.878579144660654,0.435665299898874,23.9193267790705,125.310413323708,0.00281549359118865,0.000179303267596976,2.3968591,shared_delay_plus_weighting,scalar_straight_ray_c1500,physical_element_centres
17,0,300017,30,30,TR,1499.99999988079,20.0000000434853,1445.50024414062,1548.23681640625,1000.00000016722,15.0000001611191,-0.18462198185101,0.777469929957742,0.694318358025444,0.729287144085532,0.659877756273333,2.3242857693622,17.0266278907337,1.94590427544974,0.273133191463358,0.0384629937894296,28.6325998,direct_TR_wall_time,heterogeneous_recorded_c_rho,equivalent_element_centres
18,0,300018,5,5,DAS,1500.00000008278,20.0000000254079,1459.0966796875,1568.34020996094,999.999999882446,14.9999998563206,-0.118313527736873,0.983554800722152,0.717922098617911,0.706385191628595,0.391796967304562,1.98189512822769,16.9721393116316,29.2024207746367,0.017574122039355,0.00249038603501668,0.0561,shared_delay_plus_weighting,scalar_straight_ray_c1500,physical_element_centres
18,0,300018,5,5,CF-DAS,1500.00000008278,20.0000000254079,1459.0966796875,1568.34020996094,999.999999882446,14.9999998563206,-0.118313527736873,0.998399574075316,0.714459246628303,0.699032058791645,0.870172981628321,1.06329690535863,25.0631508092041,305.630213499907,0.00207235616825663,0.000115692940021556,0.056198,shared_delay_plus_weighting,scalar_straight_ray_c1500,physical_element_centres
18,0,300018,5,5,SCF-DAS,1500.00000008278,20.0000000254079,1459.0966796875,1568.34020996094,999.999999882446,14.9999998563206,-0.118313527736873,0.999796647314943,0.948785380901729,0.314850595221028,0.900238329184277,0.333287828065608,29.3879734844809,490.353347466269,0.000605901401182071,2.05590613542286e-05,0.0718575,shared_delay_plus_weighting,scalar_straight_ray_c1500,physical_element_centres
18,0,300018,5,5,DMAS,1500.00000008278,20.0000000254079,1459.0966796875,1568.34020996094,999.999999882446,14.9999998563206,-0.118313527736873,0.997448186268488,0.854129136960622,0.51346014557173,0.494221978428597,0.716802270336353,20.3687575097299,105.621725238259,0.00411251549297298,0.000394157388258315,0.090034,shared_delay_plus_weighting,scalar_straight_ray_c1500,physical_element_centres
18,0,300018,5,5,DS-DMAS,1500.00000008278,20.0000000254079,1459.0966796875,1568.34020996094,999.999999882446,14.9999998563206,-0.118313527736873,0.999040629063188,0.930126461540508,0.355321789689393,0.881393297092253,0.412048107378901,22.7156800999211,140.141921205529,0.00231476766127668,0.000169325903404967,2.4079644,shared_delay_plus_weighting,scalar_straight_ray_c1500,physical_element_centres
18,0,300018,5,5,TR,1500.00000008278,20.0000000254079,1459.0966796875,1568.34020996094,999.999999882446,14.9999998563206,-0.118313527736873,0.779540525379442,0.698495542452383,0.725432262226651,0.569811583858723,2.29692680047383,16.9615544175181,1.93665130296207,0.272129385513106,0.0386098149490173,28.3219403,direct_TR_wall_time,heterogeneous_recorded_c_rho,equivalent_element_centres
18,0,300018,10,10,DAS,1500.00000008278,20.0000000254079,1459.0966796875,1568.34020996094,999.999999882446,14.9999998563206,-0.118313527736873,0.983509197604661,0.706848173600329,0.716467082063007,0.562148472199226,2.00095805789478,17.2970200735549,30.0859179729982,0.0175815016796439,0.00239996530177237,0.0599927,shared_delay_plus_weighting,scalar_straight_ray_c1500,physical_element_centres
18,0,300018,10,10,CF-DAS,1500.00000008278,20.0000000254079,1459.0966796875,1568.34020996094,999.999999882446,14.9999998563206,-0.118313527736873,0.998375816287956,0.709402370212963,0.704063031076772,0.873859977993402,1.07748530747124,25.1686401911191,305.592639431315,0.00208904207771109,0.000115216632607741,0.0600887,shared_delay_plus_weighting,scalar_straight_ray_c1500,physical_element_centres
18,0,300018,10,10,SCF-DAS,1500.00000008278,20.0000000254079,1459.0966796875,1568.34020996094,999.999999882446,14.9999998563206,-0.118313527736873,0.999769979564403,0.945664385598436,0.323933829657717,0.900391353376672,0.345548490364504,28.6185441486265,459.158744269098,0.000662159283217181,2.45490824570787e-05,0.0770813,shared_delay_plus_weighting,scalar_straight_ray_c1500,physical_element_centres
18,0,300018,10,10,DMAS,1500.00000008278,20.0000000254079,1459.0966796875,1568.34020996094,999.999999882446,14.9999998563206,-0.118313527736873,0.997423059640356,0.857989267831677,0.506861295929517,0.514835066717791,0.703217454848262,20.3772793973791,102.020214163569,0.00420276268362757,0.000402411976507179,0.0952306,shared_delay_plus_weighting,scalar_straight_ray_c1500,physical_element_centres
18,0,300018,10,10,DS-DMAS,1500.00000008278,20.0000000254079,1459.0966796875,1568.34020996094,999.999999882446,14.9999998563206,-0.118313527736873,0.998978074010148,0.930413616114092,0.353747141297886,0.881056454382093,0.414012679238204,22.2523233089703,131.013651459742,0.00244805622788518,0.000188888371859277,2.4035163,shared_delay_plus_weighting,scalar_straight_ray_c1500,physical_element_centres
18,0,300018,10,10,TR,1500.00000008278,20.0000000254079,1459.0966796875,1568.34020996094,999.999999882446,14.9999998563206,-0.118313527736873,0.779252027695388,0.696895717218823,0.726909520998989,0.626231575250991,2.30338879164722,17.0006618603884,1.94617568755455,0.271843075715453,0.0383959292075605,28.6856645,direct_TR_wall_time,heterogeneous_recorded_c_rho,equivalent_element_centres
18,0,300018,15,15,DAS,1500.00000008278,20.0000000254079,1459.0966796875,1568.34020996094,999.999999882446,14.9999998563206,-0.118313527736873,0.983485505322569,0.702808021669579,0.719805522527007,0.660986887207563,2.00878291970439,17.4109600763905,30.3902106813437,0.0175885253761865,0.0023696348364491,0.0506372,shared_delay_plus_weighting,scalar_straight_ray_c1500,physical_element_centres
18,0,300018,15,15,CF-DAS,1500.00000008278,20.0000000254079,1459.0966796875,1568.34020996094,999.999999882446,14.9999998563206,-0.118313527736873,0.998366506290169,0.707112468673086,0.706315746138161,0.874634173736984,1.0841558385481,25.2092678995537,305.83685140395,0.00209452619331565,0.000114980025563768,0.0507748,shared_delay_plus_weighting,scalar_straight_ray_c1500,physical_element_centres
18,0,300018,15,15,SCF-DAS,1500.00000008278,20.0000000254079,1459.0966796875,1568.34020996094,999.999999882446,14.9999998563206,-0.118313527736873,0.999761780910533,0.944492590111753,0.327349689664239,0.899578469393392,0.351411311171329,28.128456612019,452.639474333638,0.000675477993390497,2.64964916701146e-05,0.0673854,shared_delay_plus_weighting,scalar_straight_ray_c1500,physical_element_centres
18,0,300018,15,15,DMAS,1500.00000008278,20.0000000254079,1459.0966796875,1568.34020996094,999.999999882446,14.9999998563206,-0.118313527736873,0.997422736537943,0.860543117522657,0.502406324810757,0.523173525642264,0.695304462301522,20.3310137111569,100.302218217324,0.004232170742666,0.00040739199862574,0.0860145,shared_delay_plus_weighting,scalar_straight_ray_c1500,physical_element_centres
18,0,300018,15,15,DS-DMAS,1500.00000008278,20.0000000254079,1459.0966796875,1568.34020996094,999.999999882446,14.9999998563206,-0.118313527736873,0.998959056122157,0.930745709008701,0.352341405737383,0.87886147551028,0.414194490318977,22.0408023384135,128.017989332996,0.00248744511245602,0.000196658802145422,2.4023858,shared_delay_plus_weighting,scalar_straight_ray_c1500,physical_element_centres
18,0,300018,15,15,TR,1500.00000008278,20.0000000254079,1459.0966796875,1568.34020996094,999.999999882446,14.9999998563206,-0.118313527736873,0.779194827877489,0.696433984101373,0.727306550999485,0.648304305247993,2.30621676541366,17.0100896322092,1.94921974136209,0.271690634640473,0.0383327685255564,28.5130292,direct_TR_wall_time,heterogeneous_recorded_c_rho,equivalent_element_centres
18,0,300018,20,20,DAS,1500.00000008278,20.0000000254079,1459.0966796875,1568.34020996094,999.999999882446,14.9999998563206,-0.118313527736873,0.983472799562212,0.701301366809778,0.720905499898266,0.702404587153464,2.01222836503025,17.4510046804995,30.495751897207,0.0175933827863326,0.0023593866508293,0.0502414,shared_delay_plus_weighting,scalar_straight_ray_c1500,physical_element_centres
18,0,300018,20,20,CF-DAS,1500.00000008278,20.0000000254079,1459.0966796875,1568.34020996094,999.999999882446,14.9999998563206,-0.118313527736873,0.998362623799788,0.706008448604031,0.707394526866783,0.874878414501359,1.08745342457061,25.2263945082263,306.064662388318,0.00209632614660365,0.000114852149008673,0.0503719,shared_delay_plus_weighting,scalar_straight_ray_c1500,physical_element_centres
18,0,300018,20,20,SCF-DAS,1500.00000008278,20.0000000254079,1459.0966796875,1568.34020996094,999.999999882446,14.9999998563206,-0.118313527736873,0.99975372347191,0.944274824567543,0.327968033261634,0.899327915017639,0.351616289759112,28.1344975159187,439.486138103577,0.000697261959531196,2.73319801272285e-05,0.0682593,shared_delay_plus_weighting,scalar_straight_ray_c1500,physical_element_centres
18,0,300018,20,20,DMAS,1500.00000008278,20.0000000254079,1459.0966796875,1568.34020996094,999.999999882446,14.9999998563206,-0.118313527736873,0.9974206639207,0.861330336293945,0.500881162902691,0.531079110988472,0.692365010474938,20.317843282441,99.6951080857609,0.00424506479086788,0.000409253270758203,0.0868119,shared_delay_plus_weighting,scalar_straight_ray_c1500,physical_element_centres
18,0,300018,20,20,DS-DMAS,1500.00000008278,20.0000000254079,1459.0966796875,1568.34020996094,999.999999882446,14.9999998563206,-0.118313527736873,0.998949162988665,0.930856175309981,0.35186380233705,0.877599394163611,0.41362998661186,22.0148954850173,126.6128444537,0.00251155571971045,0.000199158131612569,2.3874026,shared_delay_plus_weighting,scalar_straight_ray_c1500,physical_element_centres
18,0,300018,20,20,TR,1500.00000008278,20.0000000254079,1459.0966796875,1568.34020996094,999.999999882446,14.9999998563206,-0.118313527736873,0.779195901544308,0.696314906213068,0.727391357973848,0.655846141789828,2.30754833243637,17.0113637646223,1.95019072210566,0.271607602363981,0.0383154326211444,28.893282,direct_TR_wall_time,heterogeneous_recorded_c_rho,equivalent_element_centres
18,0,300018,30,30,DAS,1500.00000008278,20.0000000254079,1459.0966796875,1568.34020996094,999.999999882446,14.9999998563206,-0.118313527736873,0.983462003468023,0.700449346031255,0.72140174017604,0.722511392382406,2.01467722724944,17.4713913121963,30.5485144542415,0.0175981890318858,0.00235449847114449,0.0581932,shared_delay_plus_weighting,scalar_straight_ray_c1500,physical_element_centres
18,0,300018,30,30,CF-DAS,1500.00000008278,20.0000000254079,1459.0966796875,1568.34020996094,999.999999882446,14.9999998563206,-0.118313527736873,0.998360034093059,0.705150862145429,0.708228045680718,0.875004799624389,1.09006835614537,25.2380023755371,306.319497684953,0.00209713394612374,0.000114742960612692,0.0583003,shared_delay_plus_weighting,scalar_straight_ray_c1500,physical_element_centres
18,0,300018,30,30,SCF-DAS,1500.00000008278,20.0000000254079,1459.0966796875,1568.34020996094,999.999999882446,14.9999998563206,-0.118313527736873,0.999752862481801,0.943728169798434,0.329454539108684,0.899819224658059,0.354031155277374,27.9841895143494,442.130158680158,0.000695666957028896,2.77454581083411e-05,0.0759461,shared_delay_plus_weighting,scalar_straight_ray_c1500,physical_element_centres
18,0,300018,30,30,DMAS,1500.00000008278,20.0000000254079,1459.0966796875,1568.34020996094,999.999999882446,14.9999998563206,-0.118313527736873,0.997409729161619,0.860095958937079,0.502318453360385,0.557189134428981,0.694390243880736,20.3516057702261,100.094081536478,0.00424920039739564,0.000408062724528397,0.095729,shared_delay_plus_weighting,scalar_straight_ray_c1500,physical_element_centres
18,0,300018,30,30,DS-DMAS,1500.00000008278,20.0000000254079,1459.0966796875,1568.34020996094,999.999999882446,14.9999998563206,-0.118313527736873,0.9989434603317,0.930372314327704,0.353321719223409,0.877462723745903,0.416114217554594,21.9739891257133,126.779940343385,0.00251452317334935,0.000200334702789634,2.385417,shared_delay_plus_weighting,scalar_straight_ray_c1500,physical_element_centres
18,0,300018,30,30,TR,1500.00000008278,20.0000000254079,1459.0966796875,1568.34020996094,999.999999882446,14.9999998563206,-0.118313527736873,0.77921658017636,0.696294182968317,0.727383365645846,0.659022275505236,2.30856267065884,17.0100828414358,1.95060163794032,0.271536276235349,0.0383110200862188,28.4738305,direct_TR_wall_time,heterogeneous_recorded_c_rho,equivalent_element_centres
19,0,300019,5,5,DAS,1500.00000015895,20.0000002405086,1442.89672851562,1558.52294921875,1000.00000001325,14.9999999753562,0.0111683807489408,0.984947987943412,0.706061558351114,0.713063244888737,0.346998241341684,1.96654440260743,17.3851739948906,33.0612439002047,0.01608139202616,0.0021730260838348,0.0465971,shared_delay_plus_weighting,scalar_straight_ray_c1500,physical_element_centres
19,0,300019,5,5,CF-DAS,1500.00000015895,20.0000002405086,1442.89672851562,1558.52294921875,1000.00000001325,14.9999999753562,0.0111683807489408,0.998737369463125,0.687082240360666,0.725072828980995,0.872598883689046,1.10658708336771,26.4882701598704,417.873163397679,0.00159746361328126,7.56863334316205e-05,0.0466858,shared_delay_plus_weighting,scalar_straight_ray_c1500,physical_element_centres
19,0,300019,5,5,SCF-DAS,1500.00000015895,20.0000002405086,1442.89672851562,1558.52294921875,1000.00000001325,14.9999999753562,0.0111683807489408,0.999838199126423,0.947907048836411,0.31694935779678,0.901860018301512,0.333643531989928,30.848772946038,626.692979475563,0.000481111925313233,1.37977246736062e-05,0.063228,shared_delay_plus_weighting,scalar_straight_ray_c1500,physical_element_centres
19,0,300019,5,5,DMAS,1500.00000015895,20.0000002405086,1442.89672851562,1558.52294921875,1000.00000001325,14.9999999753562,0.0111683807489408,0.997770704471487,0.845762693389285,0.531474689752059,0.405563929194441,0.732137298357363,21.0187111275618,127.342516668689,0.00356198124548102,0.000316778772866947,0.0820542,shared_delay_plus_weighting,scalar_straight_ray_c1500,physical_element_centres
19,0,300019,5,5,DS-DMAS,1500.00000015895,20.0000002405086,1442.89672851562,1558.52294921875,1000.00000001325,14.9999999753562,0.0111683807489408,0.999199067623126,0.929279806626208,0.357782396887775,0.881099002429595,0.414252266727951,22.729071422698,169.917034141343,0.00192193645909902,0.000140373605292392,2.3698417,shared_delay_plus_weighting,scalar_straight_ray_c1500,physical_element_centres
19,0,300019,5,5,TR,1500.00000015895,20.0000002405086,1442.89672851562,1558.52294921875,1000.00000001325,14.9999999753562,0.0111683807489408,0.779041724680525,0.700018591202084,0.724136891621749,0.564130943109781,2.29886328579189,16.9169772720014,1.91841359396138,0.273585775266573,0.0390161713099888,28.8713047,direct_TR_wall_time,heterogeneous_recorded_c_rho,equivalent_element_centres
19,0,300019,10,10,DAS,1500.00000015895,20.0000002405086,1442.89672851562,1558.52294921875,1000.00000001325,14.9999999753562,0.0111683807489408,0.984966839174589,0.693441451874943,0.726469707866293,0.528635918703788,1.98247286309659,17.7808087990531,34.2870568887724,0.0160399906770429,0.0020709216652626,0.0550697,shared_delay_plus_weighting,scalar_straight_ray_c1500,physical_element_centres
19,0,300019,10,10,CF-DAS,1500.00000015895,20.0000002405086,1442.89672851562,1558.52294921875,1000.00000001325,14.9999999753562,0.0111683807489408,0.998728741215416,0.685323038370534,0.726851843428182,0.878165621290474,1.1087361359322,26.5908082772461,416.935761748804,0.0016063684994011,7.52150528929741e-05,0.055198,shared_delay_plus_weighting,scalar_straight_ray_c1500,physical_element_centres
19,0,300019,10,10,SCF-DAS,1500.00000015895,20.0000002405086,1442.89672851562,1558.52294921875,1000.00000001325,14.9999999753562,0.0111683807489408,0.999818676329804,0.947414004366791,0.318532699499493,0.901948373057783,0.335993407927036,30.3565666551362,564.323715742767,0.000535424705089255,1.62506251778035e-05,0.0728163,shared_delay_plus_weighting,scalar_straight_ray_c1500,physical_element_centres
19,0,300019,10,10,DMAS,1500.00000015895,20.0000002405086,1442.89672851562,1558.52294921875,1000.00000001325,14.9999999753562,0.0111683807489408,0.997772333297597,0.854292265751684,0.517159793507767,0.436705414630833,0.704017869554552,20.9403221164793,120.919140437616,0.00364656956266026,0.000327241516681379,0.0905057,shared_delay_plus_weighting,scalar_straight_ray_c1500,physical_element_centres
19,0,300019,10,10,DS-DMAS,1500.00000015895,20.0000002405086,1442.89672851562,1558.52294921875,1000.00000001325,14.9999999753562,0.0111683807489408,0.999141619264891,0.931110149262332,0.352122483968233,0.880650471395965,0.409697306471272,22.3251428496459,154.547303404907,0.00207083328297886,0.000158448449582993,2.396735,shared_delay_plus_weighting,scalar_straight_ray_c1500,physical_element_centres
19,0,300019,10,10,TR,1500.00000015895,20.0000002405086,1442.89672851562,1558.52294921875,1000.00000001325,14.9999999753562,0.0111683807489408,0.778699959470355,0.698056311395628,0.725894533152393,0.624015149780389,2.30445299941585,16.9667266644376,1.93030935391663,0.273216093902904,0.0387409213306485,28.7177737,direct_TR_wall_time,heterogeneous_recorded_c_rho,equivalent_element_centres
19,0,300019,15,15,DAS,1500.00000015895,20.0000002405086,1442.89672851562,1558.52294921875,1000.00000001325,14.9999999753562,0.0111683807489408,0.984979460635065,0.68930920497465,0.731005676331863,0.644711037238626,1.98763155242822,17.9101227172677,34.6994439185192,0.0160201770480423,0.00203779820589171,0.0443738,shared_delay_plus_weighting,scalar_straight_ray_c1500,physical_element_centres
19,0,300019,15,15,CF-DAS,1500.00000015895,20.0000002405086,1442.89672851562,1558.52294921875,1000.00000001325,14.9999999753562,0.0111683807489408,0.998727205300125,0.685312114987093,0.726911055235586,0.878979537959054,1.1074883265638,26.6129712227566,416.444120405394,0.00160884890939388,7.51392229153443e-05,0.0444748,shared_delay_plus_weighting,scalar_straight_ray_c1500,physical_element_centres
19,0,300019,15,15,SCF-DAS,1500.00000015895,20.0000002405086,1442.89672851562,1558.52294921875,1000.00000001325,14.9999999753562,0.0111683807489408,0.999803464010556,0.947422282473707,0.318506379013941,0.901579608635787,0.336082852688319,30.3124229323359,520.529187720488,0.000579838348778803,1.76882874906739e-05,0.06229,shared_delay_plus_weighting,scalar_straight_ray_c1500,physical_element_centres
19,0,300019,15,15,DMAS,1500.00000015895,20.0000002405086,1442.89672851562,1558.52294921875,1000.00000001325,14.9999999753562,0.0111683807489408,0.997778940721323,0.85918360264453,0.508631489461916,0.451382899634597,0.688903553581461,20.8516737728282,117.502188199558,0.00368522203682362,0.000334102688849849,0.0807014,shared_delay_plus_weighting,scalar_straight_ray_c1500,physical_element_centres
19,0,300019,15,15,DS-DMAS,1500.00000015895,20.0000002405086,1442.89672851562,1558.52294921875,1000.00000001325,14.9999999753562,0.0111683807489408,0.999113520008379,0.931775465836218,0.3498665127641,0.878420923848565,0.407606692617056,22.213895156359,148.235927367004,0.00214366688912215,0.000166135537973096,2.375226,shared_delay_plus_weighting,scalar_straight_ray_c1500,physical_element_centres
19,0,300019,15,15,TR,1500.00000015895,20.0000002405086,1442.89672851562,1558.52294921875,1000.00000001325,14.9999999753562,0.0111683807489408,0.778617132568747,0.697395973818383,0.726441252728476,0.648066224154306,2.30674158015654,16.9819964763265,1.93466732065606,0.273017474897465,0.0386447606493633,28.243036,direct_TR_wall_time,heterogeneous_recorded_c_rho,equivalent_element_centres
19,0,300019,20,20,DAS,1500.00000015895,20.0000002405086,1442.89672851562,1558.52294921875,1000.00000001325,14.9999999753562,0.0111683807489408,0.984987197158423,0.688040404319031,0.732533987481435,0.69477104527622,1.98929176260431,17.9493661064197,34.8347649958112,0.016010136426667,0.00202734064484162,0.0506028,shared_delay_plus_weighting,scalar_straight_ray_c1500,physical_element_centres
19,0,300019,20,20,CF-DAS,1500.00000015895,20.0000002405086,1442.89672851562,1558.52294921875,1000.00000001325,14.9999999753562,0.0111683807489408,0.998727424811706,0.685615201618242,0.726648936719276,0.879134232441874,1.10599968216253,26.6151611689966,416.189275856066,0.00160941809049019,7.51468568566455e-05,0.0506944,shared_delay_plus_weighting,scalar_straight_ray_c1500,physical_element_centres
19,0,300019,20,20,SCF-DAS,1500.00000015895,20.0000002405086,1442.89672851562,1558.52294921875,1000.00000001325,14.9999999753562,0.0111683807489408,0.999803794255559,0.947513962639748,0.318381773351536,0.900436212838761,0.336492729571458,29.9843389805334,520.520550961754,0.000578413811643048,1.83240600218502e-05,0.0690024,shared_delay_plus_weighting,scalar_straight_ray_c1500,physical_element_centres
19,0,300019,20,20,DMAS,1500.00000015895,20.0000002405086,1442.89672851562,1558.52294921875,1000.00000001325,14.9999999753562,0.0111683807489408,0.997785539937933,0.861217934703023,0.504861982536621,0.460776835505015,0.682793703108413,20.7896179618443,116.27122112106,0.00369331855712875,0.000337237506926592,0.0901746,shared_delay_plus_weighting,scalar_straight_ray_c1500,physical_element_centres
19,0,300019,20,20,DS-DMAS,1500.00000015895,20.0000002405086,1442.89672851562,1558.52294921875,1000.00000001325,14.9999999753562,0.0111683807489408,0.999107150728062,0.932234410917357,0.348399437906196,0.876604713293241,0.406202325585034,22.151324784164,146.216759367332,0.00216330130974979,0.000168869327557921,2.4031848,shared_delay_plus_weighting,scalar_straight_ray_c1500,physical_element_centres
19,0,300019,20,20,TR,1500.00000015895,20.0000002405086,1442.89672851562,1558.52294921875,1000.00000001325,14.9999999753562,0.0111683807489408,0.778605162375899,0.69716769023031,0.726607191365992,0.656572460680172,2.30775398193644,16.9864877078197,1.9363669652797,0.272908716184587,0.0386093971916355,28.7128319,direct_TR_wall_time,heterogeneous_recorded_c_rho,equivalent_element_centres
19,0,300019,30,30,DAS,1500.00000015895,20.0000002405086,1442.89672851562,1558.52294921875,1000.00000001325,14.9999999753562,0.0111683807489408,0.984994373801093,0.687577741128722,0.733253194105274,0.71812921355097,1.99000481154564,17.9630829608263,34.8942871470307,0.0160019708620248,0.00202310921026143,0.0689957,shared_delay_plus_weighting,scalar_straight_ray_c1500,physical_element_centres
19,0,300019,30,30,CF-DAS,1500.00000015895,20.0000002405086,1442.89672851562,1558.52294921875,1000.00000001325,14.9999999753562,0.0111683807489408,0.998728265783398,0.686064941088704,0.726243925921389,0.879147546550587,1.10422777472276,26.6110974008757,415.979255302124,0.00160942368777994,7.51822846559263e-05,0.0690927,shared_delay_plus_weighting,scalar_straight_ray_c1500,physical_element_centres
19,0,300019,30,30,SCF-DAS,1500.00000015895,20.0000002405086,1442.89672851562,1558.52294921875,1000.00000001325,14.9999999753562,0.0111683807489408,0.999798847966147,0.947561395071808,0.318116508164612,0.900917862421296,0.336011377707542,29.9772047011627,507.263078402763,0.000593151270359865,1.88063809801287e-05,0.0876841,shared_delay_plus_weighting,scalar_straight_ray_c1500,physical_element_centres
19,0,300019,30,30,DMAS,1500.00000015895,20.0000002405086,1442.89672851562,1558.52294921875,1000.00000001325,14.9999999753562,0.0111683807489408,0.997776816734699,0.860725092055854,0.504820031202828,0.488661236216936,0.681792499169552,20.8262762151608,116.195689522816,0.0037049165047968,0.000336871766761621,0.1092857,shared_delay_plus_weighting,scalar_straight_ray_c1500,physical_element_centres
19,0,300019,30,30,DS-DMAS,1500.00000015895,20.0000002405086,1442.89672851562,1558.52294921875,1000.00000001325,14.9999999753562,0.0111683807489408,0.999096608801773,0.931910443770528,0.349547409364067,0.877400028407768,0.407669106560209,22.1604948252596,145.174219742412,0.00218411579975126,0.00017031422366725,2.4753565,shared_delay_plus_weighting,scalar_straight_ray_c1500,physical_element_centres
19,0,300019,30,30,TR,1500.00000015895,20.0000002405086,1442.89672851562,1558.52294921875,1000.00000001325,14.9999999753562,0.0111683807489408,0.778615198338837,0.697052803376622,0.726668475480543,0.660382635144062,2.30847865289429,16.9879829685535,1.93741051473712,0.272814922001904,0.03858948410041,28.2349304,direct_TR_wall_time,heterogeneous_recorded_c_rho,equivalent_element_centres
20,0,300020,5,5,DAS,1499.99999977814,20.0000002398317,1448.02612304688,1549.57202148438,1000.0000000596,14.999999995258,-0.243204028019836,0.986074303887282,0.691329902643757,0.731255403364882,0.306568787151608,2.15999959792625,17.441471284952,37.2452408410982,0.0146204989963008,0.00196285686421666,0.0529538,shared_delay_plus_weighting,scalar_straight_ray_c1500,physical_element_centres
20,0,300020,5,5,CF-DAS,1499.99999977814,20.0000002398317,1448.02612304688,1549.57202148438,1000.0000000596,14.999999995258,-0.243204028019836,0.998971191654472,0.710174648890372,0.70222022108304,0.868965725949287,1.01100536435754,27.4700564631356,481.520322046738,0.00135641654230956,5.73971402199994e-05,0.0530195,shared_delay_plus_weighting,scalar_straight_ray_c1500,physical_element_centres
20,0,300020,5,5,SCF-DAS,1499.99999977814,20.0000002398317,1448.02612304688,1549.57202148438,1000.0000000596,14.999999995258,-0.243204028019836,0.999842768601266,0.948028575688131,0.316654705174011,0.902846770290893,0.331889520001907,31.8571154484776,643.453556220044,0.000469754114858296,1.19954023760229e-05,0.0701152,shared_delay_plus_weighting,scalar_straight_ray_c1500,physical_element_centres
20,0,300020,5,5,DMAS,1499.99999977814,20.0000002398317,1448.02612304688,1549.57202148438,1000.0000000596,14.999999995258,-0.243204028019836,0.998050843193439,0.869828955327107,0.492825132200826,0.43065920505966,0.641050225414448,21.4551185387372,124.4930734776,0.00340900800575328,0.000288318224053903,0.086992,shared_delay_plus_weighting,scalar_straight_ray_c1500,physical_element_centres
20,0,300020,5,5,DS-DMAS,1499.99999977814,20.0000002398317,1448.02612304688,1549.57202148438,1000.0000000596,14.999999995258,-0.243204028019836,0.999229516767191,0.927778835627625,0.361636532724135,0.879021202544799,0.413799600823709,23.3558700930969,180.268394720012,0.00185059852698345,0.000125753102209352,2.3905165,shared_delay_plus_weighting,scalar_straight_ray_c1500,physical_element_centres
20,0,300020,5,5,TR,1499.99999977814,20.0000002398317,1448.02612304688,1549.57202148438,1000.0000000596,14.999999995258,-0.243204028019836,0.780828994358856,0.701005412143638,0.723379115458717,0.570577471901302,2.30143298960947,16.8847529010461,1.93147011430575,0.270978085686675,0.038787923048603,28.6782701,direct_TR_wall_time,heterogeneous_recorded_c_rho,equivalent_element_centres
20,0,300020,10,10,DAS,1499.99999977814,20.0000002398317,1448.02612304688,1549.57202148438,1000.0000000596,14.999999995258,-0.243204028019836,0.986032906022213,0.673497930461349,0.747390267027236,0.49181756861967,2.18643303215936,17.9658542539341,38.889169317099,0.0146334229049908,0.00184949521123118,0.0521708,shared_delay_plus_weighting,scalar_straight_ray_c1500,physical_element_centres
20,0,300020,10,10,CF-DAS,1499.99999977814,20.0000002398317,1448.02612304688,1549.57202148438,1000.0000000596,14.999999995258,-0.243204028019836,0.998955926523095,0.706425178271727,0.705856165941409,0.875567107126091,1.01744708506525,27.7548780033858,479.566385817329,0.00137161415935955,5.6167883543418e-05,0.0522206,shared_delay_plus_weighting,scalar_straight_ray_c1500,physical_element_centres
20,0,300020,10,10,SCF-DAS,1499.99999977814,20.0000002398317,1448.02612304688,1549.57202148438,1000.0000000596,14.999999995258,-0.243204028019836,0.99982002036951,0.950941066423509,0.307736507513427,0.904319052054855,0.321111686261416,32.2664522463712,531.335835890592,0.000553431181439053,1.34815867993852e-05,0.0710954,shared_delay_plus_weighting,scalar_straight_ray_c1500,physical_element_centres
20,0,300020,10,10,DMAS,1499.99999977814,20.0000002398317,1448.02612304688,1549.57202148438,1000.0000000596,14.999999995258,-0.243204028019836,0.998024307818052,0.874140213676441,0.484808521141737,0.458546128781876,0.623189623648343,21.6413703939061,119.006451225022,0.00352332319824683,0.000291664762932863,0.0911297,shared_delay_plus_weighting,scalar_straight_ray_c1500,physical_element_centres
20,0,300020,10,10,DS-DMAS,1499.99999977814,20.0000002398317,1448.02612304688,1549.57202148438,1000.0000000596,14.999999995258,-0.243204028019836,0.99916880790704,0.928987848056107,0.357746217739691,0.879193673041502,0.409913303969073,23.1516189052889,164.368342609651,0.00200634968457673,0.00013958079987526,2.3806651,shared_delay_plus_weighting,scalar_straight_ray_c1500,physical_element_centres
20,0,300020,10,10,TR,1499.99999977814,20.0000002398317,1448.02612304688,1549.57202148438,1000.0000000596,14.999999995258,-0.243204028019836,0.780182532397046,0.699121933566156,0.724964069602619,0.625321872451758,2.30335276522163,16.9378112294276,1.93916086922134,0.271232850188682,0.0385879516953926,28.2347968,direct_TR_wall_time,heterogeneous_recorded_c_rho,equivalent_element_centres
20,0,300020,15,15,DAS,1499.99999977814,20.0000002398317,1448.02612304688,1549.57202148438,1000.0000000596,14.999999995258,-0.243204028019836,0.986011567225612,0.66709927108388,0.752836962932629,0.622872132615838,2.1959182110758,18.153030510945,39.4471306599769,0.0146441438770991,0.00181139206767719,0.0518046,shared_delay_plus_weighting,scalar_straight_ray_c1500,physical_element_centres
20,0,300020,15,15,CF-DAS,1499.99999977814,20.0000002398317,1448.02612304688,1549.57202148438,1000.0000000596,14.999999995258,-0.243204028019836,0.998949958795506,0.705158762971214,0.707066926073724,0.876731551302691,1.01952655233323,27.8584090305806,478.542785241575,0.00137780051292218,5.57526982356147e-05,0.0518739,shared_delay_plus_weighting,scalar_straight_ray_c1500,physical_element_centres
20,0,300020,15,15,SCF-DAS,1499.99999977814,20.0000002398317,1448.02612304688,1549.57202148438,1000.0000000596,14.999999995258,-0.243204028019836,0.999807208720293,0.949151243610881,0.313083732895536,0.90428019554593,0.327263755958062,32.0884791714463,513.638283914325,0.000582189925104014,1.44757384315104e-05,0.0694785,shared_delay_plus_weighting,scalar_straight_ray_c1500,physical_element_centres
20,0,300020,15,15,DMAS,1499.99999977814,20.0000002398317,1448.02612304688,1549.57202148438,1000.0000000596,14.999999995258,-0.243204028019836,0.99800887315414,0.875468905720891,0.482206526097351,0.46891816391953,0.617581647793275,21.708005291583,116.912242875225,0.00357259708794421,0.000293483557852592,0.0872005,shared_delay_plus_weighting,scalar_straight_ray_c1500,physical_element_centres
20,0,300020,15,15,DS-DMAS,1499.99999977814,20.0000002398317,1448.02612304688,1549.57202148438,1000.0000000596,14.999999995258,-0.243204028019836,0.999138223965242,0.928355186243898,0.358825870803961,0.877014754330145,0.412093778467054,23.0445513655571,159.883726831432,0.00206744644306191,0.000145615196212138,2.3698712,shared_delay_plus_weighting,scalar_straight_ray_c1500,physical_element_centres
20,0,300020,15,15,TR,1499.99999977814,20.0000002398317,1448.02612304688,1549.57202148438,1000.0000000596,14.999999995258,-0.243204028019836,0.779926718668708,0.698510282820926,0.725409046763057,0.646233768445353,2.30350857487598,16.9549253678872,1.94109683951008,0.271386294920882,0.0385337826576266,28.4841949,direct_TR_wall_time,heterogeneous_recorded_c_rho,equivalent_element_centres
20,0,300020,20,20,DAS,1499.99999977814,20.0000002398317,1448.02612304688,1549.57202148438,1000.0000000596,14.999999995258,-0.243204028019836,0.986000181361592,0.664835684572222,0.754657550061809,0.683550234051291,2.19947345372975,18.2181657828893,39.6317705960162,0.0146512622795815,0.00179873321286942,0.0480364,shared_delay_plus_weighting,scalar_straight_ray_c1500,physical_element_centres
20,0,300020,20,20,CF-DAS,1499.99999977814,20.0000002398317,1448.02612304688,1549.57202148438,1000.0000000596,14.999999995258,-0.243204028019836,0.998947478598464,0.704712476776436,0.707487215232895,0.877069093809393,1.02018939028534,27.8998338948468,478.012666881913,0.00138048889080294,5.55957023798496e-05,0.0480987,shared_delay_plus_weighting,scalar_straight_ray_c1500,physical_element_centres
20,0,300020,20,20,SCF-DAS,1499.99999977814,20.0000002398317,1448.02612304688,1549.57202148438,1000.0000000596,14.999999995258,-0.243204028019836,0.999800143131521,0.947747864572505,0.317187512046499,0.904130147874504,0.332631115197104,32.0453652510099,508.784763664477,0.000595522974651629,1.48809363198997e-05,0.0657182,shared_delay_plus_weighting,scalar_straight_ray_c1500,physical_element_centres
20,0,300020,20,20,DMAS,1499.99999977814,20.0000002398317,1448.02612304688,1549.57202148438,1000.0000000596,14.999999995258,-0.243204028019836,0.998000688113419,0.875803480834531,0.481344396786509,0.478309894166492,0.615342339281913,21.7641957510524,116.13866120491,0.00359567721235592,0.000293474864108577,0.0852011,shared_delay_plus_weighting,scalar_straight_ray_c1500,physical_element_centres
20,0,300020,20,20,DS-DMAS,1499.99999977814,20.0000002398317,1448.02612304688,1549.57202148438,1000.0000000596,14.999999995258,-0.243204028019836,0.999123749459067,0.927906248415976,0.359789876491199,0.875720205702777,0.413588990376437,23.0408081444606,158.186950992133,0.00209572911680588,0.000147670838212476,2.3697314,shared_delay_plus_weighting,scalar_straight_ray_c1500,physical_element_centres
20,0,300020,20,20,TR,1499.99999977814,20.0000002398317,1448.02612304688,1549.57202148438,1000.0000000596,14.999999995258,-0.243204028019836,0.77981696354281,0.698309514649321,0.725517516850881,0.653413281482359,2.30330475873447,16.9604776646814,1.94142546754474,0.271475788904289,0.0385218575224639,28.3771705,direct_TR_wall_time,heterogeneous_recorded_c_rho,equivalent_element_centres
20,0,300020,30,30,DAS,1499.99999977814,20.0000002398317,1448.02612304688,1549.57202148438,1000.0000000596,14.999999995258,-0.243204028019836,0.985990542758447,0.663682417707609,0.755499247370981,0.713890517408557,2.20152297862072,18.2501308314319,39.7144992854102,0.0146581624162461,0.00179296985511695,0.0571309,shared_delay_plus_weighting,scalar_straight_ray_c1500,physical_element_centres
20,0,300020,30,30,CF-DAS,1499.99999977814,20.0000002398317,1448.02612304688,1549.57202148438,1000.0000000596,14.999999995258,-0.243204028019836,0.99894583122759,0.704478507531332,0.707701653258398,0.877232087944261,1.02046688277306,27.9263649810007,477.578208077022,0.00138237014421409,5.55016758286433e-05,0.0572059,shared_delay_plus_weighting,scalar_straight_ray_c1500,physical_element_centres
20,0,300020,30,30,SCF-DAS,1499.99999977814,20.0000002398317,1448.02612304688,1549.57202148438,1000.0000000596,14.999999995258,-0.243204028019836,0.999794131873892,0.948325704340391,0.315325025876996,0.905090170368461,0.330322947310901,32.2464052522755,488.592795690064,0.000616869509160758,1.50616670065286e-05,0.0748068,shared_delay_plus_weighting,scalar_straight_ray_c1500,physical_element_centres
20,0,300020,30,30,DMAS,1499.99999977814,20.0000002398317,1448.02612304688,1549.57202148438,1000.0000000596,14.999999995258,-0.243204028019836,0.997985635016355,0.874495037650135,0.482690336869006,0.51042183455238,0.615938670091967,21.8870780694335,116.405959581634,0.00361335087866124,0.00029077444322813,0.0929055,shared_delay_plus_weighting,scalar_straight_ray_c1500,physical_element_centres
20,0,300020,30,30,DS-DMAS,1499.99999977814,20.0000002398317,1448.02612304688,1549.57202148438,1000.0000000596,14.999999995258,-0.243204028019836,0.999111821937273,0.927330400902128,0.361687064827285,0.877443852671113,0.415622667692967,23.1204144446142,157.260186818231,0.00211862073844453,0.000147921906935249,2.399819,shared_delay_plus_weighting,scalar_straight_ray_c1500,physical_element_centres
20,0,300020,30,30,TR,1499.99999977814,20.0000002398317,1448.02612304688,1549.57202148438,1000.0000000596,14.999999995258,-0.243204028019836,0.779740806920191,0.698218441470543,0.725528582874299,0.656497691811921,2.30295263894292,16.9629295455539,1.94126249866925,0.271556317749316,0.0385224086359709,28.5617502,direct_TR_wall_time,heterogeneous_recorded_c_rho,equivalent_element_centres
21,0,300021,5,5,DAS,1500.00000013908,19.9999999011484,1454.3974609375,1560.69934082031,999.999999953641,14.9999999179383,-0.270787763184611,0.984195526699222,0.699608670096892,0.721944228123371,0.358408873538831,2.09585629835389,17.2755788123999,32.0533842795663,0.016657409080563,0.00227944181487804,0.048629,shared_delay_plus_weighting,scalar_straight_ray_c1500,physical_element_centres
21,0,300021,5,5,CF-DAS,1500.00000013908,19.9999999011484,1454.3974609375,1560.69934082031,999.999999953641,14.9999999179383,-0.270787763184611,0.998613966883623,0.697458209208292,0.715551118131369,0.868582759658891,1.08646181783398,25.7330668322313,370.275597022854,0.00176775206530608,9.13625077433233e-05,0.0487051,shared_delay_plus_weighting,scalar_straight_ray_c1500,physical_element_centres
21,0,300021,5,5,SCF-DAS,1500.00000013908,19.9999999011484,1454.3974609375,1560.69934082031,999.999999953641,14.9999999179383,-0.270787763184611,0.999795101750757,0.956088541688482,0.291233536919534,0.905686625365779,0.300518292499075,33.6374244447563,418.748963980063,0.000667208451047636,1.38800271721785e-05,0.0651058,shared_delay_plus_weighting,scalar_straight_ray_c1500,physical_element_centres
21,0,300021,5,5,DMAS,1500.00000013908,19.9999999011484,1454.3974609375,1560.69934082031,999.999999953641,14.9999999179383,-0.270787763184611,0.997625386986378,0.849306530436467,0.523898040070018,0.441011911829236,0.706343996583225,21.3256010328543,116.994762224199,0.00386570104307614,0.0003318548833871,0.0822212,shared_delay_plus_weighting,scalar_straight_ray_c1500,physical_element_centres
21,0,300021,5,5,DS-DMAS,1500.00000013908,19.9999999011484,1454.3974609375,1560.69934082031,999.999999953641,14.9999999179383,-0.270787763184611,0.99908673267223,0.93502638282388,0.344075712855188,0.887309021954775,0.379598368445476,25.0388125454799,137.22684790198,0.00236078380920009,0.000132164735374014,2.3539884,shared_delay_plus_weighting,scalar_straight_ray_c1500,physical_element_centres
21,0,300021,5,5,TR,1500.00000013908,19.9999999011484,1454.3974609375,1560.69934082031,999.999999953641,14.9999999179383,-0.270787763184611,0.778644618337024,0.69757070030721,0.726533648788972,0.568460382196719,2.32020427227603,16.9562053232502,1.933580720337,0.272746403658566,0.0387211963185042,28.4725475,direct_TR_wall_time,heterogeneous_recorded_c_rho,equivalent_element_centres
21,0,300021,10,10,DAS,1500.00000013908,19.9999999011484,1454.3974609375,1560.69934082031,999.999999953641,14.9999999179383,-0.270787763184611,0.984184973126257,0.688255708226688,0.732990873738691,0.53289566601614,2.10679951676325,17.6323696442799,33.0363002565417,0.0166561958786002,0.00218754672099778,0.0581705,shared_delay_plus_weighting,scalar_straight_ray_c1500,physical_element_centres
21,0,300021,10,10,CF-DAS,1500.00000013908,19.9999999011484,1454.3974609375,1560.69934082031,999.999999953641,14.9999999179383,-0.270787763184611,0.998598011401576,0.695055970243057,0.717843614521635,0.87321189956492,1.09177684543287,25.8461377080497,368.446539509468,0.00178353752613797,9.09861662201317e-05,0.0582261,shared_delay_plus_weighting,scalar_straight_ray_c1500,physical_element_centres
21,0,300021,10,10,SCF-DAS,1500.00000013908,19.9999999011484,1454.3974609375,1560.69934082031,999.999999953641,14.9999999179383,-0.270787763184611,0.999766686513019,0.955163927529179,0.294166713022718,0.905614795698864,0.303875648832709,33.0840882630127,375.268861821167,0.000750841673478645,1.6647305743172e-05,0.0759611,shared_delay_plus_weighting,scalar_straight_ray_c1500,physical_element_centres
21,0,300021,10,10,DMAS,1500.00000013908,19.9999999011484,1454.3974609375,1560.69934082031,999.999999953641,14.9999999179383,-0.270787763184611,0.997624195537323,0.85810725285843,0.50889069452212,0.474125701677173,0.677510685019052,21.2808227659621,110.603467256117,0.00397037556566021,0.000342602439615519,0.0934455,shared_delay_plus_weighting,scalar_straight_ray_c1500,physical_element_centres
21,0,300021,10,10,DS-DMAS,1500.00000013908,19.9999999011484,1454.3974609375,1560.69934082031,999.999999953641,14.9999999179383,-0.270787763184611,0.999025158202855,0.936020904963484,0.340459506823059,0.886134171846708,0.377189328546356,24.4939342458677,126.621484997373,0.00252247399724998,0.000150359192867675,2.3953191,shared_delay_plus_weighting,scalar_straight_ray_c1500,physical_element_centres
21,0,300021,10,10,TR,1500.00000013908,19.9999999011484,1454.3974609375,1560.69934082031,999.999999953641,14.9999999179383,-0.270787763184611,0.778567993881105,0.696631655964597,0.727279830427959,0.623925859522251,2.31983323611906,16.986316595171,1.94024626865747,0.272524943221395,0.0385558629685191,28.9039291,direct_TR_wall_time,heterogeneous_recorded_c_rho,equivalent_element_centres
21,0,300021,15,15,DAS,1500.00000013908,19.9999999011484,1454.3974609375,1560.69934082031,999.999999953641,14.9999999179383,-0.270787763184611,0.984181008100365,0.684654685428623,0.736419266696822,0.637816147959949,2.1089030070635,17.7495743503481,33.3430511304432,0.0166586929371369,0.00215855046025129,0.0626428,shared_delay_plus_weighting,scalar_straight_ray_c1500,physical_element_centres
21,0,300021,15,15,CF-DAS,1500.00000013908,19.9999999011484,1454.3974609375,1560.69934082031,999.999999953641,14.9999999179383,-0.270787763184611,0.99859250776346,0.69448021320701,0.718377799587056,0.874123132828054,1.09305766368456,25.8810713138014,367.573688378387,0.00178933221272996,9.09153918215051e-05,0.0627168,shared_delay_plus_weighting,scalar_straight_ray_c1500,physical_element_centres
21,0,300021,15,15,SCF-DAS,1500.00000013908,19.9999999011484,1454.3974609375,1560.69934082031,999.999999953641,14.9999999179383,-0.270787763184611,0.999752596088711,0.955136838964297,0.29431186402167,0.904771209219606,0.303623619359054,32.7169708497349,354.079259303101,0.000795079579908749,1.83891670108009e-05,0.0799074,shared_delay_plus_weighting,scalar_straight_ray_c1500,physical_element_centres
21,0,300021,15,15,DMAS,1500.00000013908,19.9999999011484,1454.3974609375,1560.69934082031,999.999999953641,14.9999999179383,-0.270787763184611,0.99763399143127,0.86296898806245,0.500321338539623,0.488813770277023,0.662703990856126,21.1957445486615,107.522161241864,0.00400922549981033,0.000349360062410916,0.0983878,shared_delay_plus_weighting,scalar_straight_ray_c1500,physical_element_centres
21,0,300021,15,15,DS-DMAS,1500.00000013908,19.9999999011484,1454.3974609375,1560.69934082031,999.999999953641,14.9999999179383,-0.270787763184611,0.999003341751852,0.936895530166916,0.337590600391152,0.884109951626303,0.374096366340943,24.3001275653657,122.195676141477,0.00258947171207567,0.000157835537217268,2.3896741,shared_delay_plus_weighting,scalar_straight_ray_c1500,physical_element_centres
21,0,300021,15,15,TR,1500.00000013908,19.9999999011484,1454.3974609375,1560.69934082031,999.999999953641,14.9999999179383,-0.270787763184611,0.778631514478435,0.696549119385755,0.727260254570159,0.646173059824385,2.31862763835759,16.9907707953874,1.94165685200301,0.272411962346502,0.0385201203142902,28.461928,direct_TR_wall_time,heterogeneous_recorded_c_rho,equivalent_element_centres
21,0,300021,20,20,DAS,1500.00000013908,19.9999999011484,1454.3974609375,1560.69934082031,999.999999953641,14.9999999179383,-0.270787763184611,0.984179401280238,0.683597619768381,0.737417089186767,0.681237887871594,2.10878763115982,17.7861325019973,33.4318107906634,0.0166611021621123,0.00214979526641858,0.0494625,shared_delay_plus_weighting,scalar_straight_ray_c1500,physical_element_centres
21,0,300021,20,20,CF-DAS,1500.00000013908,19.9999999011484,1454.3974609375,1560.69934082031,999.999999953641,14.9999999179383,-0.270787763184611,0.998590561227353,0.694406163170601,0.718436725362803,0.874408122599751,1.09321244099068,25.8920451926526,367.138730141096,0.00179157931215139,9.09146307649724e-05,0.0495556,shared_delay_plus_weighting,scalar_straight_ray_c1500,physical_element_centres
21,0,300021,20,20,SCF-DAS,1500.00000013908,19.9999999011484,1454.3974609375,1560.69934082031,999.999999953641,14.9999999179383,-0.270787763184611,0.999746990679372,0.955637334537959,0.292703809308384,0.904493932559406,0.301907985570623,32.5296962436318,342.444189695095,0.000816940256744015,1.93065860633313e-05,0.0675327,shared_delay_plus_weighting,scalar_straight_ray_c1500,physical_element_centres
21,0,300021,20,20,DMAS,1500.00000013908,19.9999999011484,1454.3974609375,1560.69934082031,999.999999953641,14.9999999179383,-0.270787763184611,0.997638152623538,0.864697129499961,0.497096136640696,0.498476700773274,0.6571216714054,21.1722676972676,106.446622180117,0.00402312728193518,0.000351520281969808,0.0880857,shared_delay_plus_weighting,scalar_straight_ray_c1500,physical_element_centres
21,0,300021,20,20,DS-DMAS,1500.00000013908,19.9999999011484,1454.3974609375,1560.69934082031,999.999999953641,14.9999999179383,-0.270787763184611,0.99899559016494,0.937328473084233,0.336232565957172,0.882881656238571,0.37262939153044,24.2484238345274,120.440916515579,0.00261636606315652,0.000160426945814592,2.3876319,shared_delay_plus_weighting,scalar_straight_ray_c1500,physical_element_centres
21,0,300021,20,20,TR,1500.00000013908,19.9999999011484,1454.3974609375,1560.69934082031,999.999999953641,14.9999999179383,-0.270787763184611,0.778700933282033,0.696644643015338,0.727109623170304,0.654070439603632,2.31763489853833,16.9892957804566,1.94170462962528,0.27235209683706,0.0385181955996626,28.7688717,direct_TR_wall_time,heterogeneous_recorded_c_rho,equivalent_element_centres
21,0,300021,30,30,DAS,1500.00000013908,19.9999999011484,1454.3974609375,1560.69934082031,999.999999953641,14.9999999179383,-0.270787763184611,0.984178359614636,0.683260866584769,0.737731880055496,0.700913092930135,2.10791499977883,17.8002037318147,33.4589250129011,0.0166638155619853,0.00214666494104947,0.0532134,shared_delay_plus_weighting,scalar_straight_ray_c1500,physical_element_centres
21,0,300021,30,30,CF-DAS,1500.00000013908,19.9999999011484,1454.3974609375,1560.69934082031,999.999999953641,14.9999999179383,-0.270787763184611,0.998589544636037,0.694490427085152,0.718344219777668,0.874560326977825,1.09300752671352,25.8965412608061,366.790904289992,0.00179294449029334,9.09368237251875e-05,0.053305,shared_delay_plus_weighting,scalar_straight_ray_c1500,physical_element_centres
21,0,300021,30,30,SCF-DAS,1500.00000013908,19.9999999011484,1454.3974609375,1560.69934082031,999.999999953641,14.9999999179383,-0.270787763184611,0.999745643036968,0.956040034915528,0.291396739096191,0.904450517988307,0.300616009485492,32.3730799876461,337.600436182692,0.000824614031153009,1.98425151626435e-05,0.0708418,shared_delay_plus_weighting,scalar_straight_ray_c1500,physical_element_centres
21,0,300021,30,30,DMAS,1500.00000013908,19.9999999011484,1454.3974609375,1560.69934082031,999.999999953641,14.9999999179383,-0.270787763184611,0.997632010632397,0.864259837509549,0.497040205200851,0.527097096908219,0.656325555110714,21.2089625947517,106.489212935137,0.00403057776921317,0.000350686603214698,0.0892946,shared_delay_plus_weighting,scalar_straight_ray_c1500,physical_element_centres
21,0,300021,30,30,DS-DMAS,1500.00000013908,19.9999999011484,1454.3974609375,1560.69934082031,999.999999953641,14.9999999179383,-0.270787763184611,0.998991807738394,0.937361010371906,0.336404441141799,0.883319568607822,0.372986584389065,24.2177372371297,119.926862496666,0.00262570443118686,0.000161569349045438,2.3907284,shared_delay_plus_weighting,scalar_straight_ray_c1500,physical_element_centres
21,0,300021,30,30,TR,1500.00000013908,19.9999999011484,1454.3974609375,1560.69934082031,999.999999953641,14.9999999179383,-0.270787763184611,0.778781946765475,0.696812915335368,0.726894271848759,0.657610742104673,2.31657544517157,16.9856337951869,1.94130309525537,0.272301671207785,0.0385273037575161,28.5873474,direct_TR_wall_time,heterogeneous_recorded_c_rho,equivalent_element_centres
22,0,300022,5,5,DAS,1500.00000004967,20.0000002924253,1439.01318359375,1555.81188964844,1000.00000003311,14.9999997829899,-0.300221559989899,0.984333518815079,0.710152249409784,0.710807971504705,0.365749185790666,2.05271916410489,17.0221709924039,31.3814681278661,0.0165692948290388,0.00233450858896794,0.0496969,shared_delay_plus_weighting,scalar_straight_ray_c1500,physical_element_centres
22,0,300022,5,5,CF-DAS,1500.00000004967,20.0000002924253,1439.01318359375,1555.81188964844,1000.00000003311,14.9999997829899,-0.300221559989899,0.998608749518058,0.714733180919898,0.697732811157889,0.868589891135113,1.04046400830874,25.9957533332094,351.338868363889,0.00182374738568757,9.14485904193177e-05,0.0498322,shared_delay_plus_weighting,scalar_straight_ray_c1500,physical_element_centres
22,0,300022,5,5,SCF-DAS,1500.00000004967,20.0000002924253,1439.01318359375,1555.81188964844,1000.00000003311,14.9999997829899,-0.300221559989899,0.999762394910552,0.943641464532683,0.328511233786515,0.905424866893173,0.346430510552203,34.9581164664226,460.574604198149,0.00068654134131501,1.22676357047384e-05,0.067973,shared_delay_plus_weighting,scalar_straight_ray_c1500,physical_element_centres
22,0,300022,5,5,DMAS,1500.00000004967,20.0000002924253,1439.01318359375,1555.81188964844,1000.00000003311,14.9999997829899,-0.300221559989899,0.997483119740627,0.850444584510119,0.521477169355526,0.475127684259865,0.693967603582439,21.99211372165,109.591429424346,0.00417348366917925,0.000331812721323616,0.0877281,shared_delay_plus_weighting,scalar_straight_ray_c1500,physical_element_centres
22,0,300022,5,5,DS-DMAS,1500.00000004967,20.0000002924253,1439.01318359375,1555.81188964844,1000.00000003311,14.9999997829899,-0.300221559989899,0.998940651439159,0.922491935280717,0.37530563914819,0.886525555759767,0.42609747560069,24.6187631297191,140.233378432199,0.00250249931559114,0.000147040107275769,2.4146234,shared_delay_plus_weighting,scalar_straight_ray_c1500,physical_element_centres
22,0,300022,5,5,TR,1500.00000004967,20.0000002924253,1439.01318359375,1555.81188964844,1000.00000003311,14.9999997829899,-0.300221559989899,0.77800059361854,0.698577070855905,0.724993014226165,0.574057402612988,2.32378521654067,16.9031440163982,1.91791028835319,0.27386495672689,0.0391182360885022,28.8728964,direct_TR_wall_time,heterogeneous_recorded_c_rho,equivalent_element_centres
22,0,300022,10,10,DAS,1500.00000004967,20.0000002924253,1439.01318359375,1555.81188964844,1000.00000003311,14.9999997829899,-0.300221559989899,0.984319541940302,0.698989476988959,0.722190652473849,0.547792117971998,2.06759952599346,17.3684087934426,32.3645993755647,0.0165667673668002,0.00224293833744976,0.0485888,shared_delay_plus_weighting,scalar_straight_ray_c1500,physical_element_centres
22,0,300022,10,10,CF-DAS,1500.00000004967,20.0000002924253,1439.01318359375,1555.81188964844,1000.00000003311,14.9999997829899,-0.300221559989899,0.998593021424115,0.712296737016286,0.700222011362092,0.872632176084112,1.04650610479592,26.0993442036874,349.881424697197,0.00183916315936219,9.11282538681134e-05,0.0487003,shared_delay_plus_weighting,scalar_straight_ray_c1500,physical_element_centres
22,0,300022,10,10,SCF-DAS,1500.00000004967,20.0000002924253,1439.01318359375,1555.81188964844,1000.00000003311,14.9999997829899,-0.300221559989899,0.999729545832353,0.943397567922442,0.329245234437586,0.90462581522756,0.347066867899369,34.2580691067593,406.28145321224,0.000778765522802963,1.50835393637954e-05,0.0665172,shared_delay_plus_weighting,scalar_straight_ray_c1500,physical_element_centres
22,0,300022,10,10,DMAS,1500.00000004967,20.0000002924253,1439.01318359375,1555.81188964844,1000.00000003311,14.9999997829899,-0.300221559989899,0.997455971932238,0.856794104028035,0.510499133477757,0.50185644250653,0.673263325384991,21.9989403647629,104.151515010877,0.00430296640651661,0.000341838471022184,0.0849814,shared_delay_plus_weighting,scalar_straight_ray_c1500,physical_element_centres
22,0,300022,10,10,DS-DMAS,1500.00000004967,20.0000002924253,1439.01318359375,1555.81188964844,1000.00000003311,14.9999997829899,-0.300221559989899,0.998857850461225,0.923192817618525,0.372637731771164,0.884238455929815,0.425760509299321,24.1105956642708,128.90267210032,0.00269200057094983,0.000167704750343797,2.2711987,shared_delay_plus_weighting,scalar_straight_ray_c1500,physical_element_centres
22,0,300022,10,10,TR,1500.00000004967,20.0000002924253,1439.01318359375,1555.81188964844,1000.00000003311,14.9999997829899,-0.300221559989899,0.777278380962564,0.696500178284069,0.72710125624088,0.633727732704404,2.3253355703238,16.9652782961467,1.92621494010804,0.274251199593364,0.0388941801181404,26.5643861,direct_TR_wall_time,heterogeneous_recorded_c_rho,equivalent_element_centres
22,0,300022,15,15,DAS,1500.00000004967,20.0000002924253,1439.01318359375,1555.81188964844,1000.00000003311,14.9999997829899,-0.300221559989899,0.984313671806238,0.695357921557446,0.725864350767725,0.659090953472748,2.07209521638713,17.4827327328236,32.67782985263,0.0165685357445662,0.0022138464347976,0.0493614,shared_delay_plus_weighting,scalar_straight_ray_c1500,physical_element_centres
22,0,300022,15,15,CF-DAS,1500.00000004967,20.0000002924253,1439.01318359375,1555.81188964844,1000.00000003311,14.9999997829899,-0.300221559989899,0.99858780931413,0.71166511802787,0.70086173189614,0.873288981266403,1.04829406733515,26.1216567851275,349.226477982448,0.00184450534856013,9.11584809680026e-05,0.0494016,shared_delay_plus_weighting,scalar_straight_ray_c1500,physical_element_centres
22,0,300022,15,15,SCF-DAS,1500.00000004967,20.0000002924253,1439.01318359375,1555.81188964844,1000.00000003311,14.9999997829899,-0.300221559989899,0.999718016783703,0.941918529421862,0.333488834224033,0.903374540513984,0.352847686689832,33.5744518100394,399.542291040442,0.000800366761937046,1.67712894449251e-05,0.0662572,shared_delay_plus_weighting,scalar_straight_ray_c1500,physical_element_centres
22,0,300022,15,15,DMAS,1500.00000004967,20.0000002924253,1439.01318359375,1555.81188964844,1000.00000003311,14.9999997829899,-0.300221559989899,0.997454755811842,0.860146593223057,0.50452171650929,0.511947789188006,0.66406139228173,21.9142117908723,101.837155696263,0.00434392810092142,0.000348475330629107,0.0834434,shared_delay_plus_weighting,scalar_straight_ray_c1500,physical_element_centres
22,0,300022,15,15,DS-DMAS,1500.00000004967,20.0000002924253,1439.01318359375,1555.81188964844,1000.00000003311,14.9999997829899,-0.300221559989899,0.99883280040466,0.923453781872931,0.371397115266511,0.881221424048431,0.42656461522444,23.7776659802212,125.713852635392,0.00274205823640667,0.000177497963736646,2.2550677,shared_delay_plus_weighting,scalar_straight_ray_c1500,physical_element_centres
22,0,300022,15,15,TR,1500.00000004967,20.0000002924253,1439.01318359375,1555.81188964844,1000.00000003311,14.9999997829899,-0.300221559989899,0.776981143985459,0.695777640043978,0.727844750408351,0.656599666959571,2.32518583352635,16.9877786602302,1.92854499625243,0.274480266473725,0.0388259591850131,27.0810933,direct_TR_wall_time,heterogeneous_recorded_c_rho,equivalent_element_centres
22,0,300022,20,20,DAS,1500.00000004967,20.0000002924253,1439.01318359375,1555.81188964844,1000.00000003311,14.9999997829899,-0.300221559989899,0.984310999981963,0.694238154113578,0.72701689590889,0.706001729163479,2.07337019567425,17.5188134369361,32.7722092580438,0.0165705386114707,0.00220493582195737,0.0567681,shared_delay_plus_weighting,scalar_straight_ray_c1500,physical_element_centres
22,0,300022,20,20,CF-DAS,1500.00000004967,20.0000002924253,1439.01318359375,1555.81188964844,1000.00000003311,14.9999997829899,-0.300221559989899,0.998586075469444,0.711548011719807,0.700978556257023,0.873430314051003,1.04876024997911,26.1235541195222,348.915881535123,0.00184642834571733,9.12335875203969e-05,0.0568784,shared_delay_plus_weighting,scalar_straight_ray_c1500,physical_element_centres
22,0,300022,20,20,SCF-DAS,1500.00000004967,20.0000002924253,1439.01318359375,1555.81188964844,1000.00000003311,14.9999997829899,-0.300221559989899,0.999715506515556,0.941045954810435,0.335998588235584,0.902510492486567,0.356265977605688,33.3103551317157,401.789050270753,0.000801262858815473,1.73084132462974e-05,0.074145,shared_delay_plus_weighting,scalar_straight_ray_c1500,physical_element_centres
22,0,300022,20,20,DMAS,1500.00000004967,20.0000002924253,1439.01318359375,1555.81188964844,1000.00000003311,14.9999997829899,-0.300221559989899,0.997456059410596,0.861406020887298,0.502100345082246,0.520056470076172,0.660522971456052,21.8717871541997,101.036137562187,0.00435585698050151,0.000351143193103717,0.0938415,shared_delay_plus_weighting,scalar_straight_ray_c1500,physical_element_centres
22,0,300022,20,20,DS-DMAS,1500.00000004967,20.0000002924253,1439.01318359375,1555.81188964844,1000.00000003311,14.9999997829899,-0.300221559989899,0.998826253213395,0.92345829252841,0.371119485541351,0.879155487144919,0.427226365218824,23.6368712338097,125.00311517242,0.0027517423404032,0.000181035691233579,2.3362536,shared_delay_plus_weighting,scalar_straight_ray_c1500,physical_element_centres
22,0,300022,20,20,TR,1500.00000004967,20.0000002924253,1439.01318359375,1555.81188964844,1000.00000003311,14.9999997829899,-0.300221559989899,0.776848494214753,0.695514158715562,0.728122145420933,0.664301931003968,2.32477991181815,16.9964402456845,1.92910981043388,0.274612812520148,0.0388059914650949,28.0777322,direct_TR_wall_time,heterogeneous_recorded_c_rho,equivalent_element_centres
22,0,300022,30,30,DAS,1500.00000004967,20.0000002924253,1439.01318359375,1555.81188964844,1000.00000003311,14.9999997829899,-0.300221559989899,0.984309026388445,0.693819525070438,0.727476990410266,0.727733946336642,2.07374138027535,17.5331739404478,32.8053900686006,0.0165728971054711,0.0022016066937415,0.058662,shared_delay_plus_weighting,scalar_straight_ray_c1500,physical_element_centres
22,0,300022,30,30,CF-DAS,1500.00000004967,20.0000002924253,1439.01318359375,1555.81188964844,1000.00000003311,14.9999997829899,-0.300221559989899,0.998585273072114,0.711587705670695,0.70093626156433,0.873452864265469,1.04884275458344,26.1190547625064,348.677882845941,0.0018474710416659,9.13324066408101e-05,0.0587267,shared_delay_plus_weighting,scalar_straight_ray_c1500,physical_element_centres
22,0,300022,30,30,SCF-DAS,1500.00000004967,20.0000002924253,1439.01318359375,1555.81188964844,1000.00000003311,14.9999997829899,-0.300221559989899,0.999714202619271,0.940726826940725,0.336826898349153,0.902792727822349,0.357194979890564,33.1744808407172,402.055472232035,0.000802460053838341,1.76075682535706e-05,0.0760939,shared_delay_plus_weighting,scalar_straight_ray_c1500,physical_element_centres
22,0,300022,30,30,DMAS,1500.00000004967,20.0000002924253,1439.01318359375,1555.81188964844,1000.00000003311,14.9999997829899,-0.300221559989899,0.9974477108702,0.860784121008328,0.502394613478546,0.546791537552002,0.660664823167438,21.9016423201518,101.124601001944,0.00436324158917382,0.000350531574971319,0.0968375,shared_delay_plus_weighting,scalar_straight_ray_c1500,physical_element_centres
22,0,300022,30,30,DS-DMAS,1500.00000004967,20.0000002924253,1439.01318359375,1555.81188964844,1000.00000003311,14.9999997829899,-0.300221559989899,0.998819657489877,0.923026501145839,0.372383913224533,0.879049737927563,0.429323254678392,23.5767162684536,124.978084786232,0.00275713201550403,0.000182650871116973,2.3859477,shared_delay_plus_weighting,scalar_straight_ray_c1500,physical_element_centres
22,0,300022,30,30,TR,1500.00000004967,20.0000002924253,1439.01318359375,1555.81188964844,1000.00000003311,14.9999997829899,-0.300221559989899,0.776752437658496,0.695367826160162,0.728282212000319,0.66752875301582,2.32423359747901,17.0016683289589,1.92916281734327,0.274731485121501,0.0387994006911574,27.9025004,direct_TR_wall_time,heterogeneous_recorded_c_rho,equivalent_element_centres
23,0,300023,5,5,DAS,1499.99999982781,20.0000000465514,1451.40063476562,1543.41784667969,1000.00000004967,15.0000002935235,0.118081622344931,0.985573435536032,0.697508877807861,0.722416688451368,0.334992176526474,2.06789570153899,17.4322915851184,35.3441995200339,0.015251350985342,0.00204971621385396,0.053755,shared_delay_plus_weighting,scalar_straight_ray_c1500,physical_element_centres
23,0,300023,5,5,CF-DAS,1499.99999982781,20.0000000465514,1451.40063476562,1543.41784667969,1000.00000004967,15.0000002935235,0.118081622344931,0.998826921023103,0.699739700602507,0.712569073873923,0.870642275017635,1.06488974959011,26.6106328045729,434.818687612367,0.00150939812854297,7.05134829768617e-05,0.0539072,shared_delay_plus_weighting,scalar_straight_ray_c1500,physical_element_centres
23,0,300023,5,5,SCF-DAS,1499.99999982781,20.0000000465514,1451.40063476562,1543.41784667969,1000.00000004967,15.0000002935235,0.118081622344931,0.999850450251642,0.949153497982486,0.313236448379992,0.901707682421413,0.329536045083478,31.0948021520874,662.255993733717,0.0004497217835193,1.25372941881266e-05,0.0705212,shared_delay_plus_weighting,scalar_straight_ray_c1500,physical_element_centres
23,0,300023,5,5,DMAS,1499.99999982781,20.0000000465514,1451.40063476562,1543.41784667969,1000.00000004967,15.0000002935235,0.118081622344931,0.997967531636304,0.860578003974792,0.507511237805354,0.414596839209629,0.688115320223624,20.8067543903484,127.25863087292,0.00337827606481912,0.000307862943015671,0.0875847,shared_delay_plus_weighting,scalar_straight_ray_c1500,physical_element_centres
23,0,300023,5,5,DS-DMAS,1499.99999982781,20.0000000465514,1451.40063476562,1543.41784667969,1000.00000004967,15.0000002935235,0.118081622344931,0.999260128104069,0.927803162413505,0.361058044902139,0.877195188553705,0.419520554065158,22.4553811780044,187.683672924722,0.00174841184405114,0.000131787640009241,2.4016513,shared_delay_plus_weighting,scalar_straight_ray_c1500,physical_element_centres
23,0,300023,5,5,TR,1499.99999982781,20.0000000465514,1451.40063476562,1543.41784667969,1000.00000004967,15.0000002935235,0.118081622344931,0.777397521429519,0.695627181901741,0.727631480346916,0.565057730062183,2.32605819068851,16.9930701035525,1.93460085241932,0.273851083546531,0.0387133682306871,27.9845247,direct_TR_wall_time,heterogeneous_recorded_c_rho,equivalent_element_centres
23,0,300023,10,10,DAS,1499.99999982781,20.0000000465514,1451.40063476562,1543.41784667969,1000.00000004967,15.0000002935235,0.118081622344931,0.985559720809319,0.683813812367522,0.736306363311777,0.521996564423417,2.09025699833819,17.8479533834187,36.6302170384269,0.0152424179890986,0.0019527929469344,0.0660646,shared_delay_plus_weighting,scalar_straight_ray_c1500,physical_element_centres
23,0,300023,10,10,CF-DAS,1499.99999982781,20.0000000465514,1451.40063476562,1543.41784667969,1000.00000004967,15.0000002935235,0.118081622344931,0.998815092872501,0.695372279684127,0.71686567288873,0.875307655355359,1.07564607014749,26.7883598189674,435.620990641061,0.0015175167576813,6.94569173822761e-05,0.0661511,shared_delay_plus_weighting,scalar_straight_ray_c1500,physical_element_centres
23,0,300023,10,10,SCF-DAS,1499.99999982781,20.0000000465514,1451.40063476562,1543.41784667969,1000.00000004967,15.0000002935235,0.118081622344931,0.999829405372729,0.947460263785489,0.318184498200074,0.901315371747849,0.336099319596445,30.7074121064421,599.329591639766,0.000504131479908669,1.46951225415745e-05,0.0828299,shared_delay_plus_weighting,scalar_straight_ray_c1500,physical_element_centres
23,0,300023,10,10,DMAS,1499.99999982781,20.0000000465514,1451.40063476562,1543.41784667969,1000.00000004967,15.0000002935235,0.118081622344931,0.997958469189275,0.866883683374915,0.495992162376818,0.443612922047812,0.66622432212831,20.8099702460123,121.350910748166,0.00346614341641361,0.000315753385666161,0.1019674,shared_delay_plus_weighting,scalar_straight_ray_c1500,physical_element_centres
23,0,300023,10,10,DS-DMAS,1499.99999982781,20.0000000465514,1451.40063476562,1543.41784667969,1000.00000004967,15.0000002935235,0.118081622344931,0.999202682341976,0.928459712411565,0.358294074912996,0.876486489411011,0.419604986352254,22.0605060302284,172.600927536074,0.00187785852103078,0.000148128139345602,2.4004522,shared_delay_plus_weighting,scalar_straight_ray_c1500,physical_element_centres
23,0,300023,10,10,TR,1499.99999982781,20.0000000465514,1451.40063476562,1543.41784667969,1000.00000004967,15.0000002935235,0.118081622344931,0.777111154179839,0.694035292627218,0.729361815386345,0.620037662907231,2.33102867177208,17.0352832445575,1.94396937736808,0.273629459023964,0.038494500584543,28.3690791,direct_TR_wall_time,heterogeneous_recorded_c_rho,equivalent_element_centres
23,0,300023,15,15,DAS,1499.99999982781,20.0000000465514,1451.40063476562,1543.41784667969,1000.00000004967,15.0000002935235,0.118081622344931,0.985553886817038,0.679325078207167,0.740924090308221,0.644855261096305,2.09846846347982,17.9833505450552,37.0420461746612,0.0152406733021702,0.00192236843333285,0.0570657,shared_delay_plus_weighting,scalar_straight_ray_c1500,physical_element_centres
23,0,300023,15,15,CF-DAS,1499.99999982781,20.0000000465514,1451.40063476562,1543.41784667969,1000.00000004967,15.0000002935235,0.118081622344931,0.998811521164222,0.693815739896065,0.718395569869222,0.875933020691905,1.07964159608239,26.8468337206314,436.131590678091,0.00151959841349808,6.90855382305118e-05,0.0571617,shared_delay_plus_weighting,scalar_straight_ray_c1500,physical_element_centres
23,0,300023,15,15,SCF-DAS,1499.99999982781,20.0000000465514,1451.40063476562,1543.41784667969,1000.00000004967,15.0000002935235,0.118081622344931,0.999821976265395,0.946345932693114,0.321572957503603,0.899838762585947,0.34109607277835,30.175616116351,586.155460265293,0.000519352744091017,1.60946532615439e-05,0.0748343,shared_delay_plus_weighting,scalar_straight_ray_c1500,physical_element_centres
23,0,300023,15,15,DMAS,1499.99999982781,20.0000000465514,1451.40063476562,1543.41784667969,1000.00000004967,15.0000002935235,0.118081622344931,0.997963451331611,0.870147696778557,0.48980851908507,0.455873616979401,0.656381183280726,20.7311202031445,118.861850207239,0.00349070207233747,0.000320890436252688,0.0925104,shared_delay_plus_weighting,scalar_straight_ray_c1500,physical_element_centres
23,0,300023,15,15,DS-DMAS,1499.99999982781,20.0000000465514,1451.40063476562,1543.41784667969,1000.00000004967,15.0000002935235,0.118081622344931,0.999183764013468,0.928651289652975,0.357078722141492,0.872990012794352,0.420923577063969,21.7573864857317,168.154347626389,0.0019128027516516,0.000156243105908954,2.3812488,shared_delay_plus_weighting,scalar_straight_ray_c1500,physical_element_centres
23,0,300023,15,15,TR,1499.99999982781,20.0000000465514,1451.40063476562,1543.41784667969,1000.00000004967,15.0000002935235,0.118081622344931,0.777055361049413,0.693578582107557,0.72990503021935,0.641247628900773,2.33289713042295,17.0466842360529,1.94695275522887,0.27351517240556,0.0384279494443443,28.1958811,direct_TR_wall_time,heterogeneous_recorded_c_rho,equivalent_element_centres
23,0,300023,20,20,DAS,1499.99999982781,20.0000000465514,1451.40063476562,1543.41784667969,1000.00000004967,15.0000002935235,0.118081622344931,0.98555120011941,0.67794131574306,0.742440480602973,0.698961859938258,2.10165208788674,18.0242328198018,37.1660694342139,0.0152407295843981,0.00191334865970114,0.0581068,shared_delay_plus_weighting,scalar_straight_ray_c1500,physical_element_centres
23,0,300023,20,20,CF-DAS,1499.99999982781,20.0000000465514,1451.40063476562,1543.41784667969,1000.00000004967,15.0000002935235,0.118081622344931,0.99881052290369,0.693234947416248,0.718971046021034,0.876019970083187,1.08120546762976,26.8665340459741,436.443034258631,0.00151996044290156,6.89454456663458e-05,0.0582201,shared_delay_plus_weighting,scalar_straight_ray_c1500,physical_element_centres
23,0,300023,20,20,SCF-DAS,1499.99999982781,20.0000000465514,1451.40063476562,1543.41784667969,1000.00000004967,15.0000002935235,0.118081622344931,0.999821427108789,0.945329934698891,0.324544923584325,0.899540249192101,0.345423350747824,29.9644876922186,595.115243391504,0.000515739415571281,1.63759287154528e-05,0.0762401,shared_delay_plus_weighting,scalar_straight_ray_c1500,physical_element_centres
23,0,300023,20,20,DMAS,1499.99999982781,20.0000000465514,1451.40063476562,1543.41784667969,1000.00000004967,15.0000002935235,0.118081622344931,0.997964964355795,0.87087561144577,0.488185892899521,0.464866105436568,0.654122997895408,20.7043996003934,118.327112513918,0.00349492119545798,0.000322268166014019,0.0948714,shared_delay_plus_weighting,scalar_straight_ray_c1500,physical_element_centres
23,0,300023,20,20,DS-DMAS,1499.99999982781,20.0000000465514,1451.40063476562,1543.41784667969,1000.00000004967,15.0000002935235,0.118081622344931,0.999179053341197,0.928289446333458,0.35772110646786,0.871263908250988,0.423383240665871,21.6303283897698,168.005785508972,0.00191381262326515,0.000158629149345074,2.3821634,shared_delay_plus_weighting,scalar_straight_ray_c1500,physical_element_centres
23,0,300023,20,20,TR,1499.99999982781,20.0000000465514,1451.40063476562,1543.41784667969,1000.00000004967,15.0000002935235,0.118081622344931,0.777057273194728,0.693462452979552,0.730073228806131,0.648637818683995,2.33365178208278,17.0491391152421,1.94789838792803,0.273454179331582,0.0384085232512801,28.2307976,direct_TR_wall_time,heterogeneous_recorded_c_rho,equivalent_element_centres
23,0,300023,30,30,DAS,1499.99999982781,20.0000000465514,1451.40063476562,1543.41784667969,1000.00000004967,15.0000002935235,0.118081622344931,0.985549192546072,0.677428306157643,0.743116913370194,0.724882367400264,2.10358491926677,18.0383511163799,37.2093482314661,0.0152413953043103,0.00191032461350008,0.0462301,shared_delay_plus_weighting,scalar_straight_ray_c1500,physical_element_centres
23,0,300023,30,30,CF-DAS,1499.99999982781,20.0000000465514,1451.40063476562,1543.41784667969,1000.00000004967,15.0000002935235,0.118081622344931,0.998810251603587,0.692902940196862,0.719305634170958,0.875980200716553,1.08216692571524,26.8758114058761,436.730498283179,0.0015197952224091,6.88643582520079e-05,0.0463335,shared_delay_plus_weighting,scalar_straight_ray_c1500,physical_element_centres
23,0,300023,30,30,SCF-DAS,1499.99999982781,20.0000000465514,1451.40063476562,1543.41784667969,1000.00000004967,15.0000002935235,0.118081622344931,0.999821342468988,0.944380323004073,0.327217778536743,0.899803811762777,0.348892089345314,29.9402467793926,604.878303410865,0.000511345033277852,1.62817732802667e-05,0.0644912,shared_delay_plus_weighting,scalar_straight_ray_c1500,physical_element_centres
23,0,300023,30,30,DMAS,1499.99999982781,20.0000000465514,1451.40063476562,1543.41784667969,1000.00000004967,15.0000002935235,0.118081622344931,0.997957661937778,0.86974417183017,0.489148199870727,0.495173951859506,0.655363833754024,20.7459680006651,118.86795452926,0.00349668148349109,0.000320891101280049,0.0817442,shared_delay_plus_weighting,scalar_straight_ray_c1500,physical_element_centres
23,0,300023,30,30,DS-DMAS,1499.99999982781,20.0000000465514,1451.40063476562,1543.41784667969,1000.00000004967,15.0000002935235,0.118081622344931,0.999175753874281,0.927551593886949,0.35993870544444,0.872802677781413,0.42729355317564,21.5789030350711,168.993539928395,0.00190961484206903,0.000159221103572175,2.3892125,shared_delay_plus_weighting,scalar_straight_ray_c1500,physical_element_centres
23,0,300023,30,30,TR,1499.99999982781,20.0000000465514,1451.40063476562,1543.41784667969,1000.00000004967,15.0000002935235,0.118081622344931,0.777078738334007,0.693444424716636,0.730139146173761,0.651961105635579,2.33413817345455,17.0489349792432,1.9482922555085,0.273402532749032,0.0384021716511875,28.1067918,direct_TR_wall_time,heterogeneous_recorded_c_rho,equivalent_element_centres
24,0,300024,5,5,DAS,1500.00000034107,19.9999997892629,1456.66162109375,1548.96472167969,999.999999993377,15.0000000662057,0.234257728238504,0.983656135757957,0.694685979201817,0.726175059088624,0.362613111559768,2.15256085169334,17.3231287031968,31.4105864061397,0.017153998469826,0.00233458092016173,0.0495795,shared_delay_plus_weighting,scalar_straight_ray_c1500,physical_element_centres
24,0,300024,5,5,CF-DAS,1500.00000034107,19.9999997892629,1456.66162109375,1548.96472167969,999.999999993377,15.0000000662057,0.234257728238504,0.998516008606306,0.717749302641875,0.694968120339362,0.871745758367428,1.0040187480795,26.7489991608491,326.452579193939,0.00196903173857447,9.05321341919832e-05,0.049686,shared_delay_plus_weighting,scalar_straight_ray_c1500,physical_element_centres
24,0,300024,5,5,SCF-DAS,1500.00000034107,19.9999997892629,1456.66162109375,1548.96472167969,999.999999993377,15.0000000662057,0.234257728238504,0.999706142025984,0.943996277334575,0.32767981620417,0.907935624840635,0.346398850082933,31.8707168889349,370.042363551357,0.000847122847090244,2.15978514845998e-05,0.066402,shared_delay_plus_weighting,scalar_straight_ray_c1500,physical_element_centres
24,0,300024,5,5,DMAS,1500.00000034107,19.9999997892629,1456.66162109375,1548.96472167969,999.999999993377,15.0000000662057,0.234257728238504,0.997183438686772,0.84807396453328,0.525264360469024,0.501522065961284,0.698392063830897,21.9273465704105,99.323634407876,0.00463108162041383,0.000370949770524736,0.0852819,shared_delay_plus_weighting,scalar_straight_ray_c1500,physical_element_centres
24,0,300024,5,5,DS-DMAS,1500.00000034107,19.9999997892629,1456.66162109375,1548.96472167969,999.999999993377,15.0000000662057,0.234257728238504,0.998885563661299,0.924938204812776,0.369565430687524,0.88875161085644,0.41686153743426,24.8553959292845,129.222717041188,0.00268123003484975,0.000153307809791151,2.3730031,shared_delay_plus_weighting,scalar_straight_ray_c1500,physical_element_centres
24,0,300024,5,5,TR,1500.00000034107,19.9999997892629,1456.66162109375,1548.96472167969,999.999999993377,15.0000000662057,0.234257728238504,0.779072789402311,0.700266875832571,0.723404613435372,0.570044666060123,2.29153709437063,16.909366889019,1.91675805605867,0.273618989384463,0.0390551122204672,28.2086115,direct_TR_wall_time,heterogeneous_recorded_c_rho,equivalent_element_centres
24,0,300024,10,10,DAS,1500.00000034107,19.9999997892629,1456.66162109375,1548.96472167969,999.999999993377,15.0000000662057,0.234257728238504,0.983646545206632,0.682242684341997,0.738300949780209,0.546149092799093,2.16853971559889,17.7027714777259,32.4486228718148,0.0171465756646043,0.00223377191546618,0.0582083,shared_delay_plus_weighting,scalar_straight_ray_c1500,physical_element_centres
24,0,300024,10,10,CF-DAS,1500.00000034107,19.9999997892629,1456.66162109375,1548.96472167969,999.999999993377,15.0000000662057,0.234257728238504,0.998499788903064,0.71412914376563,0.698677568357395,0.875316460141394,1.01293722525561,26.8685597855373,326.378169641,0.00198194825925271,8.98802606782889e-05,0.058314,shared_delay_plus_weighting,scalar_straight_ray_c1500,physical_element_centres
24,0,300024,10,10,SCF-DAS,1500.00000034107,19.9999997892629,1456.66162109375,1548.96472167969,999.999999993377,15.0000000662057,0.234257728238504,0.999672059258204,0.941840434783163,0.333818953291889,0.907153192039233,0.354320089485499,31.3995725507659,343.936855760123,0.000926805546677658,2.4946521489144e-05,0.0756617,shared_delay_plus_weighting,scalar_straight_ray_c1500,physical_element_centres
24,0,300024,10,10,DMAS,1500.00000034107,19.9999997892629,1456.66162109375,1548.96472167969,999.999999993377,15.0000000662057,0.234257728238504,0.997155827757679,0.853535659500877,0.515836934136303,0.524938831910165,0.682272334838257,21.8364842543656,95.0835126970772,0.00474686036040644,0.000384222013377556,0.094269,shared_delay_plus_weighting,scalar_straight_ray_c1500,physical_element_centres
24,0,300024,10,10,DS-DMAS,1500.00000034107,19.9999997892629,1456.66162109375,1548.96472167969,999.999999993377,15.0000000662057,0.234257728238504,0.998805234073751,0.924518026642937,0.369596569048314,0.886409170832805,0.42001801052481,24.3280582236256,121.156276946954,0.00284841891879273,0.000173061693996965,2.38032,shared_delay_plus_weighting,scalar_straight_ray_c1500,physical_element_centres
24,0,300024,10,10,TR,1500.00000034107,19.9999997892629,1456.66162109375,1548.96472167969,999.999999993377,15.0000000662057,0.234257728238504,0.778869494225849,0.698643957617524,0.7250362905173,0.631185712210254,2.29522394654459,16.9548389171993,1.92754682385571,0.273227760549465,0.0387956360685802,28.1495271,direct_TR_wall_time,heterogeneous_recorded_c_rho,equivalent_element_centres
24,0,300024,15,15,DAS,1500.00000034107,19.9999997892629,1456.66162109375,1548.96472167969,999.999999993377,15.0000000662057,0.234257728238504,0.983643240230351,0.678062278285117,0.742329387847959,0.659170487347331,2.17315825259222,17.8330416820131,32.7926310515713,0.0171457414749267,0.00220041292358434,0.0448531,shared_delay_plus_weighting,scalar_straight_ray_c1500,physical_element_centres
24,0,300024,15,15,CF-DAS,1500.00000034107,19.9999997892629,1456.66162109375,1548.96472167969,999.999999993377,15.0000000662057,0.234257728238504,0.998494504738778,0.712811326087572,0.700010962460091,0.876049616384049,1.01635979041691,26.9063271732459,326.481709607189,0.00198577547277001,8.96631069223319e-05,0.0449223,shared_delay_plus_weighting,scalar_straight_ray_c1500,physical_element_centres
24,0,300024,15,15,SCF-DAS,1500.00000034107,19.9999997892629,1456.66162109375,1548.96472167969,999.999999993377,15.0000000662057,0.234257728238504,0.999664276717539,0.940616214144103,0.337382320910594,0.905625942358102,0.359368115943878,30.8297831359745,342.81917487362,0.000937510748132103,2.69455528524822e-05,0.0617158,shared_delay_plus_weighting,scalar_straight_ray_c1500,physical_element_centres
24,0,300024,15,15,DMAS,1500.00000034107,19.9999997892629,1456.66162109375,1548.96472167969,999.999999993377,15.0000000662057,0.234257728238504,0.997160510478346,0.856776452740826,0.510143174052786,0.533619609174167,0.67385692441552,21.7216496134908,93.2860670802982,0.0047770645088452,0.000391812805045954,0.0797071,shared_delay_plus_weighting,scalar_straight_ray_c1500,physical_element_centres
24,0,300024,15,15,DS-DMAS,1500.00000034107,19.9999997892629,1456.66162109375,1548.96472167969,999.999999993377,15.0000000662057,0.234257728238504,0.998782435826575,0.924758710960856,0.368388847676664,0.883168326318388,0.420753949096534,23.9773369615037,118.5138217902,0.00289379145406917,0.000183062918419192,2.3894598,shared_delay_plus_weighting,scalar_straight_ray_c1500,physical_element_centres
24,0,300024,15,15,TR,1500.00000034107,19.9999997892629,1456.66162109375,1548.96472167969,999.999999993377,15.0000000662057,0.234257728238504,0.778871809395743,0.698205563878387,0.725482279801787,0.654286788200272,2.29617145794431,16.9672018134324,1.93112168522853,0.273022056580311,0.0387112899313913,28.0869665,direct_TR_wall_time,heterogeneous_recorded_c_rho,equivalent_element_centres
24,0,300024,20,20,DAS,1500.00000034107,19.9999997892629,1456.66162109375,1548.96472167969,999.999999993377,15.0000000662057,0.234257728238504,0.98364204203731,0.676703524376982,0.74365548380632,0.706511741725743,2.17434044086571,17.8766651550668,32.9036984661807,0.0171463289024696,0.00218946442167743,0.0473613,shared_delay_plus_weighting,scalar_straight_ray_c1500,physical_element_centres
24,0,300024,20,20,CF-DAS,1500.00000034107,19.9999997892629,1456.66162109375,1548.96472167969,999.999999993377,15.0000000662057,0.234257728238504,0.998492798127878,0.712307586907928,0.700515951799265,0.876270724270792,1.01774824865975,26.9185123657093,326.588409670314,0.00198680879731619,8.9584001214195e-05,0.0474747,shared_delay_plus_weighting,scalar_straight_ray_c1500,physical_element_centres
24,0,300024,20,20,SCF-DAS,1500.00000034107,19.9999997892629,1456.66162109375,1548.96472167969,999.999999993377,15.0000000662057,0.234257728238504,0.999661232279889,0.941083400157991,0.336141557475439,0.905089814370636,0.358250819082076,30.736542781634,337.138889245862,0.000949267861959453,2.75779283377594e-05,0.0651589,shared_delay_plus_weighting,scalar_straight_ray_c1500,physical_element_centres
24,0,300024,20,20,DMAS,1500.00000034107,19.9999997892629,1456.66162109375,1548.96472167969,999.999999993377,15.0000000662057,0.234257728238504,0.997163041487087,0.857813508004171,0.508167642544436,0.540199138988194,0.671226032697082,21.6740295893742,92.7419446461574,0.00478430885450852,0.00039456424611135,0.0831845,shared_delay_plus_weighting,scalar_straight_ray_c1500,physical_element_centres
24,0,300024,20,20,DS-DMAS,1500.00000034107,19.9999997892629,1456.66162109375,1548.96472167969,999.999999993377,15.0000000662057,0.234257728238504,0.998774801550208,0.924870937595361,0.367883595864537,0.881411229454308,0.420735256739542,23.8959044001019,117.603134843398,0.00291070210413193,0.000185867107248861,2.3875646,shared_delay_plus_weighting,scalar_straight_ray_c1500,physical_element_centres
24,0,300024,20,20,TR,1500.00000034107,19.9999997892629,1456.66162109375,1548.96472167969,999.999999993377,15.0000000662057,0.234257728238504,0.778910002870558,0.698111594567169,0.725582139996617,0.661711635892643,2.2963443809783,16.9699042290017,1.93233055059883,0.272910928473171,0.0386834959276305,28.2955552,direct_TR_wall_time,heterogeneous_recorded_c_rho,equivalent_element_centres
24,0,300024,30,30,DAS,1500.00000034107,19.9999997892629,1456.66162109375,1548.96472167969,999.999999993377,15.0000000662057,0.234257728238504,0.983641381637076,0.676120816167967,0.744250680663021,0.727854547844366,2.17453325307173,17.8966423859721,32.9509581811975,0.0171474725601263,0.00218458022095603,0.0580506,shared_delay_plus_weighting,scalar_straight_ray_c1500,physical_element_centres
24,0,300024,30,30,CF-DAS,1500.00000034107,19.9999997892629,1456.66162109375,1548.96472167969,999.999999993377,15.0000000662057,0.234257728238504,0.998492060081316,0.712008689521223,0.700812578509218,0.876372718879478,1.01864252500915,26.9238280645298,326.710974959804,0.00198704656625163,8.9539907552886e-05,0.058143,shared_delay_plus_weighting,scalar_straight_ray_c1500,physical_element_centres
24,0,300024,30,30,SCF-DAS,1500.00000034107,19.9999997892629,1456.66162109375,1548.96472167969,999.999999993377,15.0000000662057,0.234257728238504,0.999662174149982,0.939588530317966,0.34025860298578,0.904604412211395,0.363633946709949,30.4425734626632,346.403426635238,0.000933997598391186,2.80683631219089e-05,0.0760498,shared_delay_plus_weighting,scalar_straight_ray_c1500,physical_element_centres
24,0,300024,30,30,DMAS,1500.00000034107,19.9999997892629,1456.66162109375,1548.96472167969,999.999999993377,15.0000000662057,0.234257728238504,0.997155941197717,0.85715465191603,0.508615489875939,0.563674809168484,0.672138546750197,21.6806084524154,92.9073478730161,0.00478662987407232,0.000394456779237358,0.0959221,shared_delay_plus_weighting,scalar_straight_ray_c1500,physical_element_centres
24,0,300024,30,30,DS-DMAS,1500.00000034107,19.9999997892629,1456.66162109375,1548.96472167969,999.999999993377,15.0000000662057,0.234257728238504,0.99876902938512,0.924360957733673,0.369312797174102,0.881589245912196,0.423379164959672,23.8148333968851,117.816260458912,0.00291145172323703,0.000187658362913973,2.3940271,shared_delay_plus_weighting,scalar_straight_ray_c1500,physical_element_centres
24,0,300024,30,30,TR,1500.00000034107,19.9999997892629,1456.66162109375,1548.96472167969,999.999999993377,15.0000000662057,0.234257728238504,0.778965484513848,0.698120184193783,0.72557980128857,0.664347002193008,2.2962813892398,16.969739011231,1.93291359524742,0.272815981054853,0.0386707732627433,28.3281807,direct_TR_wall_time,heterogeneous_recorded_c_rho,equivalent_element_centres
25,0,300025,5,5,DAS,1500.00000005629,20.0000000940567,1448.55163574219,1552.77770996094,1000.00000019703,15.0000000350151,-0.12463692263726,0.982262595224548,0.697213778625862,0.724822560720537,0.4106636977832,2.12503363344837,17.30984053746,28.7226612730793,0.0186755136638129,0.00254554353484295,0.0510918,shared_delay_plus_weighting,scalar_straight_ray_c1500,physical_element_centres
25,0,300025,5,5,CF-DAS,1500.00000005629,20.0000000940567,1448.55163574219,1552.77770996094,1000.00000019703,15.0000000350151,-0.12463692263726,0.998117425697872,0.709141395267884,0.704475355134711,0.871821772720338,1.05857885679175,25.476375078523,263.810983986676,0.00243945072157534,0.000129859371191902,0.0511751,shared_delay_plus_weighting,scalar_straight_ray_c1500,physical_element_centres
25,0,300025,5,5,SCF-DAS,1500.00000005629,20.0000000940567,1448.55163574219,1552.77770996094,1000.00000019703,15.0000000350151,-0.12463692263726,0.999738931505056,0.949563844025855,0.311839025157602,0.903409128522999,0.326013996260141,32.3825019321243,376.18723422865,0.000792964334598565,1.90602484670636e-05,0.0681453,shared_delay_plus_weighting,scalar_straight_ray_c1500,physical_element_centres
25,0,300025,5,5,DMAS,1500.00000005629,20.0000000940567,1448.55163574219,1552.77770996094,1000.00000019703,15.0000000350151,-0.12463692263726,0.997003441598441,0.832862179533611,0.546511911930036,0.503541710798569,0.755319191626307,21.3996242316195,101.881743302544,0.00466573791135841,0.0003971358817583,0.0863751,shared_delay_plus_weighting,scalar_straight_ray_c1500,physical_element_centres
25,0,300025,5,5,DS-DMAS,1500.00000005629,20.0000000940567,1448.55163574219,1552.77770996094,1000.00000019703,15.0000000350151,-0.12463692263726,0.998913352077418,0.918866399565679,0.382875862622162,0.881979299856107,0.445186968293604,23.1320284138344,142.846580968584,0.0024606999945014,0.000171576280030367,2.3641042,shared_delay_plus_weighting,scalar_straight_ray_c1500,physical_element_centres
25,0,300025,5,5,TR,1500.00000005629,20.0000000940567,1448.55163574219,1552.77770996094,1000.00000019703,15.0000000350151,-0.12463692263726,0.778058108921093,0.697651210831003,0.725885670076844,0.571951703535569,2.29672961224136,16.9862736756263,1.92605753491403,0.274127128698918,0.0387827261271587,28.3657424,direct_TR_wall_time,heterogeneous_recorded_c_rho,equivalent_element_centres
25,0,300025,10,10,DAS,1500.00000005629,20.0000000940567,1448.55163574219,1552.77770996094,1000.00000019703,15.0000000350151,-0.12463692263726,0.982290177655036,0.688367515221073,0.733373394669086,0.580497724982404,2.13878392090994,17.5725649875516,29.4663058084231,0.0186240090042398,0.00246288947925916,0.0527305,shared_delay_plus_weighting,scalar_straight_ray_c1500,physical_element_centres
25,0,300025,10,10,CF-DAS,1500.00000005629,20.0000000940567,1448.55163574219,1552.77770996094,1000.00000019703,15.0000000350151,-0.12463692263726,0.998109575194587,0.705571430230257,0.708122190012658,0.874413469147898,1.07009421065277,25.4499333420637,265.388532902868,0.00243595107145103,0.00013006842868366,0.0528656,shared_delay_plus_weighting,scalar_straight_ray_c1500,physical_element_centres
25,0,300025,10,10,SCF-DAS,1500.00000005629,20.0000000940567,1448.55163574219,1552.77770996094,1000.00000019703,15.0000000350151,-0.12463692263726,0.999710857812643,0.949145881635235,0.313134678531488,0.903096950553137,0.327754159479522,31.8330507003773,342.36320200141,0.000873092369543863,2.2356697864662e-05,0.0703324,shared_delay_plus_weighting,scalar_straight_ray_c1500,physical_element_centres
25,0,300025,10,10,DMAS,1500.00000005629,20.0000000940567,1448.55163574219,1552.77770996094,1000.00000019703,15.0000000350151,-0.12463692263726,0.997010046295162,0.840033466773204,0.535151293178384,0.525859401803735,0.733601771668742,21.2900701667573,98.0890887323367,0.00473576109089052,0.000408212478799812,0.088608,shared_delay_plus_weighting,scalar_straight_ray_c1500,physical_element_centres
25,0,300025,10,10,DS-DMAS,1500.00000005629,20.0000000940567,1448.55163574219,1552.77770996094,1000.00000019703,15.0000000350151,-0.12463692263726,0.99885640611421,0.921437478687312,0.375951362416525,0.880487710377309,0.438675187947704,22.7249462405019,131.572370578461,0.00261133176305889,0.000190815978754864,2.361305,shared_delay_plus_weighting,scalar_straight_ray_c1500,physical_element_centres
25,0,300025,10,10,TR,1500.00000005629,20.0000000940567,1448.55163574219,1552.77770996094,1000.00000019703,15.0000000350151,-0.12463692263726,0.778008532905099,0.696287409229167,0.727288316784961,0.629209434307013,2.30613149931466,17.01396157334,1.9364503181231,0.273505085993273,0.0385715710206918,28.4067707,direct_TR_wall_time,heterogeneous_recorded_c_rho,equivalent_element_centres
25,0,300025,15,15,DAS,1500.00000005629,20.0000000940567,1448.55163574219,1552.77770996094,1000.00000019703,15.0000000350151,-0.12463692263726,0.982307626461859,0.685589746860726,0.736003801983773,0.675099443342328,2.14313597622681,17.6546067641171,29.7133186488239,0.0185981007972922,0.00243634203865228,0.0549076,shared_delay_plus_weighting,scalar_straight_ray_c1500,physical_element_centres
25,0,300025,15,15,CF-DAS,1500.00000005629,20.0000000940567,1448.55163574219,1552.77770996094,1000.00000019703,15.0000000350151,-0.12463692263726,0.998110041664407,0.704147471023696,0.709575626305755,0.87496672933482,1.07511985594249,25.4201693712328,266.517235338331,0.00242946244206888,0.000130167247369366,0.0550535,shared_delay_plus_weighting,scalar_straight_ray_c1500,physical_element_centres
25,0,300025,15,15,SCF-DAS,1500.00000005629,20.0000000940567,1448.55163574219,1552.77770996094,1000.00000019703,15.0000000350151,-0.12463692263726,0.999690195391468,0.948827254585372,0.314106037837986,0.902542962480113,0.329356690961425,31.7354230196186,321.451472645597,0.00093209571017611,2.41373372348623e-05,0.0728505,shared_delay_plus_weighting,scalar_straight_ray_c1500,physical_element_centres
25,0,300025,15,15,DMAS,1500.00000005629,20.0000000940567,1448.55163574219,1552.77770996094,1000.00000019703,15.0000000350151,-0.12463692263726,0.997024813137025,0.844159841336708,0.528443481537344,0.53549407883921,0.721752159305744,21.1993796964241,96.2383122706515,0.0047583306813579,0.000414462875089124,0.0912981,shared_delay_plus_weighting,scalar_straight_ray_c1500,physical_element_centres
25,0,300025,15,15,DS-DMAS,1500.00000005629,20.0000000940567,1448.55163574219,1552.77770996094,1000.00000019703,15.0000000350151,-0.12463692263726,0.998833098640353,0.922797403229087,0.372227638635913,0.87814611197998,0.434825860447361,22.5873201786381,126.785226112224,0.00267988046840318,0.000198952506306991,2.3931301,shared_delay_plus_weighting,scalar_straight_ray_c1500,physical_element_centres
25,0,300025,15,15,TR,1500.00000005629,20.0000000940567,1448.55163574219,1552.77770996094,1000.00000019703,15.0000000350151,-0.12463692263726,0.778089230663711,0.695967454620796,0.727636321185766,0.651779802591866,2.31054101125604,17.016801463401,1.93996364044536,0.273165825362186,0.0385111327058859,28.1535917,direct_TR_wall_time,heterogeneous_recorded_c_rho,equivalent_element_centres
25,0,300025,20,20,DAS,1500.00000005629,20.0000000940567,1448.55163574219,1552.77770996094,1000.00000019703,15.0000000350151,-0.12463692263726,0.9823180514758,0.684781442000913,0.736758440220699,0.713260444421228,2.14447952464331,17.6781002919452,29.7942049446082,0.0185845022335563,0.00242798455001195,0.048337,shared_delay_plus_weighting,scalar_straight_ray_c1500,physical_element_centres
25,0,300025,20,20,CF-DAS,1500.00000005629,20.0000000940567,1448.55163574219,1552.77770996094,1000.00000019703,15.0000000350151,-0.12463692263726,0.998111886678692,0.703542083086305,0.710195582806447,0.875124854551889,1.07744883474551,25.3988635841503,267.229689747251,0.00242437451308684,0.000130213655334887,0.0484169,shared_delay_plus_weighting,scalar_straight_ray_c1500,physical_element_centres
25,0,300025,20,20,SCF-DAS,1500.00000005629,20.0000000940567,1448.55163574219,1552.77770996094,1000.00000019703,15.0000000350151,-0.12463692263726,0.999686920415635,0.949259574103737,0.312855436535241,0.902001015976088,0.327968448070992,31.7529263833147,315.462785811462,0.000945667953074672,2.4439502032456e-05,0.0658023,shared_delay_plus_weighting,scalar_straight_ray_c1500,physical_element_centres
25,0,300025,20,20,DMAS,1500.00000005629,20.0000000940567,1448.55163574219,1552.77770996094,1000.00000019703,15.0000000350151,-0.12463692263726,0.997038578621665,0.845932470654527,0.525421250599003,0.542790504069448,0.716792353577332,21.1453568123238,95.6741595532294,0.00475480514904264,0.000416739708604308,0.0845137,shared_delay_plus_weighting,scalar_straight_ray_c1500,physical_element_centres
25,0,300025,20,20,DS-DMAS,1500.00000005629,20.0000000940567,1448.55163574219,1552.77770996094,1000.00000019703,15.0000000350151,-0.12463692263726,0.998830636019372,0.92345405093933,0.370434882260408,0.876491703939655,0.43263742677062,22.566014961824,125.479946159797,0.00269513307934353,0.000200576231053846,2.4039134,shared_delay_plus_weighting,scalar_straight_ray_c1500,physical_element_centres
25,0,300025,20,20,TR,1500.00000005629,20.0000000940567,1448.55163574219,1552.77770996094,1000.00000019703,15.0000000350151,-0.12463692263726,0.778168966943494,0.695931178099093,0.727690900100459,0.659754987405408,2.31273557006918,17.0143202724565,1.94118953774786,0.27297835810295,0.0384956984451867,27.3262222,direct_TR_wall_time,heterogeneous_recorded_c_rho,equivalent_element_centres
25,0,300025,30,30,DAS,1500.00000005629,20.0000000940567,1448.55163574219,1552.77770996094,1000.00000019703,15.0000000350151,-0.12463692263726,0.982327574621909,0.68453144350263,0.736983288089026,0.730842296382335,2.14499578592899,17.6848975913999,29.8299422648818,0.0185731331537128,0.00242460107119719,0.0609316,shared_delay_plus_weighting,scalar_straight_ray_c1500,physical_element_centres
25,0,300025,30,30,CF-DAS,1500.00000005629,20.0000000940567,1448.55163574219,1552.77770996094,1000.00000019703,15.0000000350151,-0.12463692263726,0.998114451563532,0.703129706705188,0.710620271352534,0.875186699290729,1.07918892463589,25.3774067991145,267.901472751615,0.00241905441798325,0.000130249270089303,0.0610382,shared_delay_plus_weighting,scalar_straight_ray_c1500,physical_element_centres
25,0,300025,30,30,SCF-DAS,1500.00000005629,20.0000000940567,1448.55163574219,1552.77770996094,1000.00000019703,15.0000000350151,-0.12463692263726,0.999687504844488,0.948373901736894,0.315470263864503,0.902104791415881,0.331502015899989,31.594608452512,321.432728315279,0.00093551323899683,2.46217838956246e-05,0.0774353,shared_delay_plus_weighting,scalar_straight_ray_c1500,physical_element_centres
25,0,300025,30,30,DMAS,1500.00000005629,20.0000000940567,1448.55163574219,1552.77770996094,1000.00000019703,15.0000000350151,-0.12463692263726,0.997037554308667,0.845335210737684,0.525808020403795,0.566647433576877,0.717413067614721,21.1539202804671,95.9824456833207,0.00474852103138487,0.000415778809915841,0.0945249,shared_delay_plus_weighting,scalar_straight_ray_c1500,physical_element_centres
25,0,300025,30,30,DS-DMAS,1500.00000005629,20.0000000940567,1448.55163574219,1552.77770996094,1000.00000019703,15.0000000350151,-0.12463692263726,0.998825848988895,0.923173914870634,0.371330823949364,0.876851718275623,0.43439776669763,22.5375243102877,125.407453790894,0.00269999241565732,0.000201598050795766,2.2970079,shared_delay_plus_weighting,scalar_straight_ray_c1500,physical_element_centres
25,0,300025,30,30,TR,1500.00000005629,20.0000000940567,1448.55163574219,1552.77770996094,1000.00000019703,15.0000000350151,-0.12463692263726,0.778259396001608,0.695985059199764,0.727654648501429,0.663458237979422,2.31449212823593,17.0097100136111,1.94181803358872,0.272815652716659,0.0384931793801559,27.2147539,direct_TR_wall_time,heterogeneous_recorded_c_rho,equivalent_element_centres
26,0,300026,5,5,DAS,1500.00000021524,19.9999999395877,1429.16870117188,1544.40002441406,999.999999892381,14.9999999297781,-0.0968446716753499,0.985287460847877,0.691205440210718,0.726936183683502,0.316330775272719,2.13644079659751,17.4573591507681,35.2517737448494,0.0154516526683599,0.00207065134927802,0.0467482,shared_delay_plus_weighting,scalar_straight_ray_c1500,physical_element_centres
26,0,300026,5,5,CF-DAS,1500.00000021524,19.9999999395877,1429.16870117188,1544.40002441406,999.999999892381,14.9999999297781,-0.0968446716753499,0.998829218371177,0.741529392341404,0.668812800455901,0.872211737547508,0.924385082746059,27.2571157910961,384.197748174113,0.0016183199440337,7.0179229668114e-05,0.0468988,shared_delay_plus_weighting,scalar_straight_ray_c1500,physical_element_centres
26,0,300026,5,5,SCF-DAS,1500.00000021524,19.9999999395877,1429.16870117188,1544.40002441406,999.999999892381,14.9999999297781,-0.0968446716753499,0.999817306140694,0.94176405101576,0.334340505421001,0.901779647685313,0.3548834386387,31.2970750136845,618.51767929264,0.000515489212477508,1.40399587119994e-05,0.0644231,shared_delay_plus_weighting,scalar_straight_ray_c1500,physical_element_centres
26,0,300026,5,5,DMAS,1500.00000021524,19.9999999395877,1429.16870117188,1544.40002441406,999.999999892381,14.9999999297781,-0.0968446716753499,0.997809742332169,0.866631411859195,0.497850086660231,0.442946329345484,0.650133072078666,21.6064097911127,113.284818975888,0.00379869493524527,0.000315728603135207,0.0819591,shared_delay_plus_weighting,scalar_straight_ray_c1500,physical_element_centres
26,0,300026,5,5,DS-DMAS,1500.00000021524,19.9999999395877,1429.16870117188,1544.40002441406,999.999999892381,14.9999999297781,-0.0968446716753499,0.999112976814349,0.924260599327195,0.370499427892884,0.879620233525996,0.420812927405011,24.1580070670073,163.876373311367,0.00210533020755735,0.000130442726699654,2.2971784,shared_delay_plus_weighting,scalar_straight_ray_c1500,physical_element_centres
26,0,300026,5,5,TR,1500.00000021524,19.9999999395877,1429.16870117188,1544.40002441406,999.999999892381,14.9999999297781,-0.0968446716753499,0.778737057398315,0.699267436687353,0.724530996097853,0.568412392172173,2.3137323310177,16.9013171428516,1.92093924810381,0.273263752419824,0.0390405718646785,26.7783992,direct_TR_wall_time,heterogeneous_recorded_c_rho,equivalent_element_centres
26,0,300026,10,10,DAS,1500.00000021524,19.9999999395877,1429.16870117188,1544.40002441406,999.999999892381,14.9999999297781,-0.0968446716753499,0.985294956578253,0.677049483223045,0.74149275436972,0.50341989893157,2.1573122391695,17.8931947268498,36.5970549852636,0.015429387497185,0.00196647735571012,0.0447541,shared_delay_plus_weighting,scalar_straight_ray_c1500,physical_element_centres
26,0,300026,10,10,CF-DAS,1500.00000021524,19.9999999395877,1429.16870117188,1544.40002441406,999.999999892381,14.9999999297781,-0.0968446716753499,0.9988182481881,0.739525884483673,0.671094568140834,0.876941249194359,0.929050581163083,27.3807818230841,383.141111896245,0.00162923350719168,6.96537081929341e-05,0.0448607,shared_delay_plus_weighting,scalar_straight_ray_c1500,physical_element_centres
26,0,300026,10,10,SCF-DAS,1500.00000021524,19.9999999395877,1429.16870117188,1544.40002441406,999.999999892381,14.9999999297781,-0.0968446716753499,0.99978709380508,0.940468467265455,0.337768059142306,0.902800294809406,0.359861872682713,31.4509857935201,542.139271367353,0.000594274500779068,1.59014894783234e-05,0.0611929,shared_delay_plus_weighting,scalar_straight_ray_c1500,physical_element_centres
26,0,300026,10,10,DMAS,1500.00000021524,19.9999999395877,1429.16870117188,1544.40002441406,999.999999892381,14.9999999297781,-0.0968446716753499,0.997784472693701,0.871417375430361,0.488706888239706,0.469832516133785,0.634136690258576,21.6331455439653,108.229634899251,0.0039090061321442,0.000323898602741521,0.0795193,shared_delay_plus_weighting,scalar_straight_ray_c1500,physical_element_centres
26,0,300026,10,10,DS-DMAS,1500.00000021524,19.9999999395877,1429.16870117188,1544.40002441406,999.999999892381,14.9999999297781,-0.0968446716753499,0.999044281700919,0.924292029213488,0.369343201121722,0.878058318392571,0.422984015501064,23.7160050485498,152.005521416875,0.00225480108915586,0.000146996834823878,2.2494931,shared_delay_plus_weighting,scalar_straight_ray_c1500,physical_element_centres
26,0,300026,10,10,TR,1500.00000021524,19.9999999395877,1429.16870117188,1544.40002441406,999.999999892381,14.9999999297781,-0.0968446716753499,0.77838301741569,0.697604224230642,0.72614523133976,0.62636489181869,2.31504890396481,16.9514662425522,1.93024082471763,0.273182771946519,0.0388043126706811,26.8549412,direct_TR_wall_time,heterogeneous_recorded_c_rho,equivalent_element_centres
26,0,300026,15,15,DAS,1500.00000021524,19.9999999395877,1429.16870117188,1544.40002441406,999.999999892381,14.9999999297781,-0.0968446716753499,0.98530120077473,0.672575644857324,0.7463041150307,0.62955434563387,2.16394335555537,18.0347060735944,37.0266053502138,0.0154204207453038,0.00193357454425392,0.0462693,shared_delay_plus_weighting,scalar_straight_ray_c1500,physical_element_centres
26,0,300026,15,15,CF-DAS,1500.00000021524,19.9999999395877,1429.16870117188,1544.40002441406,999.999999892381,14.9999999297781,-0.0968446716753499,0.9988150782081,0.739009962001079,0.671687309407154,0.877644593564233,0.930448174682989,27.4115845444304,382.759520132491,0.00163244681720675,6.95440236420102e-05,0.0464089,shared_delay_plus_weighting,scalar_straight_ray_c1500,physical_element_centres
26,0,300026,15,15,SCF-DAS,1500.00000021524,19.9999999395877,1429.16870117188,1544.40002441406,999.999999892381,14.9999999297781,-0.0968446716753499,0.99977932833266,0.9398696912085,0.33949065077845,0.902083825650545,0.362860550623353,31.059970550256,528.148430216637,0.000611762405907488,1.71231735181654e-05,0.0633873,shared_delay_plus_weighting,scalar_straight_ray_c1500,physical_element_centres
26,0,300026,15,15,DMAS,1500.00000021524,19.9999999395877,1429.16870117188,1544.40002441406,999.999999892381,14.9999999297781,-0.0968446716753499,0.997784947662381,0.874317481119599,0.483078725369841,0.481656279770097,0.625743514101955,21.5725434761949,105.964698620506,0.00394367446712506,0.00032905908432038,0.0812587,shared_delay_plus_weighting,scalar_straight_ray_c1500,physical_element_centres
26,0,300026,15,15,DS-DMAS,1500.00000021524,19.9999999395877,1429.16870117188,1544.40002441406,999.999999892381,14.9999999297781,-0.0968446716753499,0.999026228002405,0.924841095047334,0.367332754210804,0.875174476858964,0.422834848254012,23.4208027955774,148.136202240411,0.00229483927365997,0.000154779034761255,2.2572491,shared_delay_plus_weighting,scalar_straight_ray_c1500,physical_element_centres
26,0,300026,15,15,TR,1500.00000021524,19.9999999395877,1429.16870117188,1544.40002441406,999.999999892381,14.9999999297781,-0.0968446716753499,0.778295554521547,0.697126305873106,0.726599120648956,0.64876598113454,2.31488788465643,16.9666538411321,1.93306736116422,0.273146607292491,0.0387313931405758,26.8191391,direct_TR_wall_time,heterogeneous_recorded_c_rho,equivalent_element_centres
26,0,300026,20,20,DAS,1500.00000021524,19.9999999395877,1429.16870117188,1544.40002441406,999.999999892381,14.9999999297781,-0.0968446716753499,0.985305353778208,0.671302927540278,0.747862065762296,0.685100783084531,2.16600465072972,18.0768112376284,37.1544145110798,0.0154165045726511,0.0019237354769467,0.0542379,shared_delay_plus_weighting,scalar_straight_ray_c1500,physical_element_centres
26,0,300026,20,20,CF-DAS,1500.00000021524,19.9999999395877,1429.16870117188,1544.40002441406,999.999999892381,14.9999999297781,-0.0968446716753499,0.99881428598077,0.738917036707948,0.671801071789593,0.877775807722025,0.930828001096374,27.4174277994825,382.619493783864,0.00163329844045406,6.95335107372243e-05,0.054288,shared_delay_plus_weighting,scalar_straight_ray_c1500,physical_element_centres
26,0,300026,20,20,SCF-DAS,1500.00000021524,19.9999999395877,1429.16870117188,1544.40002441406,999.999999892381,14.9999999297781,-0.0968446716753499,0.999772482122351,0.940374991666979,0.338096463961597,0.90186974704383,0.361794361689104,31.0726043921647,508.066302584393,0.000633325603983994,1.77009602313841e-05,0.0710003,shared_delay_plus_weighting,scalar_straight_ray_c1500,physical_element_centres
26,0,300026,20,20,DMAS,1500.00000021524,19.9999999395877,1429.16870117188,1544.40002441406,999.999999892381,14.9999999297781,-0.0968446716753499,0.997786837956504,0.875746647363696,0.480130292250764,0.491593149392643,0.621278607479827,21.5514353915627,104.924140067885,0.00395956008362126,0.000331188438774663,0.0891951,shared_delay_plus_weighting,scalar_straight_ray_c1500,physical_element_centres
26,0,300026,20,20,DS-DMAS,1500.00000021524,19.9999999395877,1429.16870117188,1544.40002441406,999.999999892381,14.9999999297781,-0.0968446716753499,0.999018773081877,0.925377547189145,0.365760336205224,0.873456412927895,0.421653208749853,23.3574906171031,145.995403526356,0.00231811268912517,0.000157492549485108,2.2676392,shared_delay_plus_weighting,scalar_straight_ray_c1500,physical_element_centres
26,0,300026,20,20,TR,1500.00000021524,19.9999999395877,1429.16870117188,1544.40002441406,999.999999892381,14.9999999297781,-0.0968446716753499,0.778281694697596,0.697004302089336,0.726709537276923,0.656280318515943,2.31451193079048,16.9710159186592,1.93388721980229,0.27312923202452,0.0387094844870104,26.7192109,direct_TR_wall_time,heterogeneous_recorded_c_rho,equivalent_element_centres
26,0,300026,30,30,DAS,1500.00000021524,19.9999999395877,1429.16870117188,1544.40002441406,999.999999892381,14.9999999297781,-0.0968446716753499,0.985309383635469,0.670951114087,0.748532681380928,0.710703366848055,2.16681554179084,18.090558313174,37.1970594071121,0.0154137336202484,0.00192034798295102,0.051536,shared_delay_plus_weighting,scalar_straight_ray_c1500,physical_element_centres
26,0,300026,30,30,CF-DAS,1500.00000021524,19.9999999395877,1429.16870117188,1544.40002441406,999.999999892381,14.9999999297781,-0.0968446716753499,0.998814186664984,0.738953935992031,0.671770352259293,0.877776548610383,0.930917723097486,27.4157780322405,382.541410500831,0.00163347343439029,6.95541702764848e-05,0.0515847,shared_delay_plus_weighting,scalar_straight_ray_c1500,physical_element_centres
26,0,300026,30,30,SCF-DAS,1500.00000021524,19.9999999395877,1429.16870117188,1544.40002441406,999.999999892381,14.9999999297781,-0.0968446716753499,0.999772601455818,0.939390671667652,0.340771142026126,0.901452585486712,0.365886532710845,30.8975215283735,516.470865166796,0.000627547695144109,1.78966053966751e-05,0.0682664,shared_delay_plus_weighting,scalar_straight_ray_c1500,physical_element_centres
26,0,300026,30,30,DMAS,1500.00000021524,19.9999999395877,1429.16870117188,1544.40002441406,999.999999892381,14.9999999297781,-0.0968446716753499,0.997780384377168,0.875283797328222,0.47995019941376,0.521620392137894,0.620810572083635,21.5900016600993,104.983494132718,0.00396727070654708,0.000330363267224853,0.0857923,shared_delay_plus_weighting,scalar_straight_ray_c1500,physical_element_centres
26,0,300026,30,30,DS-DMAS,1500.00000021524,19.9999999395877,1429.16870117188,1544.40002441406,999.999999892381,14.9999999297781,-0.0968446716753499,0.999013761745506,0.924965885507326,0.367086942559548,0.874408446549366,0.424097447083618,23.3309762067031,146.024104127293,0.00232277985069773,0.000158292099613464,2.2793155,shared_delay_plus_weighting,scalar_straight_ray_c1500,physical_element_centres
26,0,300026,30,30,TR,1500.00000021524,19.9999999395877,1429.16870117188,1544.40002441406,999.999999892381,14.9999999297781,-0.0968446716753499,0.778290493991549,0.696984655386801,0.726720282920115,0.659264117617466,2.31401185409685,16.9723546471919,1.93414852609423,0.273115737850663,0.0387016065979761,27.0028679,direct_TR_wall_time,heterogeneous_recorded_c_rho,equivalent_element_centres
27,0,300027,5,5,DAS,1499.99999995364,19.9999999860268,1450.40832519531,1542.84045410156,999.99999998841,14.9999999102083,0.17394971843836,0.986885471407531,0.711986788682843,0.70863515879574,0.304655843810542,1.88824250754484,17.407032153907,37.3389793533888,0.0141485201489689,0.00190703827644326,0.0451516,shared_delay_plus_weighting,scalar_straight_ray_c1500,physical_element_centres
27,0,300027,5,5,CF-DAS,1499.99999995364,19.9999999860268,1450.40832519531,1542.84045410156,999.99999998841,14.9999999102083,0.17394971843836,0.999045886348411,0.756254682555355,0.652145994239216,0.873736514800853,0.884182333245109,27.2752500646993,448.380106932419,0.00135187354457673,5.85023842474522e-05,0.0452365,shared_delay_plus_weighting,scalar_straight_ray_c1500,physical_element_centres
27,0,300027,5,5,SCF-DAS,1499.99999995364,19.9999999860268,1450.40832519531,1542.84045410156,999.99999998841,14.9999999102083,0.17394971843836,0.99987548557195,0.962760513165458,0.268912744828876,0.906816585962268,0.279164387423807,32.9877444365842,586.553991400055,0.000438927626234123,9.8402400824432e-06,0.0614341,shared_delay_plus_weighting,scalar_straight_ray_c1500,physical_element_centres
27,0,300027,5,5,DMAS,1499.99999995364,19.9999999860268,1450.40832519531,1542.84045410156,999.99999998841,14.9999999102083,0.17394971843836,0.998280826519187,0.87916071287399,0.47870663381763,0.40058501245277,0.628965617742346,20.8988925515162,131.69638817578,0.00306886104724404,0.000276714933378682,0.0783696,shared_delay_plus_weighting,scalar_straight_ray_c1500,physical_element_centres
27,0,300027,5,5,DS-DMAS,1499.99999995364,19.9999999860268,1450.40832519531,1542.84045410156,999.99999998841,14.9999999102083,0.17394971843836,0.999348293404764,0.924561249842252,0.369225616078031,0.872408256868176,0.430859691530295,22.6169358962215,222.350415926926,0.00151234275622323,0.000111893133373315,2.2606358,shared_delay_plus_weighting,scalar_straight_ray_c1500,physical_element_centres
27,0,300027,5,5,TR,1499.99999995364,19.9999999860268,1450.40832519531,1542.84045410156,999.99999998841,14.9999999102083,0.17394971843836,0.777778137423527,0.697272599672542,0.7260009108436,0.565875194208718,2.32302851267834,16.9518390942056,1.92583570583709,0.27393711838774,0.0389097937098737,26.8398528,direct_TR_wall_time,heterogeneous_recorded_c_rho,equivalent_element_centres
27,0,300027,10,10,DAS,1499.99999995364,19.9999999860268,1450.40832519531,1542.84045410156,999.99999998841,14.9999999102083,0.17394971843836,0.986878449570125,0.696780898018466,0.724013826257164,0.490534608743722,1.90617158538066,17.901989128677,38.9624767967864,0.0141330509713095,0.00179943626509967,0.0523751,shared_delay_plus_weighting,scalar_straight_ray_c1500,physical_element_centres
27,0,300027,10,10,CF-DAS,1499.99999995364,19.9999999860268,1450.40832519531,1542.84045410156,999.99999998841,14.9999999102083,0.17394971843836,0.999036411965133,0.753308795108084,0.655571117422093,0.879595354344136,0.891547296485845,27.3439504527413,448.585910950708,0.00135858816818423,5.8329775565146e-05,0.0524646,shared_delay_plus_weighting,scalar_straight_ray_c1500,physical_element_centres
27,0,300027,10,10,SCF-DAS,1499.99999995364,19.9999999860268,1450.40832519531,1542.84045410156,999.99999998841,14.9999999102083,0.17394971843836,0.999859418309662,0.9610752835786,0.274732332618757,0.906544679914431,0.285047419865217,32.7428829818562,542.526622099188,0.000484454741108076,1.11714375316214e-05,0.0692139,shared_delay_plus_weighting,scalar_straight_ray_c1500,physical_element_centres
27,0,300027,10,10,DMAS,1499.99999995364,19.9999999860268,1450.40832519531,1542.84045410156,999.99999998841,14.9999999102083,0.17394971843836,0.998275428777486,0.883878093788884,0.469243911012349,0.428789198025357,0.611217028776177,20.940394744295,126.456130010861,0.00313819235880856,0.000281617619688719,0.0875337,shared_delay_plus_weighting,scalar_straight_ray_c1500,physical_element_centres
27,0,300027,10,10,DS-DMAS,1499.99999995364,19.9999999860268,1450.40832519531,1542.84045410156,999.99999998841,14.9999999102083,0.17394971843836,0.999298317305986,0.926424070033706,0.363413267268058,0.872963910223463,0.427376899787827,22.0761360811683,201.567567554512,0.00163121700760383,0.000128441372240968,2.2825431,shared_delay_plus_weighting,scalar_straight_ray_c1500,physical_element_centres
27,0,300027,10,10,TR,1499.99999995364,19.9999999860268,1450.40832519531,1542.84045410156,999.99999998841,14.9999999102083,0.17394971843836,0.777308434890094,0.695349672971372,0.728070885662566,0.622014338426409,2.3293298039271,17.0011307371001,1.93578180533504,0.27384972443849,0.0386772663655478,26.7746847,direct_TR_wall_time,heterogeneous_recorded_c_rho,equivalent_element_centres
27,0,300027,15,15,DAS,1499.99999995364,19.9999999860268,1450.40832519531,1542.84045410156,999.99999998841,14.9999999102083,0.17394971843836,0.986876440395103,0.691848499385201,0.728898821224013,0.622957002125843,1.91222289612644,18.0632532014365,39.4819147007942,0.0141277679949571,0.00176567551365728,0.0522092,shared_delay_plus_weighting,scalar_straight_ray_c1500,physical_element_centres
27,0,300027,15,15,CF-DAS,1499.99999995364,19.9999999860268,1450.40832519531,1542.84045410156,999.99999998841,14.9999999102083,0.17394971843836,0.999033547863906,0.752285418633665,0.656768357716037,0.880577172236043,0.894482360702433,27.3325255489603,448.850720564597,0.00136000763606749,5.8467573377716e-05,0.052288,shared_delay_plus_weighting,scalar_straight_ray_c1500,physical_element_centres
27,0,300027,15,15,SCF-DAS,1499.99999995364,19.9999999860268,1450.40832519531,1542.84045410156,999.99999998841,14.9999999102083,0.17394971843836,0.999854012096361,0.961130564848724,0.274648049562148,0.905329902259915,0.285452946353521,32.154502213056,521.690743062907,0.000502477923937197,1.2399148898853e-05,0.0689753,shared_delay_plus_weighting,scalar_straight_ray_c1500,physical_element_centres
27,0,300027,15,15,DMAS,1499.99999995364,19.9999999860268,1450.40832519531,1542.84045410156,999.99999998841,14.9999999102083,0.17394971843836,0.998283916083467,0.887074772300132,0.462614058062081,0.442184067681029,0.601428697481298,20.8609688248083,123.781726924223,0.00315726237527855,0.000285931651670224,0.0869959,shared_delay_plus_weighting,scalar_straight_ray_c1500,physical_element_centres
27,0,300027,15,15,DS-DMAS,1499.99999995364,19.9999999860268,1450.40832519531,1542.84045410156,999.99999998841,14.9999999102083,0.17394971843836,0.999284375621919,0.92773807918637,0.359384896018358,0.869991851341261,0.425107659561183,21.751259096317,194.226450093278,0.00166679294049613,0.000136244411572811,2.2760415,shared_delay_plus_weighting,scalar_straight_ray_c1500,physical_element_centres
27,0,300027,15,15,TR,1499.99999995364,19.9999999860268,1450.40832519531,1542.84045410156,999.99999998841,14.9999999102083,0.17394971843836,0.777154389293756,0.694721514800218,0.728787962891329,0.64321691611356,2.33194817566566,17.0160228158726,1.93900321236373,0.273810635326779,0.0386054991604545,26.9086663,direct_TR_wall_time,heterogeneous_recorded_c_rho,equivalent_element_centres
27,0,300027,20,20,DAS,1499.99999995364,19.9999999860268,1450.40832519531,1542.84045410156,999.99999998841,14.9999999102083,0.17394971843836,0.986875923880943,0.690384294937377,0.730357441690749,0.684564203440744,1.91430461450727,18.1108747262377,39.6356056927604,0.014125878928091,0.00175578665298279,0.0528895,shared_delay_plus_weighting,scalar_straight_ray_c1500,physical_element_centres
27,0,300027,20,20,CF-DAS,1499.99999995364,19.9999999860268,1450.40832519531,1542.84045410156,999.99999998841,14.9999999102083,0.17394971843836,0.999032752849971,0.751915743920947,0.65720784634499,0.880801826873875,0.895724115994267,27.3116847219547,449.056734736021,0.00136003792371717,5.8609333471482e-05,0.0529473,shared_delay_plus_weighting,scalar_straight_ray_c1500,physical_element_centres
27,0,300027,20,20,SCF-DAS,1499.99999995364,19.9999999860268,1450.40832519531,1542.84045410156,999.99999998841,14.9999999102083,0.17394971843836,0.999851200701101,0.959900230094857,0.278896810051451,0.904414116589249,0.290446060453953,32.0302251664269,527.710320237388,0.000504018339736699,1.26163892906643e-05,0.0697193,shared_delay_plus_weighting,scalar_straight_ray_c1500,physical_element_centres
27,0,300027,20,20,DMAS,1499.99999995364,19.9999999860268,1450.40832519531,1542.84045410156,999.99999998841,14.9999999102083,0.17394971843836,0.998286636626759,0.888171725020007,0.460055720053094,0.452358099558524,0.597743873667905,20.8327566351857,122.841337431199,0.00316437129618786,0.000287507782243263,0.0879674,shared_delay_plus_weighting,scalar_straight_ray_c1500,physical_element_centres
27,0,300027,20,20,DS-DMAS,1499.99999995364,19.9999999860268,1450.40832519531,1542.84045410156,999.99999998841,14.9999999102083,0.17394971843836,0.999278301704546,0.928004843276797,0.358433445920428,0.868139213646122,0.425415002336325,21.612026276386,191.901971231497,0.00167871544713282,0.000139436275223206,2.2731069,shared_delay_plus_weighting,scalar_straight_ray_c1500,physical_element_centres
27,0,300027,20,20,TR,1499.99999995364,19.9999999860268,1450.40832519531,1542.84045410156,999.99999998841,14.9999999102083,0.17394971843836,0.777102591553451,0.694513958912522,0.729048434847633,0.650097638602297,2.33312479798572,17.0202794790701,1.94005494808516,0.273791844064875,0.038583936388905,27.2461997,direct_TR_wall_time,heterogeneous_recorded_c_rho,equivalent_element_centres
27,0,300027,30,30,DAS,1499.99999995364,19.9999999860268,1450.40832519531,1542.84045410156,999.99999998841,14.9999999102083,0.17394971843836,0.986875834438448,0.689908940731499,0.730854370355495,0.715239357058652,1.91533870790104,18.1258777944076,39.6856662181224,0.0141248622267704,0.00175263036080956,0.0433262,shared_delay_plus_weighting,scalar_straight_ray_c1500,physical_element_centres
27,0,300027,30,30,CF-DAS,1499.99999995364,19.9999999860268,1450.40832519531,1542.84045410156,999.99999998841,14.9999999102083,0.17394971843836,0.999032546417516,0.751715681825595,0.65745308217333,0.880851187775329,0.8965649943729,27.2850201237931,449.27194628642,0.00135960479271675,5.87708105806109e-05,0.0434437,shared_delay_plus_weighting,scalar_straight_ray_c1500,physical_element_centres
27,0,300027,30,30,SCF-DAS,1499.99999995364,19.9999999860268,1450.40832519531,1542.84045410156,999.99999998841,14.9999999102083,0.17394971843836,0.999850632411807,0.960622049113262,0.276376467522207,0.904879474256989,0.288093227853114,31.8172988624519,516.4191906075,0.000509953208764889,1.30817361574674e-05,0.060798,shared_delay_plus_weighting,scalar_straight_ray_c1500,physical_element_centres
27,0,300027,30,30,DMAS,1499.99999995364,19.9999999860268,1450.40832519531,1542.84045410156,999.99999998841,14.9999999102083,0.17394971843836,0.998280592133043,0.887444620937712,0.460102333675568,0.485630386966098,0.597361088434844,20.8811151965187,123.159626570476,0.00316925526594997,0.000286352817618595,0.0783579,shared_delay_plus_weighting,scalar_straight_ray_c1500,physical_element_centres
27,0,300027,30,30,DS-DMAS,1499.99999995364,19.9999999860268,1450.40832519531,1542.84045410156,999.99999998841,14.9999999102083,0.17394971843836,0.999274188926189,0.927897169021226,0.359206253001762,0.870844785004352,0.427864970620423,21.5100646345282,191.087537496382,0.00168305621958163,0.000141447537579169,2.2478222,shared_delay_plus_weighting,scalar_straight_ray_c1500,physical_element_centres
27,0,300027,30,30,TR,1499.99999995364,19.9999999860268,1450.40832519531,1542.84045410156,999.99999998841,14.9999999102083,0.17394971843836,0.777077795821952,0.694418650719751,0.729192154021951,0.652672279983198,2.33398165334954,17.0215620139745,1.94052574818844,0.273777218122061,0.0385761787630138,27.0822334,direct_TR_wall_time,heterogeneous_recorded_c_rho,equivalent_element_centres
28,0,300028,5,5,DAS,1499.99999979801,20.0000001957329,1449.99572753906,1547.91137695312,1000.00000002484,15.0000000176782,-0.0545168767607579,0.98133333345158,0.694202269465771,0.72855978134946,0.414268425813095,2.24976144072164,17.1737530402795,27.5066829406375,0.0194518575220168,0.00269322990321594,0.0501443,shared_delay_plus_weighting,scalar_straight_ray_c1500,physical_element_centres
28,0,300028,5,5,CF-DAS,1499.99999979801,20.0000001957329,1449.99572753906,1547.91137695312,1000.00000002484,15.0000000176782,-0.0545168767607579,0.998023382291363,0.659378394452248,0.751593156262079,0.868772523863294,1.25286270719074,24.932838508974,285.73520000918,0.00238078692616567,0.000134920705529186,0.0502156,shared_delay_plus_weighting,scalar_straight_ray_c1500,physical_element_centres
28,0,300028,5,5,SCF-DAS,1499.99999979801,20.0000001957329,1449.99572753906,1547.91137695312,1000.00000002484,15.0000000176782,-0.0545168767607579,0.999753808245709,0.943389277157045,0.329902060791621,0.898952914249147,0.351416803608184,31.6752740206625,446.428364054915,0.000704779534041467,1.83776333684345e-05,0.0666351,shared_delay_plus_weighting,scalar_straight_ray_c1500,physical_element_centres
28,0,300028,5,5,DMAS,1499.99999979801,20.0000001957329,1449.99572753906,1547.91137695312,1000.00000002484,15.0000000176782,-0.0545168767607579,0.996878738053043,0.816049102705797,0.569717938393203,0.47796228860501,0.833606810870892,20.7992797442755,106.693399630105,0.00457451441641944,0.00041723527001544,0.0840963,shared_delay_plus_weighting,scalar_straight_ray_c1500,physical_element_centres
28,0,300028,5,5,DS-DMAS,1499.99999979801,20.0000001957329,1449.99572753906,1547.91137695312,1000.00000002484,15.0000000176782,-0.0545168767607579,0.998923671286754,0.913413380872936,0.394630142843812,0.87527538987126,0.463350577616455,23.2607432504756,153.508198345165,0.00236304264284688,0.000162343309939754,2.2754501,shared_delay_plus_weighting,scalar_straight_ray_c1500,physical_element_centres
28,0,300028,5,5,TR,1499.99999979801,20.0000001957329,1449.99572753906,1547.91137695312,1000.00000002484,15.0000000176782,-0.0545168767607579,0.778265282702753,0.698438185617281,0.725347806708414,0.573573301335342,2.30372432058672,16.9306045088696,1.92212744891554,0.273705909895182,0.0389721126673351,27.4135137,direct_TR_wall_time,heterogeneous_recorded_c_rho,equivalent_element_centres
28,0,300028,10,10,DAS,1499.99999979801,20.0000001957329,1449.99572753906,1547.91137695312,1000.00000002484,15.0000000176782,-0.0545168767607579,0.981325034250672,0.684562390961743,0.73739035727228,0.583486693322486,2.27050220660856,17.4490920040198,28.2130020865437,0.0194346390243423,0.00260688503112277,0.0569658,shared_delay_plus_weighting,scalar_straight_ray_c1500,physical_element_centres
28,0,300028,10,10,CF-DAS,1499.99999979801,20.0000001957329,1449.99572753906,1547.91137695312,1000.00000002484,15.0000000176782,-0.0545168767607579,0.997998256353132,0.655981850472473,0.754500549944722,0.872560675231605,1.26165623282305,25.0581281963451,284.380037277725,0.00240475525307049,0.00013432735778819,0.0570751,shared_delay_plus_weighting,scalar_straight_ray_c1500,physical_element_centres
28,0,300028,10,10,SCF-DAS,1499.99999979801,20.0000001957329,1449.99572753906,1547.91137695312,1000.00000002484,15.0000000176782,-0.0545168767607579,0.999723470539917,0.940585349108824,0.337661837717911,0.898714214595761,0.36078645915407,31.2151105625635,416.507934142174,0.000771279834980407,2.12058872906393e-05,0.0739506,shared_delay_plus_weighting,scalar_straight_ray_c1500,physical_element_centres
28,0,300028,10,10,DMAS,1499.99999979801,20.0000001957329,1449.99572753906,1547.91137695312,1000.00000002484,15.0000000176782,-0.0545168767607579,0.996859562224748,0.823450739193609,0.558798487439589,0.501284920326624,0.807109541054706,20.8284572442289,102.169587755072,0.00468945178743331,0.000426284177372914,0.0922381,shared_delay_plus_weighting,scalar_straight_ray_c1500,physical_element_centres
28,0,300028,10,10,DS-DMAS,1499.99999979801,20.0000001957329,1449.99572753906,1547.91137695312,1000.00000002484,15.0000000176782,-0.0545168767607579,0.998848137031113,0.915417260999491,0.38920434598616,0.874582328991262,0.459412277481178,22.8599842058529,140.230749163448,0.00253864755192247,0.000182643070786099,2.2898732,shared_delay_plus_weighting,scalar_straight_ray_c1500,physical_element_centres
28,0,300028,10,10,TR,1499.99999979801,20.0000001957329,1449.99572753906,1547.91137695312,1000.00000002484,15.0000000176782,-0.0545168767607579,0.778088533406007,0.697038767902509,0.726704445636649,0.631013925986744,2.30786427684483,16.9711229908695,1.93134704203428,0.273426263890847,0.0387511039003311,26.7834957,direct_TR_wall_time,heterogeneous_recorded_c_rho,equivalent_element_centres
28,0,300028,15,15,DAS,1499.99999979801,20.0000001957329,1449.99572753906,1547.91137695312,1000.00000002484,15.0000000176782,-0.0545168767607579,0.981322400472866,0.681246943185159,0.740270862781637,0.67681008454871,2.27857946423007,17.5426408236877,28.4537971492215,0.0194278198374679,0.00257805409721796,0.0558924,shared_delay_plus_weighting,scalar_straight_ray_c1500,physical_element_centres
28,0,300028,15,15,CF-DAS,1499.99999979801,20.0000001957329,1449.99572753906,1547.91137695312,1000.00000002484,15.0000000176782,-0.0545168767607579,0.997989101968925,0.654892903410789,0.755410458698834,0.873437618070712,1.26427978344976,25.1097823967016,283.795029834646,0.00241407965409194,0.000134048659695065,0.0559614,shared_delay_plus_weighting,scalar_straight_ray_c1500,physical_element_centres
28,0,300028,15,15,SCF-DAS,1499.99999979801,20.0000001957329,1449.99572753906,1547.91137695312,1000.00000002484,15.0000000176782,-0.0545168767607579,0.999705322829149,0.940076994578266,0.338974757311204,0.898564418825558,0.363574064211532,31.1134698198727,394.07480929453,0.000816636707540253,2.27172316404019e-05,0.072619,shared_delay_plus_weighting,scalar_straight_ray_c1500,physical_element_centres
28,0,300028,15,15,DMAS,1499.99999979801,20.0000001957329,1449.99572753906,1547.91137695312,1000.00000002484,15.0000000176782,-0.0545168767607579,0.996857037324027,0.82728871597396,0.552970604951242,0.510874224871154,0.794666846557989,20.8080730233495,100.068238073137,0.00473577321213747,0.000431506403968282,0.0908519,shared_delay_plus_weighting,scalar_straight_ray_c1500,physical_element_centres
28,0,300028,15,15,DS-DMAS,1499.99999979801,20.0000001957329,1449.99572753906,1547.91137695312,1000.00000002484,15.0000000176782,-0.0545168767607579,0.998818802991854,0.91620008583411,0.38690919988451,0.872326530115972,0.458514369623752,22.6503666405259,135.523125185432,0.00260306145132075,0.000191851893000798,2.2834999,shared_delay_plus_weighting,scalar_straight_ray_c1500,physical_element_centres
28,0,300028,15,15,TR,1499.99999979801,20.0000001957329,1449.99572753906,1547.91137695312,1000.00000002484,15.0000000176782,-0.0545168767607579,0.778098449588496,0.696700615581768,0.727023427147539,0.653228184692619,2.30928808507047,16.9811747897502,1.9341833325433,0.273279028046807,0.0386854421470056,26.9136792,direct_TR_wall_time,heterogeneous_recorded_c_rho,equivalent_element_centres
28,0,300028,20,20,DAS,1499.99999979801,20.0000001957329,1449.99572753906,1547.91137695312,1000.00000002484,15.0000000176782,-0.0545168767607579,0.981321562359855,0.68010761680388,0.741198567619712,0.714321979331602,2.28193979961308,17.5740961603322,28.5363573625246,0.0194248917889256,0.00256834759620434,0.0625234,shared_delay_plus_weighting,scalar_straight_ray_c1500,physical_element_centres
28,0,300028,20,20,CF-DAS,1499.99999979801,20.0000001957329,1449.99572753906,1547.91137695312,1000.00000002484,15.0000000176782,-0.0545168767607579,0.997985615659121,0.654544496463073,0.755691228262922,0.873738826658173,1.26499681335759,25.1329170884792,283.530199196208,0.00241792806733652,0.000133905224563552,0.0626207,shared_delay_plus_weighting,scalar_straight_ray_c1500,physical_element_centres
28,0,300028,20,20,SCF-DAS,1499.99999979801,20.0000001957329,1449.99572753906,1547.91137695312,1000.00000002484,15.0000000176782,-0.0545168767607579,0.999698536852318,0.938323991253753,0.343666249107653,0.898230579770036,0.370094727674667,30.913141815021,396.11869201577,0.000822526953168109,2.3414939898999e-05,0.080981,shared_delay_plus_weighting,scalar_straight_ray_c1500,physical_element_centres
28,0,300028,20,20,DMAS,1499.99999979801,20.0000001957329,1449.99572753906,1547.91137695312,1000.00000002484,15.0000000176782,-0.0545168767607579,0.996851079479768,0.828083851383232,0.551640226300371,0.518433167308429,0.791626715343342,20.8158045713755,99.4595814332277,0.00475485425106852,0.000432859527085965,0.1016993,shared_delay_plus_weighting,scalar_straight_ray_c1500,physical_element_centres
28,0,300028,20,20,DS-DMAS,1499.99999979801,20.0000001957329,1449.99572753906,1547.91137695312,1000.00000002484,15.0000000176782,-0.0545168767607579,0.998804154850764,0.915728728886057,0.387798305577558,0.870678772153629,0.460665687473178,22.5745147487745,134.580409354533,0.00262390493840616,0.000195084317893523,2.3375001,shared_delay_plus_weighting,scalar_straight_ray_c1500,physical_element_centres
28,0,300028,20,20,TR,1499.99999979801,20.0000001957329,1449.99572753906,1547.91137695312,1000.00000002484,15.0000000176782,-0.0545168767607579,0.778138601118548,0.696654350132152,0.727061065584482,0.660710231466675,2.30979976306501,16.9827447932476,1.93502562439931,0.273199399720401,0.0386671800894227,27.9565326,direct_TR_wall_time,heterogeneous_recorded_c_rho,equivalent_element_centres
28,0,300028,30,30,DAS,1499.99999979801,20.0000001957329,1449.99572753906,1547.91137695312,1000.00000002484,15.0000000176782,-0.0545168767607579,0.981321207997413,0.679550663451407,0.74159539446194,0.731732438714809,2.28417709657825,17.5887689628623,28.5767480583374,0.019422858205568,0.00256374420383533,0.0573389,shared_delay_plus_weighting,scalar_straight_ray_c1500,physical_element_centres
28,0,300028,30,30,CF-DAS,1499.99999979801,20.0000001957329,1449.99572753906,1547.91137695312,1000.00000002484,15.0000000176782,-0.0545168767607579,0.997983561550355,0.654395877768731,0.755800414704102,0.87391362223202,1.26517292004331,25.1496819620383,283.337723998409,0.00242045821841466,0.000133786869648393,0.0574828,shared_delay_plus_weighting,scalar_straight_ray_c1500,physical_element_centres
28,0,300028,30,30,SCF-DAS,1499.99999979801,20.0000001957329,1449.99572753906,1547.91137695312,1000.00000002484,15.0000000176782,-0.0545168767607579,0.999695833101177,0.937018899625814,0.347019293322364,0.899006906009451,0.374645376614552,30.7416110531391,400.64144080089,0.000820872495418103,2.38339021243893e-05,0.0765977,shared_delay_plus_weighting,scalar_straight_ray_c1500,physical_element_centres
28,0,300028,30,30,DMAS,1499.99999979801,20.0000001957329,1449.99572753906,1547.91137695312,1000.00000002484,15.0000000176782,-0.0545168767607579,0.996829328272866,0.826063506801856,0.554147659211567,0.544280629393524,0.795401510571379,20.8903479615404,99.830612081289,0.00477050019930077,0.000430572729610835,0.095387,shared_delay_plus_weighting,scalar_straight_ray_c1500,physical_element_centres
28,0,300028,30,30,DS-DMAS,1499.99999979801,20.0000001957329,1449.99572753906,1547.91137695312,1000.00000002484,15.0000000176782,-0.0545168767607579,0.99878849408442,0.914278987424284,0.391408300398262,0.871765490344952,0.466261625207426,22.5659952720784,135.026488356761,0.00263595930815046,0.000196172866494077,2.34953,shared_delay_plus_weighting,scalar_straight_ray_c1500,physical_element_centres
28,0,300028,30,30,TR,1499.99999979801,20.0000001957329,1449.99572753906,1547.91137695312,1000.00000002484,15.0000000176782,-0.0545168767607579,0.778194410011834,0.696699526435135,0.727009658296103,0.663762983215893,2.31007728102901,16.9816881244677,1.93531632021474,0.273131325223108,0.0386622483009252,27.0619186,direct_TR_wall_time,heterogeneous_recorded_c_rho,equivalent_element_centres
29,0,300029,5,5,DAS,1500.00000011259,20.000000111022,1435.75598144531,1536.13891601562,999.999999761581,15.0000000340019,0.193329581818981,0.984255863817072,0.683772300791372,0.738511087364913,0.34393380891615,2.29373304820852,17.4275895277288,33.5800684546251,0.0163445772085764,0.00219783059453289,0.0601414,shared_delay_plus_weighting,scalar_straight_ray_c1500,physical_element_centres
29,0,300029,5,5,CF-DAS,1500.00000011259,20.000000111022,1435.75598144531,1536.13891601562,999.999999761581,15.0000000340019,0.193329581818981,0.998658803640058,0.694405353235131,0.718320901434529,0.870962861315475,1.07496640824203,26.6953142348648,385.832546282873,0.00172039124020459,7.95905509124606e-05,0.0602836,shared_delay_plus_weighting,scalar_straight_ray_c1500,physical_element_centres
29,0,300029,5,5,SCF-DAS,1500.00000011259,20.000000111022,1435.75598144531,1536.13891601562,999.999999761581,15.0000000340019,0.193329581818981,0.999799990066148,0.94083149336898,0.336671563436983,0.902322654525985,0.356269404320392,33.0223489245932,573.708975373052,0.000562468059885582,1.25597333604687e-05,0.0794639,shared_delay_plus_weighting,scalar_straight_ray_c1500,physical_element_centres
29,0,300029,5,5,DMAS,1500.00000011259,20.000000111022,1435.75598144531,1536.13891601562,999.999999761581,15.0000000340019,0.193329581818981,0.997626832582378,0.846287003009846,0.529035480112391,0.445565825613136,0.709761635064998,21.7695565240224,119.2262611111,0.00386397500180182,0.000315178425660501,0.0978035,shared_delay_plus_weighting,scalar_straight_ray_c1500,physical_element_centres
29,0,300029,5,5,DS-DMAS,1500.00000011259,20.000000111022,1435.75598144531,1536.13891601562,999.999999761581,15.0000000340019,0.193329581818981,0.999090251774468,0.917638752485382,0.386307458377006,0.878987136595114,0.442547939365869,24.1886225065482,173.185063131772,0.00207430998671139,0.000128068561937722,2.2515533,shared_delay_plus_weighting,scalar_straight_ray_c1500,physical_element_centres
29,0,300029,5,5,TR,1500.00000011259,20.000000111022,1435.75598144531,1536.13891601562,999.999999761581,15.0000000340019,0.193329581818981,0.778977630004962,0.699757992051741,0.724354403541542,0.563548230818278,2.31006994397849,16.8863782437903,1.91977968000634,0.27301076130114,0.0390715692032836,26.2339093,direct_TR_wall_time,heterogeneous_recorded_c_rho,equivalent_element_centres
29,0,300029,10,10,DAS,1500.00000011259,20.000000111022,1435.75598144531,1536.13891601562,999.999999761581,15.0000000340019,0.193329581818981,0.98425092356439,0.669660922173098,0.751048707355465,0.530808801616032,2.32053774316237,17.824922239697,34.7920466934642,0.016317710830277,0.00209610541854121,0.0460786,shared_delay_plus_weighting,scalar_straight_ray_c1500,physical_element_centres
29,0,300029,10,10,CF-DAS,1500.00000011259,20.000000111022,1435.75598144531,1536.13891601562,999.999999761581,15.0000000340019,0.193329581818981,0.998647589546046,0.689521922654184,0.722990575349641,0.875784775915854,1.08748279568385,26.8323187560602,387.631867214538,0.00172466173635929,7.85394743579784e-05,0.0461429,shared_delay_plus_weighting,scalar_straight_ray_c1500,physical_element_centres
29,0,300029,10,10,SCF-DAS,1500.00000011259,20.000000111022,1435.75598144531,1536.13891601562,999.999999761581,15.0000000340019,0.193329581818981,0.999777272018909,0.941569394537005,0.334518196752395,0.902608880561756,0.354765588669285,32.7106019659347,508.908833678927,0.000628968513811329,1.45579025159076e-05,0.0636803,shared_delay_plus_weighting,scalar_straight_ray_c1500,physical_element_centres
29,0,300029,10,10,DMAS,1500.00000011259,20.000000111022,1435.75598144531,1536.13891601562,999.999999761581,15.0000000340019,0.193329581818981,0.997624862965802,0.853202446370126,0.517441570573185,0.470046614258461,0.688251060641893,21.7541885201384,114.172886180329,0.00394497291776443,0.000322355140464413,0.0850193,shared_delay_plus_weighting,scalar_straight_ray_c1500,physical_element_centres
29,0,300029,10,10,DS-DMAS,1500.00000011259,20.000000111022,1435.75598144531,1536.13891601562,999.999999761581,15.0000000340019,0.193329581818981,0.999036852674391,0.919081909094286,0.381802213462063,0.877318873542033,0.441262494158832,23.6127141158587,160.806330878391,0.00219521466725915,0.000144824250622882,2.2343367,shared_delay_plus_weighting,scalar_straight_ray_c1500,physical_element_centres
29,0,300029,10,10,TR,1500.00000011259,20.000000111022,1435.75598144531,1536.13891601562,999.999999761581,15.0000000340019,0.193329581818981,0.778167554784959,0.697242236530167,0.726688658584987,0.624872198975627,2.31557855059493,16.9556755973326,1.93063405851209,0.273282789313492,0.0387997119930481,26.6933887,direct_TR_wall_time,heterogeneous_recorded_c_rho,equivalent_element_centres
29,0,300029,15,15,DAS,1500.00000011259,20.000000111022,1435.75598144531,1536.13891601562,999.999999761581,15.0000000340019,0.193329581818981,0.984250126998825,0.664801093285588,0.755121669918694,0.653029912000058,2.3304803938696,17.9592647921066,35.2053964331624,0.0163058134982834,0.00206243006544832,0.0554565,shared_delay_plus_weighting,scalar_straight_ray_c1500,physical_element_centres
29,0,300029,15,15,CF-DAS,1500.00000011259,20.000000111022,1435.75598144531,1536.13891601562,999.999999761581,15.0000000340019,0.193329581818981,0.99864480580303,0.68764125368456,0.724772556789259,0.876649999353363,1.09267674559449,26.8694562020325,388.747586766265,0.00172406600489897,7.81773740283047e-05,0.0555618,shared_delay_plus_weighting,scalar_straight_ray_c1500,physical_element_centres
29,0,300029,15,15,SCF-DAS,1500.00000011259,20.000000111022,1435.75598144531,1536.13891601562,999.999999761581,15.0000000340019,0.193329581818981,0.999770443360642,0.939201017032411,0.340996625535963,0.901142521064369,0.364238273971315,31.9534203769504,513.163521454875,0.000633624059222109,1.60014979625362e-05,0.0736325,shared_delay_plus_weighting,scalar_straight_ray_c1500,physical_element_centres
29,0,300029,15,15,DMAS,1500.00000011259,20.000000111022,1435.75598144531,1536.13891601562,999.999999761581,15.0000000340019,0.193329581818981,0.997629063411313,0.856388440570891,0.511955392617215,0.477944006437034,0.679690450069853,21.6890419111972,112.075742140767,0.00397018051209054,0.00032685727652236,0.0924238,shared_delay_plus_weighting,scalar_straight_ray_c1500,physical_element_centres
29,0,300029,15,15,DS-DMAS,1500.00000011259,20.000000111022,1435.75598144531,1536.13891601562,999.999999761581,15.0000000340019,0.193329581818981,0.999018788122043,0.919187328042926,0.380816791559098,0.873890017461832,0.443093001479275,23.2700864536329,157.640383454118,0.00222433868760796,0.000152649924155297,2.242542,shared_delay_plus_weighting,scalar_straight_ray_c1500,physical_element_centres
29,0,300029,15,15,TR,1500.00000011259,20.000000111022,1435.75598144531,1536.13891601562,999.999999761581,15.0000000340019,0.193329581818981,0.777827380660047,0.696297690483165,0.727531584070467,0.649252272964644,2.31768062523965,16.9813522342597,1.93424783037292,0.273446923879387,0.0387084187352733,26.2901181,direct_TR_wall_time,heterogeneous_recorded_c_rho,equivalent_element_centres
29,0,300029,20,20,DAS,1500.00000011259,20.000000111022,1435.75598144531,1536.13891601562,999.999999761581,15.0000000340019,0.193329581818981,0.984250305700853,0.663166587263154,0.756404321425929,0.707220727870291,2.33436067798139,18.0028033388106,35.3447378492782,0.0163001410599788,0.00205140398970608,0.0587482,shared_delay_plus_weighting,scalar_straight_ray_c1500,physical_element_centres
29,0,300029,20,20,CF-DAS,1500.00000011259,20.000000111022,1435.75598144531,1536.13891601562,999.999999761581,15.0000000340019,0.193329581818981,0.99864440010475,0.686866989728728,0.725503057579343,0.876890897405909,1.09497430066801,26.8779356674095,389.416770394655,0.00172275368029753,7.80416428262641e-05,0.0588525,shared_delay_plus_weighting,scalar_straight_ray_c1500,physical_element_centres
29,0,300029,20,20,SCF-DAS,1500.00000011259,20.000000111022,1435.75598144531,1536.13891601562,999.999999761581,15.0000000340019,0.193329581818981,0.999769049913048,0.937660631117477,0.345209537830126,0.900329623300192,0.370589804377599,31.4826556214594,522.584368536557,0.000628643998647544,1.67599219894548e-05,0.0760983,shared_delay_plus_weighting,scalar_straight_ray_c1500,physical_element_centres
29,0,300029,20,20,DMAS,1500.00000011259,20.000000111022,1435.75598144531,1536.13891601562,999.999999761581,15.0000000340019,0.193329581818981,0.997632256804868,0.857371501572085,0.510112333766779,0.484420403939186,0.677371801260912,21.6454780425093,111.515007718271,0.00397306471111014,0.000328739383630176,0.0945587,shared_delay_plus_weighting,scalar_straight_ray_c1500,physical_element_centres
29,0,300029,20,20,DS-DMAS,1500.00000011259,20.000000111022,1435.75598144531,1536.13891601562,999.999999761581,15.0000000340019,0.193329581818981,0.999014633610913,0.919146660740305,0.380613088327382,0.871969883306008,0.444625012199393,23.0720281270449,157.049852775866,0.00222567577082998,0.000156264559361571,2.2320897,shared_delay_plus_weighting,scalar_straight_ray_c1500,physical_element_centres
29,0,300029,20,20,TR,1500.00000011259,20.000000111022,1435.75598144531,1536.13891601562,999.999999761581,15.0000000340019,0.193329581818981,0.777672637668753,0.69591817525631,0.727855641899919,0.657827533904544,2.31854546095768,16.9915081084299,1.93548287050107,0.273542738030474,0.0386767331685627,26.3559169,direct_TR_wall_time,heterogeneous_recorded_c_rho,equivalent_element_centres
29,0,300029,30,30,DAS,1500.00000011259,20.000000111022,1435.75598144531,1536.13891601562,999.999999761581,15.0000000340019,0.193329581818981,0.984250834939307,0.662411320848277,0.756918297571901,0.733747885931734,2.33673032743653,18.021175279151,35.4100204027479,0.0162957629518483,0.00204651972358043,0.0650452,shared_delay_plus_weighting,scalar_straight_ray_c1500,physical_element_centres
29,0,300029,30,30,CF-DAS,1500.00000011259,20.000000111022,1435.75598144531,1536.13891601562,999.999999761581,15.0000000340019,0.193329581818981,0.99864474080362,0.686357575781826,0.725982429055143,0.876996222407415,1.09661327252887,26.8779896204614,390.031243103623,0.00172101564197949,7.79624245104294e-05,0.0651667,shared_delay_plus_weighting,scalar_straight_ray_c1500,physical_element_centres
29,0,300029,30,30,SCF-DAS,1500.00000011259,20.000000111022,1435.75598144531,1536.13891601562,999.999999761581,15.0000000340019,0.193329581818981,0.999767544160907,0.936149981552533,0.349105276727885,0.901051348027103,0.3760594659474,31.3010010341461,531.375100199698,0.000624717174425305,1.70072225129589e-05,0.0852679,shared_delay_plus_weighting,scalar_straight_ray_c1500,physical_element_centres
29,0,300029,30,30,DMAS,1500.00000011259,20.000000111022,1435.75598144531,1536.13891601562,999.999999761581,15.0000000340019,0.193329581818981,0.997621951679576,0.855950445172459,0.511798154235963,0.508612262399678,0.680236762890415,21.6848921505838,112.055227095041,0.00397455242756946,0.000327373576127004,0.1019417,shared_delay_plus_weighting,scalar_straight_ray_c1500,physical_element_centres
29,0,300029,30,30,DS-DMAS,1500.00000011259,20.000000111022,1435.75598144531,1536.13891601562,999.999999761581,15.0000000340019,0.193329581818981,0.999008472399898,0.918291444814095,0.382878984908115,0.873185668406874,0.448917563229016,22.9736526996464,157.656959065147,0.00222417200014268,0.000157937672709892,2.2418083,shared_delay_plus_weighting,scalar_straight_ray_c1500,physical_element_centres
29,0,300029,30,30,TR,1500.00000011259,20.000000111022,1435.75598144531,1536.13891601562,999.999999761581,15.0000000340019,0.193329581818981,0.777558405949748,0.695675468153965,0.728051027423054,0.661677905240459,2.31911669524797,16.997869271065,1.93609267951175,0.273629006496048,0.0386606071381404,26.2820815,direct_TR_wall_time,heterogeneous_recorded_c_rho,equivalent_element_centres
30,0,300030,5,5,DAS,1500.00000013908,20.0000002501043,1446.74438476562,1553.177734375,999.999999985099,14.9999999967299,0.14728750892564,0.988926156086803,0.724381827543681,0.692707505493756,0.254245379258633,1.77340419066472,17.2895153285778,42.6513648413352,0.0120974763912759,0.00165279510065996,0.0486906,shared_delay_plus_weighting,scalar_straight_ray_c1500,physical_element_centres
30,0,300030,5,5,CF-DAS,1500.00000013908,20.0000002501043,1446.74438476562,1553.177734375,999.999999985099,14.9999999967299,0.14728750892564,0.999362886158717,0.762105824891514,0.644233130285978,0.869181998600296,0.847302959758014,29.0525548684802,657.668167214863,0.000920610768529473,3.24674594780848e-05,0.0487579,shared_delay_plus_weighting,scalar_straight_ray_c1500,physical_element_centres
30,0,300030,5,5,SCF-DAS,1500.00000013908,20.0000002501043,1446.74438476562,1553.177734375,999.999999985099,14.9999999967299,0.14728750892564,0.999905030600827,0.953113301950356,0.300807213687134,0.903011164976189,0.313344338384676,32.0250303359562,963.80385382838,0.00029830863030137,7.47161183259197e-06,0.0661655,shared_delay_plus_weighting,scalar_straight_ray_c1500,physical_element_centres
30,0,300030,5,5,DMAS,1500.00000013908,20.0000002501043,1446.74438476562,1553.177734375,999.999999985099,14.9999999967299,0.14728750892564,0.99865145190876,0.895110654483262,0.455274299953684,0.345373298357789,0.573673226335776,21.2073813124013,146.998436852865,0.00259181257796789,0.000225545687423951,0.0848296,shared_delay_plus_weighting,scalar_straight_ray_c1500,physical_element_centres
30,0,300030,5,5,DS-DMAS,1500.00000013908,20.0000002501043,1446.74438476562,1553.177734375,999.999999985099,14.9999999967299,0.14728750892564,0.999459228280963,0.928634050901546,0.359518092356863,0.866298546618661,0.418439557632629,22.213879726199,254.090776838674,0.00127960111846057,9.91700711237508e-05,2.2257143,shared_delay_plus_weighting,scalar_straight_ray_c1500,physical_element_centres
30,0,300030,5,5,TR,1500.00000013908,20.0000002501043,1446.74438476562,1553.177734375,999.999999985099,14.9999999967299,0.14728750892564,0.777187147325552,0.697780883160308,0.725853127086181,0.563095194132365,2.31911719267459,16.9298081491551,1.91485712663167,0.275093464777513,0.0391732735967574,26.8504751,direct_TR_wall_time,heterogeneous_recorded_c_rho,equivalent_element_centres
30,0,300030,10,10,DAS,1500.00000013908,20.0000002501043,1446.74438476562,1553.177734375,999.999999985099,14.9999999967299,0.14728750892564,0.988968519690766,0.705769082141787,0.713012126513962,0.437087772938149,1.78979599762783,17.9425387259768,45.2429102101027,0.0120415333880385,0.00152600113942548,0.0483253,shared_delay_plus_weighting,scalar_straight_ray_c1500,physical_element_centres
30,0,300030,10,10,CF-DAS,1500.00000013908,20.0000002501043,1446.74438476562,1553.177734375,999.999999985099,14.9999999967299,0.14728750892564,0.999363304934676,0.758958363270565,0.648018043764934,0.879090216248346,0.855424544044639,29.1699151063048,665.622612338775,0.00091519630562072,3.1843331866064e-05,0.0484241,shared_delay_plus_weighting,scalar_straight_ray_c1500,physical_element_centres
30,0,300030,10,10,SCF-DAS,1500.00000013908,20.0000002501043,1446.74438476562,1553.177734375,999.999999985099,14.9999999967299,0.14728750892564,0.999893322863471,0.952516116530142,0.302455796915523,0.904064400497036,0.316361475711498,31.7059470229441,868.645587259067,0.000332248291191218,8.63307283214235e-06,0.0667612,shared_delay_plus_weighting,scalar_straight_ray_c1500,physical_element_centres
30,0,300030,10,10,DMAS,1500.00000013908,20.0000002501043,1446.74438476562,1553.177734375,999.999999985099,14.9999999967299,0.14728750892564,0.998656421952672,0.900421666466365,0.443506468169629,0.378028862500095,0.555113678041902,21.2651743411859,140.44130076847,0.00264746439380188,0.000228860799548765,0.0855284,shared_delay_plus_weighting,scalar_straight_ray_c1500,physical_element_centres
30,0,300030,10,10,DS-DMAS,1500.00000013908,20.0000002501043,1446.74438476562,1553.177734375,999.999999985099,14.9999999967299,0.14728750892564,0.999418674429318,0.929612485983778,0.355603076967673,0.867798568448408,0.417695998278754,21.7562678568147,233.206373343088,0.00137114842102094,0.00011201368248501,2.2313765,shared_delay_plus_weighting,scalar_straight_ray_c1500,physical_element_centres
30,0,300030,10,10,TR,1500.00000013908,20.0000002501043,1446.74438476562,1553.177734375,999.999999985099,14.9999999967299,0.14728750892564,0.776556156207025,0.695595308246397,0.728018565417198,0.620130053491629,2.32453420976546,16.9904919410517,1.92506559928386,0.275196976949162,0.0389151816307126,26.5760905,direct_TR_wall_time,heterogeneous_recorded_c_rho,equivalent_element_centres
30,0,300030,15,15,DAS,1500.00000013908,20.0000002501043,1446.74438476562,1553.177734375,999.999999985099,14.9999999967299,0.14728750892564,0.988994313360524,0.699973737939754,0.719446195089643,0.588424917659375,1.79415063396537,18.1548314233493,46.0939672148021,0.0120141866934198,0.00148577417429508,0.0531035,shared_delay_plus_weighting,scalar_straight_ray_c1500,physical_element_centres
30,0,300030,15,15,CF-DAS,1500.00000013908,20.0000002501043,1446.74438476562,1553.177734375,999.999999985099,14.9999999967299,0.14728750892564,0.999365125033102,0.758020501628946,0.649166541011129,0.880478780761722,0.858688762613443,29.1204163861592,669.77333962399,0.000910768137453459,3.18703629529598e-05,0.0532102,shared_delay_plus_weighting,scalar_straight_ray_c1500,physical_element_centres
30,0,300030,15,15,SCF-DAS,1500.00000013908,20.0000002501043,1446.74438476562,1553.177734375,999.999999985099,14.9999999967299,0.14728750892564,0.99988663837367,0.952285395514644,0.303108147942871,0.903687438260251,0.318278695236316,31.2088635215,821.275182984318,0.000351214045195855,9.66337201568055e-06,0.0715502,shared_delay_plus_weighting,scalar_straight_ray_c1500,physical_element_centres
30,0,300030,15,15,DMAS,1500.00000013908,20.0000002501043,1446.74438476562,1553.177734375,999.999999985099,14.9999999967299,0.14728750892564,0.998664090320796,0.903522843625624,0.436362173950174,0.394213512390132,0.545949056630341,21.1806078602095,137.059280981896,0.00266560533628807,0.00023268342946376,0.0903457,shared_delay_plus_weighting,scalar_straight_ray_c1500,physical_element_centres
30,0,300030,15,15,DS-DMAS,1500.00000013908,20.0000002501043,1446.74438476562,1553.177734375,999.999999985099,14.9999999967299,0.14728750892564,0.999399367401344,0.929973346518249,0.35385629116833,0.864935169464164,0.417553626001508,21.5742099279788,224.578533477986,0.00141400552023918,0.000117961587495577,2.2256059,shared_delay_plus_weighting,scalar_straight_ray_c1500,physical_element_centres
30,0,300030,15,15,TR,1500.00000013908,20.0000002501043,1446.74438476562,1553.177734375,999.999999985099,14.9999999967299,0.14728750892564,0.776311580116482,0.69481380351539,0.728792671588588,0.642880515154854,2.32672935787774,17.0118597306399,1.92846710071369,0.275263836375544,0.038828996956251,27.3041487,direct_TR_wall_time,heterogeneous_recorded_c_rho,equivalent_element_centres
30,0,300030,20,20,DAS,1500.00000013908,20.0000002501043,1446.74438476562,1553.177734375,999.999999985099,14.9999999967299,0.14728750892564,0.98900944138357,0.698489084929662,0.721291074717462,0.664812568079319,1.7950004329748,18.2136012803348,46.3477391178197,0.0120001191923273,0.00147402719374302,0.0682699,shared_delay_plus_weighting,scalar_straight_ray_c1500,physical_element_centres
30,0,300030,20,20,CF-DAS,1500.00000013908,20.0000002501043,1446.74438476562,1553.177734375,999.999999985099,14.9999999967299,0.14728750892564,0.999366659436733,0.757760309475731,0.64950387541679,0.880748170616481,0.860078546850056,29.0604610612623,672.01962530363,0.000907846813779313,3.19881792241784e-05,0.0683824,shared_delay_plus_weighting,scalar_straight_ray_c1500,physical_element_centres
30,0,300030,20,20,SCF-DAS,1500.00000013908,20.0000002501043,1446.74438476562,1553.177734375,999.999999985099,14.9999999967299,0.14728750892564,0.999884354310499,0.952658307527815,0.301973625492887,0.903574182369031,0.317650436511872,31.115469128252,798.902544638865,0.000359574918546251,1.00003669080807e-05,0.087316,shared_delay_plus_weighting,scalar_straight_ray_c1500,physical_element_centres
30,0,300030,20,20,DMAS,1500.00000013908,20.0000002501043,1446.74438476562,1553.177734375,999.999999985099,14.9999999967299,0.14728750892564,0.998669494418089,0.904802680661789,0.433097160680012,0.405747571051363,0.541902333260626,21.1398545296227,135.87700321754,0.00266901180028998,0.00023407647430508,0.1047135,shared_delay_plus_weighting,scalar_straight_ray_c1500,physical_element_centres
30,0,300030,20,20,DS-DMAS,1500.00000013908,20.0000002501043,1446.74438476562,1553.177734375,999.999999985099,14.9999999967299,0.14728750892564,0.999392489162012,0.929868517188471,0.353848051534113,0.863540089030312,0.418826018635346,21.4804008921074,222.351958870474,0.00142625924570326,0.000120275848159357,2.2479975,shared_delay_plus_weighting,scalar_straight_ray_c1500,physical_element_centres
30,0,300030,20,20,TR,1500.00000013908,20.0000002501043,1446.74438476562,1553.177734375,999.999999985099,14.9999999967299,0.14728750892564,0.776208964313242,0.694518428575698,0.729086319693836,0.650793672595327,2.3276923474286,17.0197705576178,1.92963090379674,0.275304163163334,0.0387993322219043,26.4836485,direct_TR_wall_time,heterogeneous_recorded_c_rho,equivalent_element_centres
30,0,300030,30,30,DAS,1500.00000013908,20.0000002501043,1446.74438476562,1553.177734375,999.999999985099,14.9999999967299,0.14728750892564,0.989023102594012,0.69829897494704,0.721816997602942,0.703824967810633,1.79478568377879,18.2267141408122,46.4300620729563,0.0119885419295426,0.00147038363170059,0.063055,shared_delay_plus_weighting,scalar_straight_ray_c1500,physical_element_centres
30,0,300030,30,30,CF-DAS,1500.00000013908,20.0000002501043,1446.74438476562,1553.177734375,999.999999985099,14.9999999967299,0.14728750892564,0.999368310393861,0.757693581067681,0.64961497842741,0.880775180373755,0.861025245128958,28.9894717978109,673.936874545028,0.000905029821955967,3.21506161328029e-05,0.0631776,shared_delay_plus_weighting,scalar_straight_ray_c1500,physical_element_centres
30,0,300030,30,30,SCF-DAS,1500.00000013908,20.0000002501043,1446.74438476562,1553.177734375,999.999999985099,14.9999999967299,0.14728750892564,0.999884812235777,0.952042706584409,0.303921984368932,0.903456873536262,0.320427773677632,30.7781860771527,812.260295673382,0.000355480984826291,1.02779634942085e-05,0.0808375,shared_delay_plus_weighting,scalar_straight_ray_c1500,physical_element_centres
30,0,300030,30,30,DMAS,1500.00000013908,20.0000002501043,1446.74438476562,1553.177734375,999.999999985099,14.9999999967299,0.14728750892564,0.99867063168491,0.904798669037264,0.43142810227025,0.436866734594225,0.539635376524123,21.160670484698,135.999062974484,0.00266762844452884,0.000233395143702095,0.0991415,shared_delay_plus_weighting,scalar_straight_ray_c1500,physical_element_centres
30,0,300030,30,30,DS-DMAS,1500.00000013908,20.0000002501043,1446.74438476562,1553.177734375,999.999999985099,14.9999999967299,0.14728750892564,0.999389700761345,0.929709990970211,0.354769723865863,0.868016988912364,0.420922776957304,21.4150737805068,221.817246404871,0.00142905141701339,0.000121421100807879,2.2418013,shared_delay_plus_weighting,scalar_straight_ray_c1500,physical_element_centres
30,0,300030,30,30,TR,1500.00000013908,20.0000002501043,1446.74438476562,1553.177734375,999.999999985099,14.9999999967299,0.14728750892564,0.776139558095832,0.694345084305645,0.729259874903174,0.654204804486087,2.32837690508979,17.024266470013,1.93020652473481,0.275341216687317,0.0387844738030488,26.9031982,direct_TR_wall_time,heterogeneous_recorded_c_rho,equivalent_element_centres
31,0,300031,5,5,DAS,1500.00000003643,20.0000000202594,1454.05529785156,1555.66589355469,999.999999937084,14.9999999410739,0.0353969388664228,0.982044871191008,0.686282136176013,0.735672263611977,0.40620795518567,2.29837056016357,17.3519767746419,29.2214714802944,0.0186460527571429,0.00252922851768167,0.0541087,shared_delay_plus_weighting,scalar_straight_ray_c1500,physical_element_centres
31,0,300031,5,5,CF-DAS,1500.00000003643,20.0000000202594,1454.05529785156,1555.66589355469,999.999999937084,14.9999999410739,0.0353969388664228,0.998122393697356,0.682939013377516,0.729779211460062,0.871888769920113,1.15014856878555,25.4961556979845,283.954764554938,0.00234116724612064,0.000124343948644113,0.0541805,shared_delay_plus_weighting,scalar_straight_ray_c1500,physical_element_centres
31,0,300031,5,5,SCF-DAS,1500.00000003643,20.0000000202594,1454.05529785156,1555.66589355469,999.999999937084,14.9999999410739,0.0353969388664228,0.999751068734505,0.947497138781989,0.317837132104852,0.900963276125838,0.33346266015984,33.4828050327492,410.30315093592,0.000741548705126655,1.57036074053064e-05,0.0712396,shared_delay_plus_weighting,scalar_straight_ray_c1500,physical_element_centres
31,0,300031,5,5,DMAS,1500.00000003643,20.0000000202594,1454.05529785156,1555.66589355469,999.999999937084,14.9999999410739,0.0353969388664228,0.997053329616977,0.829071746901968,0.551689742555249,0.491202109921287,0.773018603049101,21.3590174897792,105.753602215073,0.00452163368813317,0.000386673581825232,0.0894213,shared_delay_plus_weighting,scalar_straight_ray_c1500,physical_element_centres
31,0,300031,5,5,DS-DMAS,1500.00000003643,20.0000000202594,1454.05529785156,1555.66589355469,999.999999937084,14.9999999410739,0.0353969388664228,0.998904207984299,0.921212659470455,0.377655748886289,0.881290670536171,0.427978720462598,24.7030627017445,137.708908491391,0.00256591818054938,0.000149310265879604,2.2798751,shared_delay_plus_weighting,scalar_straight_ray_c1500,physical_element_centres
31,0,300031,5,5,TR,1500.00000003643,20.0000000202594,1454.05529785156,1555.66589355469,999.999999937084,14.9999999410739,0.0353969388664228,0.778344032994399,0.697202037978949,0.726381337590035,0.568943365687928,2.31093928877438,16.9582687428105,1.93302571303011,0.273081939239238,0.0387596227256638,27.0289556,direct_TR_wall_time,heterogeneous_recorded_c_rho,equivalent_element_centres
31,0,300031,10,10,DAS,1500.00000003643,20.0000000202594,1454.05529785156,1555.66589355469,999.999999937084,14.9999999410739,0.0353969388664228,0.982069496984572,0.677342193344009,0.743956397015643,0.579166868393471,2.31631089251783,17.6089231564263,29.9481858189067,0.0185994451407377,0.0024493668214917,0.0503852,shared_delay_plus_weighting,scalar_straight_ray_c1500,physical_element_centres
31,0,300031,10,10,CF-DAS,1500.00000003643,20.0000000202594,1454.05529785156,1555.66589355469,999.999999937084,14.9999999410739,0.0353969388664228,0.998108548943179,0.679956026597698,0.732581559775236,0.874591117410845,1.15871804245495,25.5413202766217,284.026047923032,0.00235041917369305,0.000124187906899223,0.0504594,shared_delay_plus_weighting,scalar_straight_ray_c1500,physical_element_centres
31,0,300031,10,10,SCF-DAS,1500.00000003643,20.0000000202594,1454.05529785156,1555.66589355469,999.999999937084,14.9999999410739,0.0353969388664228,0.999724118380366,0.945571604286869,0.32339683076203,0.900884070069472,0.341288396197438,33.031487883958,383.392085102116,0.000805715076445039,1.79724422167261e-05,0.0678131,shared_delay_plus_weighting,scalar_straight_ray_c1500,physical_element_centres
31,0,300031,10,10,DMAS,1500.00000003643,20.0000000202594,1454.05529785156,1555.66589355469,999.999999937084,14.9999999410739,0.0353969388664228,0.997052322002881,0.835997992257933,0.540878473740911,0.513328316393407,0.750944825435727,21.3295707939936,101.799003261406,0.00460389476520014,0.000395045253758049,0.0865423,shared_delay_plus_weighting,scalar_straight_ray_c1500,physical_element_centres
31,0,300031,10,10,DS-DMAS,1500.00000003643,20.0000000202594,1454.05529785156,1555.66589355469,999.999999937084,14.9999999410739,0.0353969388664228,0.998843641848298,0.921613973709128,0.375727723068223,0.879714585503475,0.429502221913359,24.1362931513451,129.833831417169,0.00269402836290753,0.000167335276677893,2.2658799,shared_delay_plus_weighting,scalar_straight_ray_c1500,physical_element_centres
31,0,300031,10,10,TR,1500.00000003643,20.0000000202594,1454.05529785156,1555.66589355469,999.999999937084,14.9999999410739,0.0353969388664228,0.777817921541221,0.695240935039543,0.72833013961164,0.62572505472123,2.31777466530282,17.0099594286865,1.94260624931124,0.27307455886241,0.0385286036210081,27.2060101,direct_TR_wall_time,heterogeneous_recorded_c_rho,equivalent_element_centres
31,0,300031,15,15,DAS,1500.00000003643,20.0000000202594,1454.05529785156,1555.66589355469,999.999999937084,14.9999999410739,0.0353969388664228,0.982085273782,0.674624800262113,0.746395450252085,0.675997014398833,2.32249432001433,17.6865538902504,30.181758451386,0.0185759687497056,0.00242450886978373,0.0506481,shared_delay_plus_weighting,scalar_straight_ray_c1500,physical_element_centres
31,0,300031,15,15,CF-DAS,1500.00000003643,20.0000000202594,1454.05529785156,1555.66589355469,999.999999937084,14.9999999410739,0.0353969388664228,0.998105739514604,0.678946306114563,0.733529610259522,0.875111292776323,1.16178186107701,25.5500871340493,284.329497587924,0.00235111137455818,0.00012409916114862,0.0507622,shared_delay_plus_weighting,scalar_straight_ray_c1500,physical_element_centres
31,0,300031,15,15,SCF-DAS,1500.00000003643,20.0000000202594,1454.05529785156,1555.66589355469,999.999999937084,14.9999999410739,0.0353969388664228,0.999709909571941,0.941730040437237,0.334279655226156,0.89974937397567,0.35447539241918,32.4861600880257,389.587872795744,0.000818226307082555,1.94341447949385e-05,0.0691049,shared_delay_plus_weighting,scalar_straight_ray_c1500,physical_element_centres
31,0,300031,15,15,DMAS,1500.00000003643,20.0000000202594,1454.05529785156,1555.66589355469,999.999999937084,14.9999999410739,0.0353969388664228,0.99705695205432,0.839116030751542,0.535876562337484,0.521778334658104,0.742116273462277,21.2632754905141,100.182338108821,0.00462942838868623,0.00040027972798367,0.0876673,shared_delay_plus_weighting,scalar_straight_ray_c1500,physical_element_centres
31,0,300031,15,15,DS-DMAS,1500.00000003643,20.0000000202594,1454.05529785156,1555.66589355469,999.999999937084,14.9999999410739,0.0353969388664228,0.998819240874557,0.920978317540762,0.376656036659849,0.877041114073732,0.432768163067762,23.8498880376065,128.134447537351,0.0027293939350833,0.000175215216777276,2.225252,shared_delay_plus_weighting,scalar_straight_ray_c1500,physical_element_centres
31,0,300031,15,15,TR,1500.00000003643,20.0000000202594,1454.05529785156,1555.66589355469,999.999999937084,14.9999999410739,0.0353969388664228,0.77762264467193,0.694555220094619,0.729013646423113,0.648291278967272,2.32085307079183,17.027083911915,1.94580079462827,0.273078179599078,0.03845322804213,26.7384267,direct_TR_wall_time,heterogeneous_recorded_c_rho,equivalent_element_centres
31,0,300031,20,20,DAS,1500.00000003643,20.0000000202594,1454.05529785156,1555.66589355469,999.999999937084,14.9999999410739,0.0353969388664228,0.982094755582448,0.673886091751606,0.747031214365185,0.715103119842467,2.32468882635627,17.7072696214952,30.2540216128562,0.0185636350174235,0.00241712739203794,0.0565673,shared_delay_plus_weighting,scalar_straight_ray_c1500,physical_element_centres
31,0,300031,20,20,CF-DAS,1500.00000003643,20.0000000202594,1454.05529785156,1555.66589355469,999.999999937084,14.9999999410739,0.0353969388664228,0.99810579812681,0.678599068980758,0.733857272794441,0.875241088695152,1.16291512208446,25.5498287029635,284.587398962513,0.00235002788574604,0.000124045661824496,0.0566701,shared_delay_plus_weighting,scalar_straight_ray_c1500,physical_element_centres
31,0,300031,20,20,SCF-DAS,1500.00000003643,20.0000000202594,1454.05529785156,1555.66589355469,999.999999937084,14.9999999410739,0.0353969388664228,0.999704362068071,0.941063282353123,0.336097292727602,0.899691626339076,0.356581949952101,32.3497577452203,386.516034673405,0.00082895687960234,2.00006473696177e-05,0.0751875,shared_delay_plus_weighting,scalar_straight_ray_c1500,physical_element_centres
31,0,300031,20,20,DMAS,1500.00000003643,20.0000000202594,1454.05529785156,1555.66589355469,999.999999937084,14.9999999410739,0.0353969388664228,0.997058787096407,0.840032064320431,0.534280516861825,0.528809849633802,0.739484313223707,21.2375503501679,99.7213150394966,0.00463537659484572,0.000401982832520757,0.0932023,shared_delay_plus_weighting,scalar_straight_ray_c1500,physical_element_centres
31,0,300031,20,20,DS-DMAS,1500.00000003643,20.0000000202594,1454.05529785156,1555.66589355469,999.999999937084,14.9999999410739,0.0353969388664228,0.998810129214801,0.920803562401306,0.37683827209169,0.875563712791007,0.433846892652594,23.7281102802385,127.420622604338,0.00274253495539526,0.000178544574489095,2.2614262,shared_delay_plus_weighting,scalar_straight_ray_c1500,physical_element_centres
31,0,300031,20,20,TR,1500.00000003643,20.0000000202594,1454.05529785156,1555.66589355469,999.999999937084,14.9999999410739,0.0353969388664228,0.77754466221156,0.694303713286996,0.729266376613981,0.65633620906505,2.32233855199741,17.032878156478,1.94689517436211,0.273082695845592,0.038428220472011,32.443409,direct_TR_wall_time,heterogeneous_recorded_c_rho,equivalent_element_centres
31,0,300031,30,30,DAS,1500.00000003643,20.0000000202594,1454.05529785156,1555.66589355469,999.999999937084,14.9999999410739,0.0353969388664228,0.982103448304107,0.673717703498871,0.747145725124351,0.733169208267006,2.32584271390305,17.7114854966225,30.2816304225466,0.0185533158705882,0.00241461149431788,0.0812356,shared_delay_plus_weighting,scalar_straight_ray_c1500,physical_element_centres
31,0,300031,30,30,CF-DAS,1500.00000003643,20.0000000202594,1454.05529785156,1555.66589355469,999.999999937084,14.9999999410739,0.0353969388664228,0.998106836152805,0.678427952449352,0.73402065228132,0.875274310030243,1.16355152945306,25.5464647755259,284.866339377464,0.00234819234323829,0.000123996786128908,0.0813852,shared_delay_plus_weighting,scalar_straight_ray_c1500,physical_element_centres
31,0,300031,30,30,SCF-DAS,1500.00000003643,20.0000000202594,1454.05529785156,1555.66589355469,999.999999937084,14.9999999410739,0.0353969388664228,0.99970544869645,0.942076144396913,0.333192903585026,0.900582631523945,0.353636331549108,32.1587897520431,381.46712546414,0.000832071619473523,2.0522072692637e-05,0.103001,shared_delay_plus_weighting,scalar_straight_ray_c1500,physical_element_centres
31,0,300031,30,30,DMAS,1500.00000003643,20.0000000202594,1454.05529785156,1555.66589355469,999.999999937084,14.9999999410739,0.0353969388664228,0.997050301239864,0.838765472995601,0.535698039291849,0.55314710866939,0.742149178703157,21.2621491172296,100.155356290043,0.0046337988478228,0.000400709576202053,0.1264717,shared_delay_plus_weighting,scalar_straight_ray_c1500,physical_element_centres
31,0,300031,30,30,DS-DMAS,1500.00000003643,20.0000000202594,1454.05529785156,1555.66589355469,999.999999937084,14.9999999410739,0.0353969388664228,0.998806137052245,0.920271660476573,0.378280518777663,0.875954601563056,0.436700430508775,23.63704040928,127.81386694664,0.0027388678218916,0.000180185173876498,2.426655,shared_delay_plus_weighting,scalar_straight_ray_c1500,physical_element_centres
31,0,300031,30,30,TR,1500.00000003643,20.0000000202594,1454.05529785156,1555.66589355469,999.999999937084,14.9999999410739,0.0353969388664228,0.777495064841224,0.694162868831225,0.729409985757631,0.660131348455681,2.32349734030263,17.0356780648746,1.94743802894918,0.273088124585528,0.0384165987654863,28.41126,direct_TR_wall_time,heterogeneous_recorded_c_rho,equivalent_element_centres
32,0,300032,5,5,DAS,1500.00000013908,20.000000244846,1424.61889648438,1537.89562988281,1000.00000009934,14.9999999842358,-0.129336006175644,0.987400245621104,0.708714376711899,0.710369872301089,0.286874789499231,1.92757003007284,17.3939549651414,39.2466569749451,0.0135179064994464,0.00182478494796985,0.0584837,shared_delay_plus_weighting,scalar_straight_ray_c1500,physical_element_centres
32,0,300032,5,5,CF-DAS,1500.00000013908,20.000000244846,1424.61889648438,1537.89562988281,1000.00000009934,14.9999999842358,-0.129336006175644,0.999136946215661,0.739938353227056,0.669834623965105,0.86866935806149,0.921910896239125,27.748625732798,524.016751943786,0.00119087938131305,4.88018728851007e-05,0.0586001,shared_delay_plus_weighting,scalar_straight_ray_c1500,physical_element_centres
32,0,300032,5,5,SCF-DAS,1500.00000013908,20.000000244846,1424.61889648438,1537.89562988281,1000.00000009934,14.9999999842358,-0.129336006175644,0.999857780411745,0.952656155403673,0.302460702405523,0.905950757188156,0.316252780793266,31.1115882724926,649.570572056142,0.000443842824214776,1.23495117940364e-05,0.076519,shared_delay_plus_weighting,scalar_straight_ray_c1500,physical_element_centres
32,0,300032,5,5,DMAS,1500.00000013908,20.000000244846,1424.61889648438,1537.89562988281,1000.00000009934,14.9999999842358,-0.129336006175644,0.998269813384265,0.885832486278974,0.466269011426347,0.422491883137663,0.598829788584301,21.1347028919938,124.043629965901,0.0031938207649437,0.000280269214003469,0.0991725,shared_delay_plus_weighting,scalar_straight_ray_c1500,physical_element_centres
32,0,300032,5,5,DS-DMAS,1500.00000013908,20.000000244846,1424.61889648438,1537.89562988281,1000.00000009934,14.9999999842358,-0.129336006175644,0.999289873908481,0.933669775651318,0.346767348724358,0.881403276451532,0.396523088821614,22.9117688645561,180.179629083935,0.00176460837750845,0.000126200156503876,2.3505606,shared_delay_plus_weighting,scalar_straight_ray_c1500,physical_element_centres
32,0,300032,5,5,TR,1500.00000013908,20.000000244846,1424.61889648438,1537.89562988281,1000.00000009934,14.9999999842358,-0.129336006175644,0.779200357220474,0.698933374032198,0.724481963022894,0.562976430910066,2.31158360204599,16.9239264988213,1.92909229680059,0.272529940088419,0.0388345159062828,27.1688786,direct_TR_wall_time,heterogeneous_recorded_c_rho,equivalent_element_centres
32,0,300032,10,10,DAS,1500.00000013908,20.000000244846,1424.61889648438,1537.89562988281,1000.00000009934,14.9999999842358,-0.129336006175644,0.987401258477734,0.690309326960271,0.729321396763063,0.469561053909449,1.95476068825356,17.9660017824878,41.3068980902765,0.0134854866422779,0.00170438041096159,0.0497178,shared_delay_plus_weighting,scalar_straight_ray_c1500,physical_element_centres
32,0,300032,10,10,CF-DAS,1500.00000013908,20.000000244846,1424.61889648438,1537.89562988281,1000.00000009934,14.9999999842358,-0.129336006175644,0.999130844611356,0.736270087358255,0.673924083949567,0.87586865318528,0.927778811591906,28.095025162441,526.56919132163,0.00119505199678808,4.70582252011141e-05,0.0498362,shared_delay_plus_weighting,scalar_straight_ray_c1500,physical_element_centres
32,0,300032,10,10,SCF-DAS,1500.00000013908,20.000000244846,1424.61889648438,1537.89562988281,1000.00000009934,14.9999999842358,-0.129336006175644,0.999838694715295,0.955105224344603,0.294719669970158,0.906631124969881,0.306627338617618,31.1599457525571,543.691816947934,0.000516563784503743,1.42931077451955e-05,0.0673568,shared_delay_plus_weighting,scalar_straight_ray_c1500,physical_element_centres
32,0,300032,10,10,DMAS,1500.00000013908,20.000000244846,1424.61889648438,1537.89562988281,1000.00000009934,14.9999999842358,-0.129336006175644,0.99826184318888,0.890616553073176,0.456419527985429,0.45032491508744,0.582181090597175,21.108634997714,118.579220944493,0.00327126443504337,0.000287928001063399,0.0861866,shared_delay_plus_weighting,scalar_straight_ray_c1500,physical_element_centres
32,0,300032,10,10,DS-DMAS,1500.00000013908,20.000000244846,1424.61889648438,1537.89562988281,1000.00000009934,14.9999999842358,-0.129336006175644,0.999232733273299,0.934953371663434,0.342380845227942,0.881884363239133,0.393339390185249,22.4983428061513,163.601108311872,0.00191064378392639,0.000143305409811085,2.2575216,shared_delay_plus_weighting,scalar_straight_ray_c1500,physical_element_centres
32,0,300032,10,10,TR,1500.00000013908,20.000000244846,1424.61889648438,1537.89562988281,1000.00000009934,14.9999999842358,-0.129336006175644,0.778418477883925,0.696504467243508,0.727001216395927,0.619714701716912,2.31988388199694,16.9872704529214,1.9395130289943,0.27274453063145,0.0385826921514072,26.7076828,direct_TR_wall_time,heterogeneous_recorded_c_rho,equivalent_element_centres
32,0,300032,15,15,DAS,1500.00000013908,20.000000244846,1424.61889648438,1537.89562988281,1000.00000009934,14.9999999842358,-0.129336006175644,0.987403738522117,0.683779853818493,0.736003627290454,0.604553821451254,1.96553737030763,18.1659264636549,42.0319808406976,0.0134708485064283,0.00166379045663632,0.0438105,shared_delay_plus_weighting,scalar_straight_ray_c1500,physical_element_centres
32,0,300032,15,15,CF-DAS,1500.00000013908,20.000000244846,1424.61889648438,1537.89562988281,1000.00000009934,14.9999999842358,-0.129336006175644,0.999129627357808,0.734921483685818,0.675427848919111,0.877032215879203,0.929750731538092,28.2268674221594,528.112921931606,0.00119534019433071,4.63605043724002e-05,0.0439215,shared_delay_plus_weighting,scalar_straight_ray_c1500,physical_element_centres
32,0,300032,15,15,SCF-DAS,1500.00000013908,20.000000244846,1424.61889648438,1537.89562988281,1000.00000009934,14.9999999842358,-0.129336006175644,0.999833507882349,0.954048853593336,0.298161339826129,0.905580798616766,0.311288178549264,30.6367634921729,538.853960174493,0.000526095604861727,1.54606055121516e-05,0.0618466,shared_delay_plus_weighting,scalar_straight_ray_c1500,physical_element_centres
32,0,300032,15,15,DMAS,1500.00000013908,20.000000244846,1424.61889648438,1537.89562988281,1000.00000009934,14.9999999842358,-0.129336006175644,0.99826679720635,0.893204629770856,0.450955472952775,0.46199290817196,0.574259193594064,21.0302678292717,116.253280680692,0.00329269631522382,0.000292441017435486,0.0801327,shared_delay_plus_weighting,scalar_straight_ray_c1500,physical_element_centres
32,0,300032,15,15,DS-DMAS,1500.00000013908,20.000000244846,1424.61889648438,1537.89562988281,1000.00000009934,14.9999999842358,-0.129336006175644,0.999213966003113,0.935110872022095,0.341379213718595,0.879527266845064,0.393967114876133,22.2638064049864,159.309613535909,0.00195097162790982,0.000150335183989828,2.2314684,shared_delay_plus_weighting,scalar_straight_ray_c1500,physical_element_centres
32,0,300032,15,15,TR,1500.00000013908,20.000000244846,1424.61889648438,1537.89562988281,1000.00000009934,14.9999999842358,-0.129336006175644,0.778083034424902,0.695567776697167,0.727990339208623,0.642735516686377,2.32367652866909,17.0107049540161,1.94309554404569,0.272874888345772,0.0384971273133011,26.4682064,direct_TR_wall_time,heterogeneous_recorded_c_rho,equivalent_element_centres
32,0,300032,20,20,DAS,1500.00000013908,20.000000244846,1424.61889648438,1537.89562988281,1000.00000009934,14.9999999842358,-0.129336006175644,0.987405737301325,0.681548132322857,0.738366171338338,0.668083860815862,1.97008228307869,18.2318124624188,42.2821963732777,0.0134637573943105,0.00165034846772081,0.0501947,shared_delay_plus_weighting,scalar_straight_ray_c1500,physical_element_centres
32,0,300032,20,20,CF-DAS,1500.00000013908,20.000000244846,1424.61889648438,1537.89562988281,1000.00000009934,14.9999999842358,-0.129336006175644,0.999129667960542,0.734394083800006,0.676021658508508,0.877330917677324,0.930423752465446,28.2809677671802,529.028329741221,0.00119483257164076,4.60530782977441e-05,0.0502657,shared_delay_plus_weighting,scalar_straight_ray_c1500,physical_element_centres
32,0,300032,20,20,SCF-DAS,1500.00000013908,20.000000244846,1424.61889648438,1537.89562988281,1000.00000009934,14.9999999842358,-0.129336006175644,0.999831131718339,0.95395667975211,0.298516508007896,0.904883495808228,0.312331887762936,30.3752840290683,532.306811234304,0.000532467794597063,1.61260923991624e-05,0.0665999,shared_delay_plus_weighting,scalar_straight_ray_c1500,physical_element_centres
32,0,300032,20,20,DMAS,1500.00000013908,20.000000244846,1424.61889648438,1537.89562988281,1000.00000009934,14.9999999842358,-0.129336006175644,0.998269637666054,0.894231074950477,0.448568020776414,0.470977957083818,0.570945061245247,20.9895284985342,115.383537808402,0.00329914976555272,0.000294391730159725,0.0848099,shared_delay_plus_weighting,scalar_straight_ray_c1500,physical_element_centres
32,0,300032,20,20,DS-DMAS,1500.00000013908,20.000000244846,1424.61889648438,1537.89562988281,1000.00000009934,14.9999999842358,-0.129336006175644,0.999208302390184,0.935402988088062,0.340387574531306,0.878087165202089,0.393480576471096,22.1730595198282,157.476349278703,0.00196581574557017,0.000153069912279593,2.1026983,shared_delay_plus_weighting,scalar_straight_ray_c1500,physical_element_centres
32,0,300032,20,20,TR,1500.00000013908,20.000000244846,1424.61889648438,1537.89562988281,1000.00000009934,14.9999999842358,-0.129336006175644,0.777927420366982,0.695179389139657,0.728410027568265,0.651161719489045,2.32552890801352,17.0199621753423,1.94438135868805,0.272951259866839,0.0384668828168654,25.7993932,direct_TR_wall_time,heterogeneous_recorded_c_rho,equivalent_element_centres
32,0,300032,30,30,DAS,1500.00000013908,20.000000244846,1424.61889648438,1537.89562988281,1000.00000009934,14.9999999842358,-0.129336006175644,0.987407852267086,0.680497569222095,0.739581234857628,0.699328740574683,1.97315154082107,18.2601303088149,42.4037103328959,0.0134582062216884,0.00164429851027069,0.0547198,shared_delay_plus_weighting,scalar_straight_ray_c1500,physical_element_centres
32,0,300032,30,30,CF-DAS,1500.00000013908,20.000000244846,1424.61889648438,1537.89562988281,1000.00000009934,14.9999999842358,-0.129336006175644,0.999130138290034,0.734070763068876,0.676392678477453,0.877446601721365,0.930754501508706,28.3160918462059,529.860573465972,0.00119398580227681,4.58347186989464e-05,0.0548164,shared_delay_plus_weighting,scalar_straight_ray_c1500,physical_element_centres
32,0,300032,30,30,SCF-DAS,1500.00000013908,20.000000244846,1424.61889648438,1537.89562988281,1000.00000009934,14.9999999842358,-0.129336006175644,0.999830426585534,0.954361593833475,0.297251153831919,0.904861029233897,0.311109633067904,30.1045236943069,525.534289365937,0.000536363381984799,1.6758414801092e-05,0.0725756,shared_delay_plus_weighting,scalar_straight_ray_c1500,physical_element_centres
32,0,300032,30,30,DMAS,1500.00000013908,20.000000244846,1424.61889648438,1537.89562988281,1000.00000009934,14.9999999842358,-0.129336006175644,0.998269515617775,0.89422228091579,0.447436450327276,0.50002683035933,0.569006619480998,21.0014763914547,115.384468164594,0.00330018845213801,0.000294079614718112,0.0908961,shared_delay_plus_weighting,scalar_straight_ray_c1500,physical_element_centres
32,0,300032,30,30,DS-DMAS,1500.00000013908,20.000000244846,1424.61889648438,1537.89562988281,1000.00000009934,14.9999999842358,-0.129336006175644,0.999206593453611,0.935672248804615,0.340054242272884,0.879534148382614,0.393731687357821,22.0984657778564,156.500957437923,0.00197116516684944,0.00015481025538788,2.2106725,shared_delay_plus_weighting,scalar_straight_ray_c1500,physical_element_centres
32,0,300032,30,30,TR,1500.00000013908,20.000000244846,1424.61889648438,1537.89562988281,1000.00000009934,14.9999999842358,-0.129336006175644,0.77781033027364,0.694920966233055,0.728697365844492,0.65533965909575,2.32698878609959,17.0257502064566,1.94507640365608,0.27302016960542,0.0384509630584979,26.5078862,direct_TR_wall_time,heterogeneous_recorded_c_rho,equivalent_element_centres
33,0,300033,5,5,DAS,1500.00000006623,20.0000004017315,1450.78601074219,1559.04748535156,999.999999900659,14.9999999571842,-0.0906622492179495,0.982901712704454,0.68508326480909,0.736609483766031,0.368715486477526,2.30466263700464,17.3638295375636,30.7952771117097,0.0177531909358297,0.0024048331341792,0.0553743,shared_delay_plus_weighting,scalar_straight_ray_c1500,physical_element_centres
33,0,300033,5,5,CF-DAS,1500.00000006623,20.0000004017315,1450.78601074219,1559.04748535156,999.999999900659,14.9999999571842,-0.0906622492179495,0.99836426480506,0.696944664192048,0.716303846042417,0.871852828342906,1.07879935997224,26.093823935,314.152261801808,0.0020968677510754,0.000103963249088576,0.0554767,shared_delay_plus_weighting,scalar_straight_ray_c1500,physical_element_centres
33,0,300033,5,5,SCF-DAS,1500.00000006623,20.0000004017315,1450.78601074219,1559.04748535156,999.999999900659,14.9999999571842,-0.0906622492179495,0.999765370924558,0.942401717180389,0.332352614954131,0.901895082095213,0.349805190407745,34.6064145570911,476.388921629262,0.000670024009414321,1.2467220409194e-05,0.0733777,shared_delay_plus_weighting,scalar_straight_ray_c1500,physical_element_centres
33,0,300033,5,5,DMAS,1500.00000006623,20.0000004017315,1450.78601074219,1559.04748535156,999.999999900659,14.9999999571842,-0.0906622492179495,0.997242294655207,0.834578143160666,0.545397851128468,0.469078547641337,0.744739517972824,21.7817615986103,109.697429545297,0.00434605414469942,0.000354003089836056,0.0910628,shared_delay_plus_weighting,scalar_straight_ray_c1500,physical_element_centres
33,0,300033,5,5,DS-DMAS,1500.00000006623,20.0000004017315,1450.78601074219,1559.04748535156,999.999999900659,14.9999999571842,-0.0906622492179495,0.99899741680324,0.914976652207851,0.39198520711087,0.878012675804973,0.448079576690818,24.8144058652688,161.978120856067,0.00226755915087557,0.000130268175774001,2.2520224,shared_delay_plus_weighting,scalar_straight_ray_c1500,physical_element_centres
33,0,300033,5,5,TR,1500.00000006623,20.0000004017315,1450.78601074219,1559.04748535156,999.999999900659,14.9999999571842,-0.0906622492179495,0.779029800952903,0.699198138749537,0.72427940463985,0.572529398589074,2.30905983921993,16.9018197840871,1.9249385799885,0.272690096301882,0.0389563604980019,29.5324882,direct_TR_wall_time,heterogeneous_recorded_c_rho,equivalent_element_centres
33,0,300033,10,10,DAS,1500.00000006623,20.0000004017315,1450.78601074219,1559.04748535156,999.999999900659,14.9999999571842,-0.0906622492179495,0.982888755558929,0.673545459849713,0.747233629033333,0.542675782129105,2.31620385255416,17.708543354146,31.6960202026444,0.0177558147065649,0.00231160399588547,0.0564793,shared_delay_plus_weighting,scalar_straight_ray_c1500,physical_element_centres
33,0,300033,10,10,CF-DAS,1500.00000006623,20.0000004017315,1450.78601074219,1559.04748535156,999.999999900659,14.9999999571842,-0.0906622492179495,0.99834557170568,0.692571558778127,0.720560865852553,0.875389160714731,1.09003593495458,26.1966996514105,314.275872971162,0.00211045361685814,0.000103404831005509,0.0565822,shared_delay_plus_weighting,scalar_straight_ray_c1500,physical_element_centres
33,0,300033,10,10,SCF-DAS,1500.00000006623,20.0000004017315,1450.78601074219,1559.04748535156,999.999999900659,14.9999999571842,-0.0906622492179495,0.99973833023059,0.939080894919218,0.341493014197562,0.901097864669725,0.361390533425024,34.2473117536886,450.994205905369,0.000726382379054666,1.40863901423402e-05,0.0740035,shared_delay_plus_weighting,scalar_straight_ray_c1500,physical_element_centres
33,0,300033,10,10,DMAS,1500.00000006623,20.0000004017315,1450.78601074219,1559.04748535156,999.999999900659,14.9999999571842,-0.0906622492179495,0.997235856632495,0.840653630654561,0.535640625600144,0.491092794525807,0.724286223593595,21.7915777462465,105.753834723657,0.0044322848881761,0.000360619145428692,0.0933376,shared_delay_plus_weighting,scalar_straight_ray_c1500,physical_element_centres
33,0,300033,10,10,DS-DMAS,1500.00000006623,20.0000004017315,1450.78601074219,1559.04748535156,999.999999900659,14.9999999571842,-0.0906622492179495,0.99893851353059,0.915964129780773,0.388746790952157,0.876458491600423,0.44697544386669,24.348144645005,151.262135073064,0.00240118905894718,0.000145552317115921,2.2441515,shared_delay_plus_weighting,scalar_straight_ray_c1500,physical_element_centres
33,0,300033,10,10,TR,1500.00000006623,20.0000004017315,1450.78601074219,1559.04748535156,999.999999900659,14.9999999571842,-0.0906622492179495,0.778571715914372,0.697345006453446,0.726190543717819,0.63142408791396,2.30886039452209,16.9594397522203,1.93454495619529,0.272762280046652,0.0387090332006458,27.223118,direct_TR_wall_time,heterogeneous_recorded_c_rho,equivalent_element_centres
33,0,300033,15,15,DAS,1500.00000006623,20.0000004017315,1450.78601074219,1559.04748535156,999.999999900659,14.9999999571842,-0.0906622492179495,0.982883492751425,0.669733970622878,0.750626983307082,0.645439747786852,2.31794052452281,17.8258750864976,31.9879805525757,0.0177604168769332,0.00228117919007908,0.055157,shared_delay_plus_weighting,scalar_straight_ray_c1500,physical_element_centres
33,0,300033,15,15,CF-DAS,1500.00000006623,20.0000004017315,1450.78601074219,1559.04748535156,999.999999900659,14.9999999571842,-0.0906622492179495,0.998339313799164,0.690809999546479,0.722264548225717,0.876036935423061,1.09471712770052,26.2317814024454,314.559323730547,0.00211425084440933,0.000103173328724388,0.0552499,shared_delay_plus_weighting,scalar_straight_ray_c1500,physical_element_centres
33,0,300033,15,15,SCF-DAS,1500.00000006623,20.0000004017315,1450.78601074219,1559.04748535156,999.999999900659,14.9999999571842,-0.0906622492179495,0.999733341059669,0.937143390030135,0.346795842272894,0.899175720869845,0.368637106905849,33.4661089805347,456.182070131493,0.0007279205711953,1.54446668148487e-05,0.0728435,shared_delay_plus_weighting,scalar_straight_ray_c1500,physical_element_centres
33,0,300033,15,15,DMAS,1500.00000006623,20.0000004017315,1450.78601074219,1559.04748535156,999.999999900659,14.9999999571842,-0.0906622492179495,0.9972452112284,0.843971152230221,0.530187574382808,0.499348802000695,0.714578733092341,21.7277940784943,104.082568672374,0.00445391991202336,0.000365050291521172,0.0913316,shared_delay_plus_weighting,scalar_straight_ray_c1500,physical_element_centres
33,0,300033,15,15,DS-DMAS,1500.00000006623,20.0000004017315,1450.78601074219,1559.04748535156,999.999999900659,14.9999999571842,-0.0906622492179495,0.998921775983605,0.916400298859993,0.387139852945984,0.872980578403078,0.446588848147213,24.0844899518601,148.165845274517,0.00243670509154414,0.000152257422372631,2.263731,shared_delay_plus_weighting,scalar_straight_ray_c1500,physical_element_centres
33,0,300033,15,15,TR,1500.00000006623,20.0000004017315,1450.78601074219,1559.04748535156,999.999999900659,14.9999999571842,-0.0906622492179495,0.778424241823377,0.696755817455345,0.726815815668714,0.653956877130975,2.30779462597649,16.979092870559,1.9375590891729,0.272813540991616,0.0386288055135733,27.2149451,direct_TR_wall_time,heterogeneous_recorded_c_rho,equivalent_element_centres
33,0,300033,20,20,DAS,1500.00000006623,20.0000004017315,1450.78601074219,1559.04748535156,999.999999900659,14.9999999571842,-0.0906622492179495,0.982881173166299,0.66852155892234,0.751674115298014,0.68783554384138,2.31739614242006,17.8649842460219,32.0792362641216,0.017763992897209,0.00227138826947412,0.0547094,shared_delay_plus_weighting,scalar_straight_ray_c1500,physical_element_centres
33,0,300033,20,20,CF-DAS,1500.00000006623,20.0000004017315,1450.78601074219,1559.04748535156,999.999999900659,14.9999999571842,-0.0906622492179495,0.998337192498075,0.690052562413522,0.722995575708503,0.876182500122349,1.0967901228,26.2443291653311,314.787255032199,0.00211514380805095,0.000103067903462335,0.0548138,shared_delay_plus_weighting,scalar_straight_ray_c1500,physical_element_centres
33,0,300033,20,20,SCF-DAS,1500.00000006623,20.0000004017315,1450.78601074219,1559.04748535156,999.999999900659,14.9999999571842,-0.0906622492179495,0.999726232157633,0.936748951030344,0.347822838669786,0.898907939470357,0.36990819488,33.5161609696834,447.025243195837,0.000745046469819702,1.57172048215707e-05,0.0725187,shared_delay_plus_weighting,scalar_straight_ray_c1500,physical_element_centres
33,0,300033,20,20,DMAS,1500.00000006623,20.0000004017315,1450.78601074219,1559.04748535156,999.999999900659,14.9999999571842,-0.0906622492179495,0.997246837502244,0.844955172849632,0.528447716260327,0.506237612560484,0.711184189356489,21.7179203563328,103.539769235308,0.00446330720031757,0.000366235771997617,0.0908728,shared_delay_plus_weighting,scalar_straight_ray_c1500,physical_element_centres
33,0,300033,20,20,DS-DMAS,1500.00000006623,20.0000004017315,1450.78601074219,1559.04748535156,999.999999900659,14.9999999571842,-0.0906622492179495,0.998914754097484,0.916777083545025,0.386074599989037,0.871391619004858,0.445518051885226,24.0110734736173,146.567616073784,0.00245562377566793,0.000154741982270856,2.2452899,shared_delay_plus_weighting,scalar_straight_ray_c1500,physical_element_centres
33,0,300033,20,20,TR,1500.00000006623,20.0000004017315,1450.78601074219,1559.04748535156,999.999999900659,14.9999999571842,-0.0906622492179495,0.778376162269451,0.696569953981559,0.727023987507299,0.661425940835897,2.30689528807525,16.9860456373801,1.93848978014228,0.272845731125858,0.0386024510953544,27.3195076,direct_TR_wall_time,heterogeneous_recorded_c_rho,equivalent_element_centres
33,0,300033,30,30,DAS,1500.00000006623,20.0000004017315,1450.78601074219,1559.04748535156,999.999999900659,14.9999999571842,-0.0906622492179495,0.98287951539825,0.668026915967446,0.752073611468251,0.70728969381922,2.31601572208872,17.8827971375032,32.1150658866296,0.0177677212083605,0.00226721065668691,0.044238,shared_delay_plus_weighting,scalar_straight_ray_c1500,physical_element_centres
33,0,300033,30,30,CF-DAS,1500.00000006623,20.0000004017315,1450.78601074219,1559.04748535156,999.999999900659,14.9999999571842,-0.0906622492179495,0.998336168424082,0.689529280146315,0.723500468666102,0.876205573439168,1.09826845903714,26.251005662568,315.027605782595,0.0021151876734552,0.00010299084556801,0.0443435,shared_delay_plus_weighting,scalar_straight_ray_c1500,physical_element_centres
33,0,300033,30,30,SCF-DAS,1500.00000006623,20.0000004017315,1450.78601074219,1559.04748535156,999.999999900659,14.9999999571842,-0.0906622492179495,0.999724573297232,0.937568476377294,0.345513766876768,0.900018038159046,0.36714007626944,33.5790457462741,438.752456677221,0.000754264131918727,1.57968745254263e-05,0.062514,shared_delay_plus_weighting,scalar_straight_ray_c1500,physical_element_centres
33,0,300033,30,30,DMAS,1500.00000006623,20.0000004017315,1450.78601074219,1559.04748535156,999.999999900659,14.9999999571842,-0.0906622492179495,0.997238939731375,0.843856080696272,0.529607152070503,0.529900331297448,0.712444519789163,21.7691164135659,103.915777276118,0.00446636276023156,0.000364332717470834,0.0814068,shared_delay_plus_weighting,scalar_straight_ray_c1500,physical_element_centres
33,0,300033,30,30,DS-DMAS,1500.00000006623,20.0000004017315,1450.78601074219,1559.04748535156,999.999999900659,14.9999999571842,-0.0906622492179495,0.998909780638302,0.916792226502023,0.386295522587762,0.871934469648052,0.446115248339883,23.9823146636826,145.871576405991,0.00246622468040344,0.000155925414204507,2.2426645,shared_delay_plus_weighting,scalar_straight_ray_c1500,physical_element_centres
33,0,300033,30,30,TR,1500.00000006623,20.0000004017315,1450.78601074219,1559.04748535156,999.999999900659,14.9999999571842,-0.0906622492179495,0.778354639189746,0.696493531895845,0.727121381440702,0.664344707977002,2.30592765454482,16.9897048197745,1.93885161476433,0.272876005181507,0.0385904735162865,27.2033418,direct_TR_wall_time,heterogeneous_recorded_c_rho,equivalent_element_centres
34,0,300034,5,5,DAS,1499.99999984105,19.9999997926211,1451.61315917969,1542.85266113281,999.999999991722,14.9999998172192,0.281085512105313,0.985328279568879,0.69091612729089,0.731157453332043,0.326451628156562,2.16264408141798,17.4475689110748,35.3780044188038,0.0153867245422678,0.00206427585786648,0.0531453,shared_delay_plus_weighting,scalar_straight_ray_c1500,physical_element_centres
34,0,300034,5,5,CF-DAS,1499.99999984105,19.9999997926211,1451.61315917969,1542.85266113281,999.999999991722,14.9999998172192,0.281085512105313,0.998840542366074,0.713379701614323,0.699145253203555,0.87094185202315,1.01542288900425,26.6541470913851,423.296062209853,0.00152437802679524,7.08574184167456e-05,0.0532665,shared_delay_plus_weighting,scalar_straight_ray_c1500,physical_element_centres
34,0,300034,5,5,SCF-DAS,1499.99999984105,19.9999997926211,1451.61315917969,1542.85266113281,999.999999991722,14.9999998172192,0.281085512105313,0.999813999811698,0.94914590466342,0.312847673659756,0.905780372721384,0.327246707548136,32.6637035595461,532.462812409757,0.000562558811781991,1.30912993522871e-05,0.0705265,shared_delay_plus_weighting,scalar_straight_ray_c1500,physical_element_centres
34,0,300034,5,5,DMAS,1499.99999984105,19.9999997926211,1451.61315917969,1542.85266113281,999.999999991722,14.9999998172192,0.281085512105313,0.997821384014101,0.859727843352511,0.508836980780228,0.442071587704572,0.669162119445327,21.6900119454494,119.368728859707,0.00369396992325276,0.000304083431673979,0.090137,shared_delay_plus_weighting,scalar_straight_ray_c1500,physical_element_centres
34,0,300034,5,5,DS-DMAS,1499.99999984105,19.9999997926211,1451.61315917969,1542.85266113281,999.999999991722,14.9999998172192,0.281085512105313,0.99916920899037,0.926915933594492,0.364128174912319,0.881287758019283,0.41337353458344,23.8115855565977,169.078319351245,0.00199706667971061,0.000128769582573738,2.2532237,shared_delay_plus_weighting,scalar_straight_ray_c1500,physical_element_centres
34,0,300034,5,5,TR,1499.99999984105,19.9999997926211,1451.61315917969,1542.85266113281,999.999999991722,14.9999998172192,0.281085512105313,0.777712406609239,0.697201686198526,0.726705941241924,0.569401776179089,2.32506534938246,16.9467752348032,1.925638976209,0.273849118914263,0.0389199780104045,26.9952654,direct_TR_wall_time,heterogeneous_recorded_c_rho,equivalent_element_centres
34,0,300034,10,10,DAS,1499.99999984105,19.9999997926211,1451.61315917969,1542.85266113281,999.999999991722,14.9999998172192,0.281085512105313,0.98531385535827,0.675188742571108,0.745650100922684,0.510911784333802,2.18587497748832,17.9141215039056,36.8170868663133,0.0153761871078959,0.00195498117558211,0.0535723,shared_delay_plus_weighting,scalar_straight_ray_c1500,physical_element_centres
34,0,300034,10,10,CF-DAS,1499.99999984105,19.9999997926211,1451.61315917969,1542.85266113281,999.999999991722,14.9999998172192,0.281085512105313,0.998824780776224,0.711513223259339,0.701015895530863,0.876645093793728,1.0168093308796,26.8852611973243,419.879895738507,0.00154392294513558,6.98815552218426e-05,0.0536509,shared_delay_plus_weighting,scalar_straight_ray_c1500,physical_element_centres
34,0,300034,10,10,SCF-DAS,1499.99999984105,19.9999997926211,1451.61315917969,1542.85266113281,999.999999991722,14.9999998172192,0.281085512105313,0.999783366865286,0.948714302221332,0.314111107287288,0.905843190174382,0.329121172297495,32.665459508214,460.887782224331,0.000652313486493504,1.5176910818969e-05,0.0712259,shared_delay_plus_weighting,scalar_straight_ray_c1500,physical_element_centres
34,0,300034,10,10,DMAS,1499.99999984105,19.9999997926211,1451.61315917969,1542.85266113281,999.999999991722,14.9999998172192,0.281085512105313,0.99779767469228,0.866366472705385,0.496937253094561,0.473262286934389,0.64627732789084,21.7560081921007,112.870707402402,0.00382403283047568,0.000312407320940583,0.0898373,shared_delay_plus_weighting,scalar_straight_ray_c1500,physical_element_centres
34,0,300034,10,10,DS-DMAS,1499.99999984105,19.9999997926211,1451.61315917969,1542.85266113281,999.999999991722,14.9999998172192,0.281085512105313,0.999095011487713,0.92787882885496,0.360731160611116,0.881094627953508,0.411402817336383,23.4762989845818,153.206195349949,0.00217870612378136,0.00014601037113382,2.2448891,shared_delay_plus_weighting,scalar_straight_ray_c1500,physical_element_centres
34,0,300034,10,10,TR,1499.99999984105,19.9999997926211,1451.61315917969,1542.85266113281,999.999999991722,14.9999998172192,0.281085512105313,0.777438237631996,0.695882800803906,0.727904219746741,0.627375234881088,2.32354625693544,16.9904619809907,1.93302888550663,0.273861016380815,0.0387263990775817,27.0263049,direct_TR_wall_time,heterogeneous_recorded_c_rho,equivalent_element_centres
34,0,300034,15,15,DAS,1499.99999984105,19.9999997926211,1451.61315917969,1542.85266113281,999.999999991722,14.9999998172192,0.281085512105313,0.985307721518243,0.669700327772097,0.7504746243312,0.635088131111786,2.19388510554649,18.0766415484146,37.3078233584678,0.0153737001030374,0.0019184316359131,0.0437722,shared_delay_plus_weighting,scalar_straight_ray_c1500,physical_element_centres
34,0,300034,15,15,CF-DAS,1499.99999984105,19.9999997926211,1451.61315917969,1542.85266113281,999.999999991722,14.9999998172192,0.281085512105313,0.998818789440293,0.711332855406796,0.701188457753046,0.877806676192461,1.01571212163435,26.977820124239,417.966286220822,0.00155263470960943,6.95309694236871e-05,0.0438652,shared_delay_plus_weighting,scalar_straight_ray_c1500,physical_element_centres
34,0,300034,15,15,SCF-DAS,1499.99999984105,19.9999997926211,1451.61315917969,1542.85266113281,999.999999991722,14.9999998172192,0.281085512105313,0.999770459708696,0.947627664648069,0.31733297891028,0.905035904744491,0.332941361078621,32.4909425389943,443.924755702047,0.000683751156182616,1.62312118704893e-05,0.0617729,shared_delay_plus_weighting,scalar_straight_ray_c1500,physical_element_centres
34,0,300034,15,15,DMAS,1499.99999984105,19.9999997926211,1451.61315917969,1542.85266113281,999.999999991722,14.9999998172192,0.281085512105313,0.997794038648007,0.869765270094389,0.490766071971767,0.484020544735955,0.635342218341712,21.7493260275671,110.006115694381,0.00387587859608155,0.000316886591983226,0.0808203,shared_delay_plus_weighting,scalar_straight_ray_c1500,physical_element_centres
34,0,300034,15,15,DS-DMAS,1499.99999984105,19.9999997926211,1451.61315917969,1542.85266113281,999.999999991722,14.9999998172192,0.281085512105313,0.999068455986788,0.928200593264383,0.359339736586418,0.878526846701374,0.410784072837259,23.3292965138369,148.184971421372,0.00224213137513746,0.000152825642501367,2.2548255,shared_delay_plus_weighting,scalar_straight_ray_c1500,physical_element_centres
34,0,300034,15,15,TR,1499.99999984105,19.9999997926211,1451.61315917969,1542.85266113281,999.999999991722,14.9999998172192,0.281085512105313,0.777397066345608,0.695608935552993,0.7281171239378,0.649695426933069,2.32170739619103,17.0018535850753,1.93474160149959,0.273878597691008,0.038678125325746,27.028218,direct_TR_wall_time,heterogeneous_recorded_c_rho,equivalent_element_centres
34,0,300034,20,20,DAS,1499.99999984105,19.9999997926211,1451.61315917969,1542.85266113281,999.999999991722,14.9999998172192,0.281085512105313,0.985304897552814,0.667830814648689,0.752052644686592,0.69065389328876,2.19672198664166,18.1314042889559,37.4720608860525,0.0153733897143967,0.00190633588091989,0.0490645,shared_delay_plus_weighting,scalar_straight_ray_c1500,physical_element_centres
34,0,300034,20,20,CF-DAS,1499.99999984105,19.9999997926211,1451.61315917969,1542.85266113281,999.999999991722,14.9999998172192,0.281085512105313,0.998816384382506,0.71150742694608,0.70100714377441,0.878169402575483,1.01449432077465,27.0180471222919,416.906500788986,0.00155675791303616,6.93934893356988e-05,0.0491728,shared_delay_plus_weighting,scalar_straight_ray_c1500,physical_element_centres
34,0,300034,20,20,SCF-DAS,1499.99999984105,19.9999997926211,1451.61315917969,1542.85266113281,999.999999991722,14.9999998172192,0.281085512105313,0.999767025586095,0.946973322352816,0.319260148123159,0.904409291472677,0.335577223346668,32.2976557527279,442.696405240507,0.000689299082955923,1.67311161078367e-05,0.0674017,shared_delay_plus_weighting,scalar_straight_ray_c1500,physical_element_centres
34,0,300034,20,20,DMAS,1499.99999984105,19.9999997926211,1451.61315917969,1542.85266113281,999.999999991722,14.9999998172192,0.281085512105313,0.997793123390631,0.870991642243064,0.488356370402162,0.491952103963011,0.631247886561846,21.7401625093902,108.991898103532,0.00389387307212352,0.000318693837214526,0.0858044,shared_delay_plus_weighting,scalar_straight_ray_c1500,physical_element_centres
34,0,300034,20,20,DS-DMAS,1499.99999984105,19.9999997926211,1451.61315917969,1542.85266113281,999.999999991722,14.9999998172192,0.281085512105313,0.999060374198595,0.928454233342976,0.35845539925099,0.876887532101484,0.410196874700287,23.2544270338537,146.405266147389,0.00226252670657527,0.000155550840665579,2.2388724,shared_delay_plus_weighting,scalar_straight_ray_c1500,physical_element_centres
34,0,300034,20,20,TR,1499.99999984105,19.9999997926211,1451.61315917969,1542.85266113281,999.999999991722,14.9999998172192,0.281085512105313,0.777409676583909,0.695604317741106,0.728090200970548,0.657299080257701,2.32036363008828,17.0040469888285,1.93492573111884,0.27389191882413,0.0386702401511796,27.1858686,direct_TR_wall_time,heterogeneous_recorded_c_rho,equivalent_element_centres
34,0,300034,30,30,DAS,1499.99999984105,19.9999997926211,1451.61315917969,1542.85266113281,999.999999991722,14.9999998172192,0.281085512105313,0.985302788019097,0.66694635452527,0.752746873764861,0.717469528742529,2.19820798883404,18.156585997431,37.5475837039181,0.0153737635044712,0.00190086334508501,0.0656932,shared_delay_plus_weighting,scalar_straight_ray_c1500,physical_element_centres
34,0,300034,30,30,CF-DAS,1499.99999984105,19.9999997926211,1451.61315917969,1542.85266113281,999.999999991722,14.9999998172192,0.281085512105313,0.998814857936893,0.711824357452048,0.700682708017324,0.878357737804979,1.01307011759924,27.0461888610472,415.988350737793,0.00155990358475844,6.9308789377736e-05,0.0658122,shared_delay_plus_weighting,scalar_straight_ray_c1500,physical_element_centres
34,0,300034,30,30,SCF-DAS,1499.99999984105,19.9999997926211,1451.61315917969,1542.85266113281,999.999999991722,14.9999998172192,0.281085512105313,0.999763662269027,0.945816722109365,0.322559774227005,0.904561544867037,0.33964906917581,32.2383235753855,445.654133401054,0.000691660380335392,1.69035032083254e-05,0.0855979,shared_delay_plus_weighting,scalar_straight_ray_c1500,physical_element_centres
34,0,300034,30,30,DMAS,1499.99999984105,19.9999997926211,1451.61315917969,1542.85266113281,999.999999991722,14.9999998172192,0.281085512105313,0.997783590614802,0.870468307622798,0.488403340685231,0.519589827625726,0.630633684152689,21.793772560474,108.93312915763,0.00390758965194356,0.000317848614594191,0.1071075,shared_delay_plus_weighting,scalar_straight_ray_c1500,physical_element_centres
34,0,300034,30,30,DS-DMAS,1499.99999984105,19.9999997926211,1451.61315917969,1542.85266113281,999.999999991722,14.9999998172192,0.281085512105313,0.999053497330651,0.928304624390574,0.35916297629163,0.87831643858349,0.411593924081082,23.2190870238762,145.632025424581,0.00227539778433843,0.000157073521202918,2.5706407,shared_delay_plus_weighting,scalar_straight_ray_c1500,physical_element_centres
34,0,300034,30,30,TR,1499.99999984105,19.9999997926211,1451.61315917969,1542.85266113281,999.999999991722,14.9999998172192,0.281085512105313,0.77744198732549,0.695689088964171,0.72797938793493,0.660434466888709,2.31900011235773,17.0034670671479,1.93462417510306,0.273905667491043,0.0386747633685088,26.9580311,direct_TR_wall_time,heterogeneous_recorded_c_rho,equivalent_element_centres
35,0,300035,5,5,DAS,1500.00000032451,20.0000002825896,1448.06103515625,1549.728515625,1000.0000001308,15.0000000637232,0.0883380889756303,0.981972297019253,0.69066230367264,0.729247451260876,0.401090711857183,2.21795944074107,17.3303485454653,28.7651329051694,0.018826355300322,0.00256005221544186,0.0617768,shared_delay_plus_weighting,scalar_straight_ray_c1500,physical_element_centres
35,0,300035,5,5,CF-DAS,1500.00000032451,20.0000002825896,1448.06103515625,1549.728515625,1000.0000001308,15.0000000637232,0.0883380889756303,0.998105681463648,0.697297020413373,0.715897766872351,0.870987528077048,1.09363955092546,25.6300385516031,270.976097823169,0.00241749950047913,0.000126434171030625,0.0618823,shared_delay_plus_weighting,scalar_straight_ray_c1500,physical_element_centres
35,0,300035,5,5,SCF-DAS,1500.00000032451,20.0000002825896,1448.06103515625,1549.728515625,1000.0000001308,15.0000000637232,0.0883380889756303,0.999707083181618,0.947301830185261,0.318330402039339,0.904615428952364,0.334948835041013,32.6773154173452,349.886383251169,0.000871460193276296,2.02479837329304e-05,0.0815144,shared_delay_plus_weighting,scalar_straight_ray_c1500,physical_element_centres
35,0,300035,5,5,DMAS,1500.00000032451,20.0000002825896,1448.06103515625,1549.728515625,1000.0000001308,15.0000000637232,0.0883380889756303,0.996846108389379,0.831187269590931,0.548869181257678,0.506961775183503,0.761147501219636,21.4672023562777,97.666929646936,0.00489319431407033,0.000413268538716386,0.1025268,shared_delay_plus_weighting,scalar_straight_ray_c1500,physical_element_centres
35,0,300035,5,5,DS-DMAS,1500.00000032451,20.0000002825896,1448.06103515625,1549.728515625,1000.0000001308,15.0000000637232,0.0883380889756303,0.998853393067661,0.917227487815087,0.386917817163843,0.883221100725041,0.444657993610671,24.1684368372996,137.980483537871,0.00260980267902648,0.000161504947428422,2.6803459,shared_delay_plus_weighting,scalar_straight_ray_c1500,physical_element_centres
35,0,300035,5,5,TR,1500.00000032451,20.0000002825896,1448.06103515625,1549.728515625,1000.0000001308,15.0000000637232,0.0883380889756303,0.78098253012036,0.701358817636829,0.722848973376092,0.570189868681861,2.29435865342655,16.8829481736408,1.9304005115656,0.270853309231933,0.0387781188528242,27.3736217,direct_TR_wall_time,heterogeneous_recorded_c_rho,equivalent_element_centres
35,0,300035,10,10,DAS,1500.00000032451,20.0000002825896,1448.06103515625,1549.728515625,1000.0000001308,15.0000000637232,0.0883380889756303,0.981945510721445,0.680547631537613,0.739559393022781,0.57223962038338,2.23545907644191,17.622500240764,29.4975106193307,0.0188288501584423,0.00247570439279717,0.0626489,shared_delay_plus_weighting,scalar_straight_ray_c1500,physical_element_centres
35,0,300035,10,10,CF-DAS,1500.00000032451,20.0000002825896,1448.06103515625,1549.728515625,1000.0000001308,15.0000000637232,0.0883380889756303,0.998079963341073,0.695557002747716,0.71762261326979,0.873877553401666,1.09555052266677,25.7523804059855,268.60668672132,0.00244697468746855,0.000126185791610201,0.0627858,shared_delay_plus_weighting,scalar_straight_ray_c1500,physical_element_centres
35,0,300035,10,10,SCF-DAS,1500.00000032451,20.0000002825896,1448.06103515625,1549.728515625,1000.0000001308,15.0000000637232,0.0883380889756303,0.999660567431378,0.945014569398621,0.324985766354515,0.904339404469732,0.343328711992821,32.1880819260446,314.62988788464,0.000987857325325187,2.42823172190781e-05,0.0795873,shared_delay_plus_weighting,scalar_straight_ray_c1500,physical_element_centres
35,0,300035,10,10,DMAS,1500.00000032451,20.0000002825896,1448.06103515625,1549.728515625,1000.0000001308,15.0000000637232,0.0883380889756303,0.996808360033809,0.838453608221126,0.537339492342666,0.534061115209347,0.736779469495844,21.4379629998744,92.7002371481317,0.0050480143030615,0.000427781921381332,0.0991495,shared_delay_plus_weighting,scalar_straight_ray_c1500,physical_element_centres
35,0,300035,10,10,DS-DMAS,1500.00000032451,20.0000002825896,1448.06103515625,1549.728515625,1000.0000001308,15.0000000637232,0.0883380889756303,0.99875601617031,0.918503618746713,0.38313862370014,0.882219618558526,0.442437948306826,23.7283761186095,125.262020011284,0.00283519559459266,0.000184571320544006,2.2660613,shared_delay_plus_weighting,scalar_straight_ray_c1500,physical_element_centres
35,0,300035,10,10,TR,1500.00000032451,20.0000002825896,1448.06103515625,1549.728515625,1000.0000001308,15.0000000637232,0.0883380889756303,0.780337285598384,0.699010187477389,0.724990377985082,0.628390276682042,2.30068972467321,16.9447676189911,1.94190383415127,0.270873433832988,0.0385059668257408,27.6979916,direct_TR_wall_time,heterogeneous_recorded_c_rho,equivalent_element_centres
35,0,300035,15,15,DAS,1500.00000032451,20.0000002825896,1448.06103515625,1549.728515625,1000.0000001308,15.0000000637232,0.0883380889756303,0.981932472850278,0.677187467589453,0.743096143001045,0.667252515340017,2.24172218682514,17.7181340808423,29.7309345825129,0.018832875065891,0.00244911919064309,0.0515189,shared_delay_plus_weighting,scalar_straight_ray_c1500,physical_element_centres
35,0,300035,15,15,CF-DAS,1500.00000032451,20.0000002825896,1448.06103515625,1549.728515625,1000.0000001308,15.0000000637232,0.0883380889756303,0.998070671774085,0.695172561651083,0.718004106876098,0.874366852200106,1.09516883223189,25.8020567589482,267.589303747809,0.00245850619651114,0.000126057435980676,0.0516395,shared_delay_plus_weighting,scalar_straight_ray_c1500,physical_element_centres
35,0,300035,15,15,SCF-DAS,1500.00000032451,20.0000002825896,1448.06103515625,1549.728515625,1000.0000001308,15.0000000637232,0.0883380889756303,0.999641823160963,0.945247141460329,0.324402641828766,0.903650479724991,0.34269154769521,31.9804758195399,296.913471772711,0.00104375829473395,2.6277022253481e-05,0.0693829,shared_delay_plus_weighting,scalar_straight_ray_c1500,physical_element_centres
35,0,300035,15,15,DMAS,1500.00000032451,20.0000002825896,1448.06103515625,1549.728515625,1000.0000001308,15.0000000637232,0.0883380889756303,0.996805522817011,0.842505067558526,0.530744561369036,0.545115692561444,0.724236384078343,21.3842979359591,90.4822032530193,0.0051049494973094,0.000435287858184259,0.0880613,shared_delay_plus_weighting,scalar_straight_ray_c1500,physical_element_centres
35,0,300035,15,15,DS-DMAS,1500.00000032451,20.0000002825896,1448.06103515625,1549.728515625,1000.0000001308,15.0000000637232,0.0883380889756303,0.998720141170028,0.919289720889607,0.38081352784926,0.879607572255854,0.440435900442105,23.5588017729783,120.609402175421,0.0029229840626552,0.000194037807508285,2.3019368,shared_delay_plus_weighting,scalar_straight_ray_c1500,physical_element_centres
35,0,300035,15,15,TR,1500.00000032451,20.0000002825896,1448.06103515625,1549.728515625,1000.0000001308,15.0000000637232,0.0883380889756303,0.780084533934072,0.698142164720685,0.72574061013436,0.651642791714326,2.30329342146013,16.9666596046697,1.94595010786047,0.27089581579685,0.0384122119753519,26.3391323,direct_TR_wall_time,heterogeneous_recorded_c_rho,equivalent_element_centres
35,0,300035,20,20,DAS,1500.00000032451,20.0000002825896,1448.06103515625,1549.728515625,1000.0000001308,15.0000000637232,0.0883380889756303,0.981925781566919,0.676097050480639,0.744335078494545,0.705230374965492,2.24408412614531,17.7482510062493,29.8022506167614,0.0188359670564823,0.00244104267471096,0.0563411,shared_delay_plus_weighting,scalar_straight_ray_c1500,physical_element_centres
35,0,300035,20,20,CF-DAS,1500.00000032451,20.0000002825896,1448.06103515625,1549.728515625,1000.0000001308,15.0000000637232,0.0883380889756303,0.998067155076971,0.695146870931554,0.71803144320699,0.874452224992891,1.09448477693543,25.8240177753687,267.120496278458,0.00246332841755053,0.000125985750734791,0.0564493,shared_delay_plus_weighting,scalar_straight_ray_c1500,physical_element_centres
35,0,300035,20,20,SCF-DAS,1500.00000032451,20.0000002825896,1448.06103515625,1549.728515625,1000.0000001308,15.0000000637232,0.0883380889756303,0.999632595172566,0.944897619969604,0.325460720305608,0.903454933401893,0.343647180524543,31.8555376832543,291.243206894402,0.00106701806887733,2.72517809651368e-05,0.073527,shared_delay_plus_weighting,scalar_straight_ray_c1500,physical_element_centres
35,0,300035,20,20,DMAS,1500.00000032451,20.0000002825896,1448.06103515625,1549.728515625,1000.0000001308,15.0000000637232,0.0883380889756303,0.996801664690081,0.843791216314935,0.528497158538087,0.553882171236818,0.719769840981336,21.3695462171062,89.6934021698193,0.0051287595498649,0.000438061441353891,0.0912298,shared_delay_plus_weighting,scalar_straight_ray_c1500,physical_element_centres
35,0,300035,20,20,DS-DMAS,1500.00000032451,20.0000002825896,1448.06103515625,1549.728515625,1000.0000001308,15.0000000637232,0.0883380889756303,0.998705831646326,0.919631051241179,0.37979913290922,0.877998135011764,0.439662992874338,23.4483547199313,118.78578678582,0.00295684708025803,0.000198797596151948,2.1768229,shared_delay_plus_weighting,scalar_straight_ray_c1500,physical_element_centres
35,0,300035,20,20,TR,1500.00000032451,20.0000002825896,1448.06103515625,1549.728515625,1000.0000001308,15.0000000637232,0.0883380889756303,0.779977276053631,0.697800188774191,0.726017346012418,0.659841660646329,2.30445106465924,16.9748217426859,1.94744798034768,0.270911888035141,0.0383784097953782,26.2935961,direct_TR_wall_time,heterogeneous_recorded_c_rho,equivalent_element_centres
35,0,300035,30,30,DAS,1500.00000032451,20.0000002825896,1448.06103515625,1549.728515625,1000.0000001308,15.0000000637232,0.0883380889756303,0.981920283293228,0.675626599309248,0.744971215356561,0.722448178299361,2.24546430780089,17.7602560708578,29.8286184292863,0.0188391755405357,0.00243808638520412,0.0580365,shared_delay_plus_weighting,scalar_straight_ray_c1500,physical_element_centres
35,0,300035,30,30,CF-DAS,1500.00000032451,20.0000002825896,1448.06103515625,1549.728515625,1000.0000001308,15.0000000637232,0.0883380889756303,0.99806509561348,0.695237944083,0.717944315225413,0.874434799357474,1.09360543188056,25.8397153951451,266.770414306586,0.00246656248557916,0.000125923374144883,0.058132,shared_delay_plus_weighting,scalar_straight_ray_c1500,physical_element_centres
35,0,300035,30,30,SCF-DAS,1500.00000032451,20.0000002825896,1448.06103515625,1549.728515625,1000.0000001308,15.0000000637232,0.0883380889756303,0.999621244416626,0.945219817048095,0.32442869897263,0.903960085321082,0.342083140214936,32.065953915418,280.893458638182,0.00110379283637113,2.75162898393572e-05,0.0754606,shared_delay_plus_weighting,scalar_straight_ray_c1500,physical_element_centres
35,0,300035,30,30,DMAS,1500.00000032451,20.0000002825896,1448.06103515625,1549.728515625,1000.0000001308,15.0000000637232,0.0883380889756303,0.996784760838266,0.842884030386962,0.529353016383424,0.580159570033401,0.720269328927136,21.4141495311864,89.6966277565962,0.00514753560828853,0.000437413198193416,0.0947048,shared_delay_plus_weighting,scalar_straight_ray_c1500,physical_element_centres
35,0,300035,30,30,DS-DMAS,1500.00000032451,20.0000002825896,1448.06103515625,1549.728515625,1000.0000001308,15.0000000637232,0.0883380889756303,0.998690767963812,0.9191512916959,0.381211592420178,0.878884967220372,0.441554333209185,23.4514678333424,118.0884186475,0.00298301088693495,0.000200484797729219,2.2561869,shared_delay_plus_weighting,scalar_straight_ray_c1500,physical_element_centres
35,0,300035,30,30,TR,1500.00000032451,20.0000002825896,1448.06103515625,1549.728515625,1000.0000001308,15.0000000637232,0.0883380889756303,0.779903748075869,0.697587225575506,0.726173938255593,0.663556775889879,2.30528550665547,16.9795102794085,1.94829953294843,0.270928094098156,0.038359993764213,26.9096206,direct_TR_wall_time,heterogeneous_recorded_c_rho,equivalent_element_centres
36,0,300036,5,5,DAS,1500.00000012914,19.9999997605911,1449.48974609375,1569.88049316406,999.999999935428,14.9999999207225,-0.104748253210202,0.981376357775316,0.692924438466599,0.731363145970813,0.410600109420453,2.3349735059455,17.0886871967627,27.6669202251902,0.0192899058622694,0.00269709192263989,0.0610869,shared_delay_plus_weighting,scalar_straight_ray_c1500,physical_element_centres
36,0,300036,5,5,CF-DAS,1500.00000012914,19.9999997605911,1449.48974609375,1569.88049316406,999.999999935428,14.9999999207225,-0.104748253210202,0.99805329677363,0.649098321336626,0.760957785268795,0.867468760737375,1.31425568918176,24.3800807175492,297.045881534062,0.00229900322278045,0.000138846694231245,0.0611953,shared_delay_plus_weighting,scalar_straight_ray_c1500,physical_element_centres
36,0,300036,5,5,SCF-DAS,1500.00000012914,19.9999997605911,1449.48974609375,1569.88049316406,999.999999935428,14.9999999207225,-0.104748253210202,0.999794852620659,0.945031509374908,0.325794246587799,0.896469095869674,0.345349197806602,30.2188808331804,520.717067854486,0.000591156655338351,1.82288193752262e-05,0.0788925,shared_delay_plus_weighting,scalar_straight_ray_c1500,physical_element_centres
36,0,300036,5,5,DMAS,1500.00000012914,19.9999997605911,1449.48974609375,1569.88049316406,999.999999935428,14.9999999207225,-0.104748253210202,0.99706026363622,0.814717278883073,0.571309403859789,0.466911156518586,0.86177464467511,20.1167159236757,114.042323118145,0.00420635808170339,0.000415021355636344,0.0966109,shared_delay_plus_weighting,scalar_straight_ray_c1500,physical_element_centres
36,0,300036,5,5,DS-DMAS,1500.00000012914,19.9999997605911,1449.48974609375,1569.88049316406,999.999999935428,14.9999999207225,-0.104748253210202,0.999047535297946,0.914049430066492,0.392600056170371,0.872444144838256,0.47016740994805,21.9811852614784,172.304973369076,0.00204669170488242,0.000162927039567128,2.2798866,shared_delay_plus_weighting,scalar_straight_ray_c1500,physical_element_centres
36,0,300036,5,5,TR,1500.00000012914,19.9999997605911,1449.48974609375,1569.88049316406,999.999999935428,14.9999999207225,-0.104748253210202,0.777869850093217,0.696859831824692,0.72663605794616,0.567857897305034,2.315707297294,16.9742373731019,1.93022821129231,0.273712511487356,0.0387777655835646,27.4119371,direct_TR_wall_time,heterogeneous_recorded_c_rho,equivalent_element_centres
36,0,300036,10,10,DAS,1500.00000012914,19.9999997605911,1449.48974609375,1569.88049316406,999.999999935428,14.9999999207225,-0.104748253210202,0.981332500117921,0.682696770412,0.740123281075459,0.576451314962472,2.34909101915549,17.3817942451792,28.3623598426247,0.019313558895789,0.0026107939403646,0.0587014,shared_delay_plus_weighting,scalar_straight_ray_c1500,physical_element_centres
36,0,300036,10,10,CF-DAS,1500.00000012914,19.9999997605911,1449.48974609375,1569.88049316406,999.999999935428,14.9999999207225,-0.104748253210202,0.998021239022452,0.6454541883638,0.763950225097957,0.87124978084479,1.32222565499291,24.5168042990238,294.616479762608,0.00233099687012054,0.000138580293065864,0.0587724,shared_delay_plus_weighting,scalar_straight_ray_c1500,physical_element_centres
36,0,300036,10,10,SCF-DAS,1500.00000012914,19.9999997605911,1449.48974609375,1569.88049316406,999.999999935428,14.9999999207225,-0.104748253210202,0.99975833410853,0.945790409544869,0.323390978332304,0.897255585408243,0.343247331147312,30.0898017188347,436.024612183194,0.000699790777506598,2.19017152710466e-05,0.0767886,shared_delay_plus_weighting,scalar_straight_ray_c1500,physical_element_centres
36,0,300036,10,10,DMAS,1500.00000012914,19.9999997605911,1449.48974609375,1569.88049316406,999.999999935428,14.9999999207225,-0.104748253210202,0.99703345520979,0.822818256439639,0.55947992080909,0.49423868176796,0.828764521830253,20.1995147366337,108.530214927385,0.00433983371413941,0.000424128398368964,0.0951193,shared_delay_plus_weighting,scalar_straight_ray_c1500,physical_element_centres
36,0,300036,10,10,DS-DMAS,1500.00000012914,19.9999997605911,1449.48974609375,1569.88049316406,999.999999935428,14.9999999207225,-0.104748253210202,0.998966504725982,0.917198516459267,0.38466218964959,0.872418826931334,0.461263302142442,21.7844107348714,153.179719322654,0.00225125916859484,0.000183317935575362,2.302358,shared_delay_plus_weighting,scalar_straight_ray_c1500,physical_element_centres
36,0,300036,10,10,TR,1500.00000012914,19.9999997605911,1449.48974609375,1569.88049316406,999.999999935428,14.9999999207225,-0.104748253210202,0.777682585543101,0.69515984432335,0.728376191084819,0.629324743988509,2.31907155893387,17.0212758341735,1.94167099671463,0.273290517902135,0.0385088697364148,27.5849479,direct_TR_wall_time,heterogeneous_recorded_c_rho,equivalent_element_centres
36,0,300036,15,15,DAS,1500.00000012914,19.9999997605911,1449.48974609375,1569.88049316406,999.999999935428,14.9999999207225,-0.104748253210202,0.981309822722831,0.679027275569865,0.742988786460925,0.668876287047647,2.35307498625235,17.4870412427085,28.5976075807848,0.0193295917986475,0.00258149103150761,0.0486487,shared_delay_plus_weighting,scalar_straight_ray_c1500,physical_element_centres
36,0,300036,15,15,CF-DAS,1500.00000012914,19.9999997605911,1449.48974609375,1569.88049316406,999.999999935428,14.9999999207225,-0.104748253210202,0.998008101148856,0.644303076341621,0.764865801765317,0.872171967241667,1.32404450422603,24.5757107440025,293.418002225623,0.00234503739389708,0.000138472723851632,0.0487632,shared_delay_plus_weighting,scalar_straight_ray_c1500,physical_element_centres
36,0,300036,15,15,SCF-DAS,1500.00000012914,19.9999997605911,1449.48974609375,1569.88049316406,999.999999935428,14.9999999207225,-0.104748253210202,0.999744860495681,0.943358844336845,0.330388539775333,0.895757707212451,0.353103112780873,29.475916725283,430.981541247309,0.000721103905587294,2.42215544707799e-05,0.0668789,shared_delay_plus_weighting,scalar_straight_ray_c1500,physical_element_centres
36,0,300036,15,15,DMAS,1500.00000012914,19.9999997605911,1449.48974609375,1569.88049316406,999.999999935428,14.9999999207225,-0.104748253210202,0.997027750395731,0.826785918893196,0.553538747332199,0.503758080138476,0.814349117703087,20.1974995477696,106.115862725072,0.00439238047843143,0.000429363354484886,0.0847348,shared_delay_plus_weighting,scalar_straight_ray_c1500,physical_element_centres
36,0,300036,15,15,DS-DMAS,1500.00000012914,19.9999997605911,1449.48974609375,1569.88049316406,999.999999935428,14.9999999207225,-0.104748253210202,0.998933703181835,0.917894764795935,0.382547558155117,0.869563019219833,0.459163697048133,21.7247914961385,147.25565383379,0.00232939570842547,0.000190986951306007,2.2613159,shared_delay_plus_weighting,scalar_straight_ray_c1500,physical_element_centres
36,0,300036,15,15,TR,1500.00000012914,19.9999997605911,1449.48974609375,1569.88049316406,999.999999935428,14.9999999207225,-0.104748253210202,0.777687802884195,0.694659815001189,0.728905633337316,0.65377597979326,2.3200005405351,17.0348713931014,1.94572829310166,0.273064048120476,0.0384167794742486,27.6336548,direct_TR_wall_time,heterogeneous_recorded_c_rho,equivalent_element_centres
36,0,300036,20,20,DAS,1500.00000012914,19.9999997605911,1449.48974609375,1569.88049316406,999.999999935428,14.9999999207225,-0.104748253210202,0.981297698228213,0.677680979282981,0.743919335165787,0.706575058273996,2.35404020870054,17.5256425304814,28.6775267283119,0.019339469337532,0.00257135729349449,0.0581089,shared_delay_plus_weighting,scalar_straight_ray_c1500,physical_element_centres
36,0,300036,20,20,CF-DAS,1500.00000012914,19.9999997605911,1449.48974609375,1569.88049316406,999.999999935428,14.9999999207225,-0.104748253210202,0.998002345716967,0.643944511803787,0.765135883305955,0.87249897635801,1.324193504839,24.6033392358508,292.803498831971,0.00235161393603479,0.000138420069648912,0.0582238,shared_delay_plus_weighting,scalar_straight_ray_c1500,physical_element_centres
36,0,300036,20,20,SCF-DAS,1500.00000012914,19.9999997605911,1449.48974609375,1569.88049316406,999.999999935428,14.9999999207225,-0.104748253210202,0.9997379092563,0.942386160234619,0.333051662911555,0.895392213998897,0.356871281115867,29.3161275680373,426.538500531924,0.000733659525985883,2.51008357855079e-05,0.0758558,shared_delay_plus_weighting,scalar_straight_ray_c1500,physical_element_centres
36,0,300036,20,20,DMAS,1500.00000012914,19.9999997605911,1449.48974609375,1569.88049316406,999.999999935428,14.9999999207225,-0.104748253210202,0.997024661121748,0.828068277951258,0.55152674606577,0.510378817050466,0.809327196054703,20.2063132745682,105.291009750682,0.00441222451223153,0.00043086571665985,0.0941035,shared_delay_plus_weighting,scalar_straight_ray_c1500,physical_element_centres
36,0,300036,20,20,DS-DMAS,1500.00000012914,19.9999997605911,1449.48974609375,1569.88049316406,999.999999935428,14.9999999207225,-0.104748253210202,0.998919110342276,0.917697824053856,0.382803731359603,0.867667349806202,0.45959012386405,21.7307868704693,145.596491114267,0.00235830119206549,0.000193223492194237,2.2839935,shared_delay_plus_weighting,scalar_straight_ray_c1500,physical_element_centres
36,0,300036,20,20,TR,1500.00000012914,19.9999997605911,1449.48974609375,1569.88049316406,999.999999935428,14.9999999207225,-0.104748253210202,0.7777257017698,0.694525557255548,0.729059421767316,0.662224266964402,2.32021524774128,17.0383745995793,1.94724407003045,0.272940122697426,0.0383838605189565,27.4033549,direct_TR_wall_time,heterogeneous_recorded_c_rho,equivalent_element_centres
36,0,300036,30,30,DAS,1500.00000012914,19.9999997605911,1449.48974609375,1569.88049316406,999.999999935428,14.9999999207225,-0.104748253210202,0.981287419067698,0.676937528529526,0.744326518033187,0.724455298416484,2.35412721084725,17.5469260593013,28.7159848305178,0.019348658327105,0.00256628303303256,0.0574131,shared_delay_plus_weighting,scalar_straight_ray_c1500,physical_element_centres
36,0,300036,30,30,CF-DAS,1500.00000012914,19.9999997605911,1449.48974609375,1569.88049316406,999.999999935428,14.9999999207225,-0.104748253210202,0.997998280090963,0.643801782539611,0.765227175834167,0.872693242901763,1.32379956897306,24.6243741072293,292.300284933748,0.00235659063264354,0.000138377487744002,0.0575051,shared_delay_plus_weighting,scalar_straight_ray_c1500,physical_element_centres
36,0,300036,30,30,SCF-DAS,1500.00000012914,19.9999997605911,1449.48974609375,1569.88049316406,999.999999935428,14.9999999207225,-0.104748253210202,0.99973922980868,0.941612086758491,0.335139630390609,0.895746899029011,0.360033344350205,29.0900327955848,434.293986477029,0.000723783224756273,2.54159807795593e-05,0.0754164,shared_delay_plus_weighting,scalar_straight_ray_c1500,physical_element_centres
36,0,300036,30,30,DMAS,1500.00000012914,19.9999997605911,1449.48974609375,1569.88049316406,999.999999935428,14.9999999207225,-0.104748253210202,0.997015005391371,0.827175486301466,0.55238088831769,0.535239176478908,0.809618196582183,20.2606340191026,105.445119443392,0.00442233907036033,0.000429161087241471,0.0938576,shared_delay_plus_weighting,scalar_straight_ray_c1500,physical_element_centres
36,0,300036,30,30,DS-DMAS,1500.00000012914,19.9999997605911,1449.48974609375,1569.88049316406,999.999999935428,14.9999999207225,-0.104748253210202,0.998911423206958,0.916816836517203,0.385084707936885,0.868302488239466,0.463321058639,21.71360651648,146.050846846789,0.00236188174506228,0.000193900006526495,2.2766566,shared_delay_plus_weighting,scalar_straight_ray_c1500,physical_element_centres
36,0,300036,30,30,TR,1500.00000012914,19.9999997605911,1449.48974609375,1569.88049316406,999.999999935428,14.9999999207225,-0.104748253210202,0.777779757732033,0.694495478740983,0.729108574174959,0.665857276633403,2.32022037063125,17.0389754124077,1.94811739643423,0.272833295450249,0.038366183365102,27.3585948,direct_TR_wall_time,heterogeneous_recorded_c_rho,equivalent_element_centres
37,0,300037,5,5,DAS,1500.00000022517,20.0000000590814,1447.025390625,1538.24536132812,999.999999925494,14.9999999935387,-0.0792622938326533,0.981840870084074,0.700393159172254,0.718899562265721,0.397430647088818,2.15746728433288,17.1217947287421,27.8026285271608,0.0190300417169937,0.00265063546162272,0.0458725,shared_delay_plus_weighting,scalar_straight_ray_c1500,physical_element_centres
37,0,300037,5,5,CF-DAS,1500.00000022517,20.0000000590814,1447.025390625,1538.24536132812,999.999999925494,14.9999999935387,-0.0792622938326533,0.998104875641983,0.66654893972364,0.745049852363889,0.87012900378331,1.2173117514051,25.0318990938824,293.010006603045,0.00230336015436231,0.000129052640539102,0.0460015,shared_delay_plus_weighting,scalar_straight_ray_c1500,physical_element_centres
37,0,300037,5,5,SCF-DAS,1500.00000022517,20.0000000590814,1447.025390625,1538.24536132812,999.999999925494,14.9999999935387,-0.0792622938326533,0.999749587325478,0.94416016612324,0.327608353064026,0.90117721826049,0.346337912719496,30.9099790494373,433.084404202189,0.000720131737408835,2.05075131615505e-05,0.0633169,shared_delay_plus_weighting,scalar_straight_ray_c1500,physical_element_centres
37,0,300037,5,5,DMAS,1500.00000022517,20.0000000590814,1447.025390625,1538.24536132812,999.999999925494,14.9999999935387,-0.0792622938326533,0.99693666084518,0.818542852998607,0.567263623037007,0.468712727747439,0.821999897554266,20.7996759116077,107.384443522736,0.00451663557351714,0.000411937429991932,0.0813518,shared_delay_plus_weighting,scalar_straight_ray_c1500,physical_element_centres
37,0,300037,5,5,DS-DMAS,1500.00000022517,20.0000000590814,1447.025390625,1538.24536132812,999.999999925494,14.9999999935387,-0.0792622938326533,0.998953544584649,0.919285706285849,0.381331270826168,0.879231966554749,0.450965400411801,22.2952417361742,147.612482614503,0.00233799015775994,0.000179506670539505,2.2634029,shared_delay_plus_weighting,scalar_straight_ray_c1500,physical_element_centres
37,0,300037,5,5,TR,1500.00000022517,20.0000000590814,1447.025390625,1538.24536132812,999.999999925494,14.9999999935387,-0.0792622938326533,0.779796796670888,0.700909778215015,0.722834316493924,0.57427609733752,2.30348714417266,16.8695400468052,1.92003631597444,0.272257289922147,0.039039344313529,27.0032249,direct_TR_wall_time,heterogeneous_recorded_c_rho,equivalent_element_centres
37,0,300037,10,10,DAS,1500.00000022517,20.0000000590814,1447.025390625,1538.24536132812,999.999999925494,14.9999999935387,-0.0792622938326533,0.981819486182794,0.691061060536713,0.729126134733671,0.571368346832037,2.17151268692289,17.4081012450812,28.4906471692321,0.0190448321690781,0.00256668213383746,0.0639021,shared_delay_plus_weighting,scalar_straight_ray_c1500,physical_element_centres
37,0,300037,10,10,CF-DAS,1500.00000022517,20.0000000590814,1447.025390625,1538.24536132812,999.999999925494,14.9999999935387,-0.0792622938326533,0.998078702423872,0.664713790254378,0.746796166700292,0.873953440973552,1.22028634931769,25.1438264615438,290.288180629268,0.00233383359580818,0.000129085827815834,0.0640414,shared_delay_plus_weighting,scalar_straight_ray_c1500,physical_element_centres
37,0,300037,10,10,SCF-DAS,1500.00000022517,20.0000000590814,1447.025390625,1538.24536132812,999.999999925494,14.9999999935387,-0.0792622938326533,0.999717867995263,0.944925488635523,0.325430319844707,0.901269627997099,0.343802087570841,30.837999824477,379.218519768908,0.000815317385994959,2.34113637169174e-05,0.0812454,shared_delay_plus_weighting,scalar_straight_ray_c1500,physical_element_centres
37,0,300037,10,10,DMAS,1500.00000022517,20.0000000590814,1447.025390625,1538.24536132812,999.999999925494,14.9999999935387,-0.0792622938326533,0.996923984851733,0.827064100601281,0.554403973279839,0.496373091056117,0.793923038221538,20.7375931825491,102.374698204126,0.00462687907748344,0.000425019142089893,0.0999388,shared_delay_plus_weighting,scalar_straight_ray_c1500,physical_element_centres
37,0,300037,10,10,DS-DMAS,1500.00000022517,20.0000000590814,1447.025390625,1538.24536132812,999.999999925494,14.9999999935387,-0.0792622938326533,0.99888787795965,0.921851244779696,0.374378013721878,0.877864025303517,0.444319474345263,21.9857489991793,134.621655268338,0.00250698409671659,0.000199463818582775,2.276893,shared_delay_plus_weighting,scalar_straight_ray_c1500,physical_element_centres
37,0,300037,10,10,TR,1500.00000022517,20.0000000590814,1447.025390625,1538.24536132812,999.999999925494,14.9999999935387,-0.0792622938326533,0.779053620561965,0.698559847379637,0.725161421788326,0.634261830277908,2.30635990687088,16.9381764566136,1.93039252792129,0.272536763001779,0.0387718273834311,27.3855961,direct_TR_wall_time,heterogeneous_recorded_c_rho,equivalent_element_centres
37,0,300037,15,15,DAS,1500.00000022517,20.0000000590814,1447.025390625,1538.24536132812,999.999999925494,14.9999999935387,-0.0792622938326533,0.981809509254076,0.6879838834426,0.732726405137823,0.670218229641221,2.17607971080227,17.5045924027752,28.7103833530511,0.0190557984503884,0.00253978837232678,0.047363,shared_delay_plus_weighting,scalar_straight_ray_c1500,physical_element_centres
37,0,300037,15,15,CF-DAS,1500.00000022517,20.0000000590814,1447.025390625,1538.24536132812,999.999999925494,14.9999999935387,-0.0792622938326533,0.998068863636221,0.66448582149295,0.747035971827821,0.874597372219386,1.21976402637981,25.1869472757994,288.965146482482,0.00234679036191311,0.000129159671608726,0.0474806,shared_delay_plus_weighting,scalar_straight_ray_c1500,physical_element_centres
37,0,300037,15,15,SCF-DAS,1500.00000022517,20.0000000590814,1447.025390625,1538.24536132812,999.999999925494,14.9999999935387,-0.0792622938326533,0.99970165200006,0.945031545059061,0.325224895979904,0.900253648095128,0.343401639902567,30.6991534172645,357.910720205339,0.000862126655701071,2.5154367535274e-05,0.0652898,shared_delay_plus_weighting,scalar_straight_ray_c1500,physical_element_centres
37,0,300037,15,15,DMAS,1500.00000022517,20.0000000590814,1447.025390625,1538.24536132812,999.999999925494,14.9999999935387,-0.0792622938326533,0.996930651398873,0.831774185808288,0.547058870860208,0.50806208859909,0.779880759675388,20.6492818564866,100.048251475654,0.00466444090550619,0.00043284808701575,0.0837344,shared_delay_plus_weighting,scalar_straight_ray_c1500,physical_element_centres
37,0,300037,15,15,DS-DMAS,1500.00000022517,20.0000000590814,1447.025390625,1538.24536132812,999.999999925494,14.9999999935387,-0.0792622938326533,0.998864091320949,0.923024239973224,0.370961689717906,0.874427604045214,0.441046649155103,21.822650320701,129.887398476467,0.00256983033489894,0.000208339652426727,2.2807119,shared_delay_plus_weighting,scalar_straight_ray_c1500,physical_element_centres
37,0,300037,15,15,TR,1500.00000022517,20.0000000590814,1447.025390625,1538.24536132812,999.999999925494,14.9999999935387,-0.0792622938326533,0.778748363193071,0.697697732824873,0.726010215833926,0.65717259770747,2.30694264808814,16.9638635206588,1.93377420527354,0.272705966893866,0.0386813359031376,26.6098475,direct_TR_wall_time,heterogeneous_recorded_c_rho,equivalent_element_centres
37,0,300037,20,20,DAS,1500.00000022517,20.0000000590814,1447.025390625,1538.24536132812,999.999999925494,14.9999999935387,-0.0792622938326533,0.981804546514571,0.686996020495388,0.734038092439579,0.710249271863552,2.17757945553847,17.5366722514221,28.7778436494065,0.0190628013981634,0.00253135532264033,0.0590965,shared_delay_plus_weighting,scalar_straight_ray_c1500,physical_element_centres
37,0,300037,20,20,CF-DAS,1500.00000022517,20.0000000590814,1447.025390625,1538.24536132812,999.999999925494,14.9999999935387,-0.0792622938326533,0.998064948521317,0.664610028297471,0.74693963371927,0.874739289040586,1.21877050706905,25.2053195583829,288.29465067528,0.00235268285701742,0.000129210381886589,0.0592283,shared_delay_plus_weighting,scalar_straight_ray_c1500,physical_element_centres
37,0,300037,20,20,SCF-DAS,1500.00000022517,20.0000000590814,1447.025390625,1538.24536132812,999.999999925494,14.9999999935387,-0.0792622938326533,0.999694445138595,0.944550228765094,0.326706115234282,0.899524832851939,0.345892098837549,30.4056541795389,352.435389454487,0.000878140754686456,2.6502169320855e-05,0.0777098,shared_delay_plus_weighting,scalar_straight_ray_c1500,physical_element_centres
37,0,300037,20,20,DMAS,1500.00000022517,20.0000000590814,1447.025390625,1538.24536132812,999.999999925494,14.9999999935387,-0.0792622938326533,0.996934417694732,0.833822189693733,0.5437122580503,0.517919580271047,0.773856083785721,20.6028003305682,99.0571379683353,0.00467929690546428,0.000436556627638061,0.096101,shared_delay_plus_weighting,scalar_straight_ray_c1500,physical_element_centres
37,0,300037,20,20,DS-DMAS,1500.00000022517,20.0000000590814,1447.025390625,1538.24536132812,999.999999925494,14.9999999935387,-0.0792622938326533,0.998856391295109,0.923757674905959,0.36892449850756,0.872654798257985,0.439533737145671,21.7146992336386,127.824861032593,0.00259295331342982,0.000212843178382275,2.3010046,shared_delay_plus_weighting,scalar_straight_ray_c1500,physical_element_centres
37,0,300037,20,20,TR,1500.00000022517,20.0000000590814,1447.025390625,1538.24536132812,999.999999925494,14.9999999935387,-0.0792622938326533,0.77861236180802,0.6973608522286,0.726340790900253,0.664830560706673,2.3069444400598,16.9741494649891,1.93489449656053,0.272804937400084,0.0386495776942095,26.8657945,direct_TR_wall_time,heterogeneous_recorded_c_rho,equivalent_element_centres
37,0,300037,30,30,DAS,1500.00000022517,20.0000000590814,1447.025390625,1538.24536132812,999.999999925494,14.9999999935387,-0.0792622938326533,0.981800571184039,0.686580632832878,0.7347603065114,0.728370614164938,2.17826100965817,17.5513061391017,28.8031518620362,0.0190694500416117,0.00252797550394689,0.0564,shared_delay_plus_weighting,scalar_straight_ray_c1500,physical_element_centres
37,0,300037,30,30,CF-DAS,1500.00000022517,20.0000000590814,1447.025390625,1538.24536132812,999.999999925494,14.9999999935387,-0.0792622938326533,0.998062486813747,0.664867777032974,0.746719565789943,0.87476848100343,1.21748601387907,25.2180312266738,287.751042348606,0.00235701328382705,0.000129258903896466,0.0564912,shared_delay_plus_weighting,scalar_straight_ray_c1500,physical_element_centres
37,0,300037,30,30,SCF-DAS,1500.00000022517,20.0000000590814,1447.025390625,1538.24536132812,999.999999925494,14.9999999935387,-0.0792622938326533,0.999694391385755,0.9441524973999,0.327788969072344,0.900176528033533,0.34752837259053,30.2456562896077,354.831736063115,0.000874427780749135,2.68807345569639e-05,0.0737327,shared_delay_plus_weighting,scalar_straight_ray_c1500,physical_element_centres
37,0,300037,30,30,DMAS,1500.00000022517,20.0000000590814,1447.025390625,1538.24536132812,999.999999925494,14.9999999935387,-0.0792622938326533,0.996924151676654,0.833009130171748,0.544366464236099,0.544684226762019,0.774567421450147,20.630906587755,99.1666416848478,0.00468758984454073,0.000435917470999657,0.0922054,shared_delay_plus_weighting,scalar_straight_ray_c1500,physical_element_centres
37,0,300037,30,30,DS-DMAS,1500.00000022517,20.0000000590814,1447.025390625,1538.24536132812,999.999999925494,14.9999999935387,-0.0792622938326533,0.998850873057414,0.923526659703191,0.369721262043755,0.873265562638039,0.441264217096947,21.6665848977793,127.580552943575,0.0025985541114054,0.00021448776309612,2.2838139,shared_delay_plus_weighting,scalar_straight_ray_c1500,physical_element_centres
37,0,300037,30,30,TR,1500.00000022517,20.0000000590814,1447.025390625,1538.24536132812,999.999999925494,14.9999999935387,-0.0792622938326533,0.778514079706096,0.697153333913832,0.726543798964738,0.667923031917896,2.3067525389741,16.9806989118553,1.935413071844,0.272894144037858,0.0386330744283819,26.6699463,direct_TR_wall_time,heterogeneous_recorded_c_rho,equivalent_element_centres
38,0,300038,5,5,DAS,1500.00000020862,19.9999996197938,1432.9111328125,1547.47204589844,1000.00000002152,15.0000000081811,-0.0216909459879776,0.984212025231895,0.687085926765911,0.731795163192162,0.346762350833789,2.12119530656419,17.6261430291538,33.196070334996,0.0166031764814474,0.00218214714737676,0.0540878,shared_delay_plus_weighting,scalar_straight_ray_c1500,physical_element_centres
38,0,300038,5,5,CF-DAS,1500.00000020862,19.9999996197938,1432.9111328125,1547.47204589844,1000.00000002152,15.0000000081811,-0.0216909459879776,0.998603562865523,0.6840387300601,0.727846875218964,0.872274170214969,1.09736923881918,27.0410866481449,380.800282021599,0.00176987907073015,7.86845130072947e-05,0.0542376,shared_delay_plus_weighting,scalar_straight_ray_c1500,physical_element_centres
38,0,300038,5,5,SCF-DAS,1500.00000020862,19.9999996197938,1432.9111328125,1547.47204589844,1000.00000002152,15.0000000081811,-0.0216909459879776,0.999785668695888,0.946599459002255,0.32024356885816,0.906115642421976,0.334960958367526,33.0007465417529,484.545779735667,0.00063327609135816,1.41760672542487e-05,0.0703935,shared_delay_plus_weighting,scalar_straight_ray_c1500,physical_element_centres
38,0,300038,5,5,DMAS,1500.00000020862,19.9999996197938,1432.9111328125,1547.47204589844,1000.00000002152,15.0000000081811,-0.0216909459879776,0.997542323486772,0.845575927816441,0.530792981277779,0.450285870892542,0.709110519868631,21.8483547044727,115.604240033761,0.00399738159320029,0.000323115560475702,0.089618,shared_delay_plus_weighting,scalar_straight_ray_c1500,physical_element_centres
38,0,300038,5,5,DS-DMAS,1500.00000020862,19.9999996197938,1432.9111328125,1547.47204589844,1000.00000002152,15.0000000081811,-0.0216909459879776,0.999088224945695,0.9228146526483,0.374191838590872,0.883056203709414,0.425184668851177,24.0485558316126,162.346524820102,0.00214040529356089,0.00013429759172342,2.2706957,shared_delay_plus_weighting,scalar_straight_ray_c1500,physical_element_centres
38,0,300038,5,5,TR,1500.00000020862,19.9999996197938,1432.9111328125,1547.47204589844,1000.00000002152,15.0000000081811,-0.0216909459879776,0.778375638460114,0.696455003032755,0.726748287104012,0.565537139626224,2.32605108008008,16.9691382493241,1.93940778417307,0.272478001514245,0.0386255372213308,26.9989981,direct_TR_wall_time,heterogeneous_recorded_c_rho,equivalent_element_centres
38,0,300038,10,10,DAS,1500.00000020862,19.9999996197938,1432.9111328125,1547.47204589844,1000.00000002152,15.0000000081811,-0.0216909459879776,0.984242200383244,0.676483402507544,0.742673773313362,0.530767251778312,2.13246030014684,17.9667995139949,34.1850757498617,0.0165642399509763,0.00209330030827457,0.0448704,shared_delay_plus_weighting,scalar_straight_ray_c1500,physical_element_centres
38,0,300038,10,10,CF-DAS,1500.00000020862,19.9999996197938,1432.9111328125,1547.47204589844,1000.00000002152,15.0000000081811,-0.0216909459879776,0.998595087953552,0.682326057583096,0.729569165542651,0.876867898093163,1.10331318200159,27.0340712387597,380.168601769617,0.0017759690460833,7.90190547322062e-05,0.0449672,shared_delay_plus_weighting,scalar_straight_ray_c1500,physical_element_centres
38,0,300038,10,10,SCF-DAS,1500.00000020862,19.9999996197938,1432.9111328125,1547.47204589844,1000.00000002152,15.0000000081811,-0.0216909459879776,0.999758056834833,0.945873006215522,0.322360671545154,0.905915207167494,0.337771782848979,32.3863128965239,434.878530229897,0.000708537545059448,1.7023436042473e-05,0.0629395,shared_delay_plus_weighting,scalar_straight_ray_c1500,physical_element_centres
38,0,300038,10,10,DMAS,1500.00000020862,19.9999996197938,1432.9111328125,1547.47204589844,1000.00000002152,15.0000000081811,-0.0216909459879776,0.997538085405471,0.853597454119603,0.517151778416259,0.480211324711922,0.684405826262619,21.7695120417764,109.861349366358,0.00409397623383425,0.000333940978280143,0.0819354,shared_delay_plus_weighting,scalar_straight_ray_c1500,physical_element_centres
38,0,300038,10,10,DS-DMAS,1500.00000020862,19.9999996197938,1432.9111328125,1547.47204589844,1000.00000002152,15.0000000081811,-0.0216909459879776,0.999021265996762,0.923453576180805,0.37157298950414,0.881946394409383,0.424874285982447,23.572926765628,150.004572245674,0.0022908708539069,0.000151828838121225,2.280264,shared_delay_plus_weighting,scalar_straight_ray_c1500,physical_element_centres
38,0,300038,10,10,TR,1500.00000020862,19.9999996197938,1432.9111328125,1547.47204589844,1000.00000002152,15.0000000081811,-0.0216909459879776,0.778145059017191,0.69531396273517,0.728080546742452,0.624770873316639,2.3242416214889,17.0110509298176,1.94585627480019,0.272520980947767,0.038445666742075,27.0030159,direct_TR_wall_time,heterogeneous_recorded_c_rho,equivalent_element_centres
38,0,300038,15,15,DAS,1500.00000020862,19.9999996197938,1432.9111328125,1547.47204589844,1000.00000002152,15.0000000081811,-0.0216909459879776,0.984261153198313,0.673619426907989,0.745847132611157,0.64683869950281,2.13447729207723,18.0654893222112,34.4742090207487,0.0165456546257125,0.00206732848422177,0.0615203,shared_delay_plus_weighting,scalar_straight_ray_c1500,physical_element_centres
38,0,300038,15,15,CF-DAS,1500.00000020862,19.9999996197938,1432.9111328125,1547.47204589844,1000.00000002152,15.0000000081811,-0.0216909459879776,0.99859408163871,0.682174310881097,0.729770577214543,0.877584408861043,1.10491872651427,26.9900706935328,380.04370115812,0.00177599525655926,7.9421533225627e-05,0.0616324,shared_delay_plus_weighting,scalar_straight_ray_c1500,physical_element_centres
38,0,300038,15,15,SCF-DAS,1500.00000020862,19.9999996197938,1432.9111328125,1547.47204589844,1000.00000002152,15.0000000081811,-0.0216909459879776,0.999741108477359,0.945345522734314,0.323832705510691,0.905397781718345,0.339719870193218,32.4633526306856,410.233608778615,0.000753873336151222,1.79527404195355e-05,0.0793239,shared_delay_plus_weighting,scalar_straight_ray_c1500,physical_element_centres
38,0,300038,15,15,DMAS,1500.00000020862,19.9999996197938,1432.9111328125,1547.47204589844,1000.00000002152,15.0000000081811,-0.0216909459879776,0.997539254219043,0.857381543705451,0.510532734858394,0.492270192628108,0.673417872742549,21.6990095848315,107.279297124506,0.00413398101606059,0.000339952311658275,0.0995825,shared_delay_plus_weighting,scalar_straight_ray_c1500,physical_element_centres
38,0,300038,15,15,DS-DMAS,1500.00000020862,19.9999996197938,1432.9111328125,1547.47204589844,1000.00000002152,15.0000000081811,-0.0216909459879776,0.99899320976562,0.923685247541212,0.370428321581133,0.879033133188927,0.42428134349393,23.4388314310546,145.387156714549,0.00235440794207881,0.000158467476659854,2.292255,shared_delay_plus_weighting,scalar_straight_ray_c1500,physical_element_centres
38,0,300038,15,15,TR,1500.00000020862,19.9999996197938,1432.9111328125,1547.47204589844,1000.00000002152,15.0000000081811,-0.0216909459879776,0.778127429578446,0.695144130747578,0.728366971552574,0.648525777290361,2.32227744633413,17.0212830926796,1.9470090319476,0.272555208239203,0.0384052264954382,26.9310987,direct_TR_wall_time,heterogeneous_recorded_c_rho,equivalent_element_centres
38,0,300038,20,20,DAS,1500.00000020862,19.9999996197938,1432.9111328125,1547.47204589844,1000.00000002152,15.0000000081811,-0.0216909459879776,0.984272438513031,0.673077064979813,0.746647607937253,0.696621571856859,2.13422256525067,18.0884730713901,34.5459351195547,0.016536254241146,0.00206069390838166,0.0457498,shared_delay_plus_weighting,scalar_straight_ray_c1500,physical_element_centres
38,0,300038,20,20,CF-DAS,1500.00000020862,19.9999996197938,1432.9111328125,1547.47204589844,1000.00000002152,15.0000000081811,-0.0216909459879776,0.998594747595642,0.682351760521644,0.729637079658302,0.877739663371351,1.10524339106516,26.9534467444453,380.051488363521,0.00177490801141063,7.97082937171681e-05,0.0458296,shared_delay_plus_weighting,scalar_straight_ray_c1500,physical_element_centres
38,0,300038,20,20,SCF-DAS,1500.00000020862,19.9999996197938,1432.9111328125,1547.47204589844,1000.00000002152,15.0000000081811,-0.0216909459879776,0.999738471666913,0.945128889856975,0.324504175513259,0.904682573920903,0.340614824623513,32.1374802341566,407.659139707656,0.000759308557862836,1.87734583268137e-05,0.0635811,shared_delay_plus_weighting,scalar_straight_ray_c1500,physical_element_centres
38,0,300038,20,20,DMAS,1500.00000020862,19.9999996197938,1432.9111328125,1547.47204589844,1000.00000002152,15.0000000081811,-0.0216909459879776,0.997544796737608,0.859055964657606,0.507426128001036,0.501365145371559,0.668759502358444,21.6428081025121,106.350259557786,0.00414180229996611,0.000342806430354231,0.0811695,shared_delay_plus_weighting,scalar_straight_ray_c1500,physical_element_centres
38,0,300038,20,20,DS-DMAS,1500.00000020862,19.9999996197938,1432.9111328125,1547.47204589844,1000.00000002152,15.0000000081811,-0.0216909459879776,0.998988739674889,0.924020672059605,0.36935688759835,0.877343731073313,0.423643332860011,23.3143672721987,144.129416507575,0.00236494345986331,0.000161473923774044,2.2730397,shared_delay_plus_weighting,scalar_straight_ray_c1500,physical_element_centres
38,0,300038,20,20,TR,1500.00000020862,19.9999996197938,1432.9111328125,1547.47204589844,1000.00000002152,15.0000000081811,-0.0216909459879776,0.778152934095046,0.695198879497333,0.7283809736496,0.656965179828262,2.32087606919465,17.0227794930602,1.9468701199916,0.27257764981024,0.0384017722872168,27.3458917,direct_TR_wall_time,heterogeneous_recorded_c_rho,equivalent_element_centres
38,0,300038,30,30,DAS,1500.00000020862,19.9999996197938,1432.9111328125,1547.47204589844,1000.00000002152,15.0000000081811,-0.0216909459879776,0.984282726131618,0.673249380960233,0.746756741422085,0.719654922071901,2.13317216387743,18.088794336632,34.5538214789508,0.0165286209585516,0.00205966649132481,0.0575641,shared_delay_plus_weighting,scalar_straight_ray_c1500,physical_element_centres
38,0,300038,30,30,CF-DAS,1500.00000020862,19.9999996197938,1432.9111328125,1547.47204589844,1000.00000002152,15.0000000081811,-0.0216909459879776,0.998596071494407,0.682665729593799,0.72937177147438,0.877770058325145,1.10517934120665,26.9143246618512,380.104613630918,0.00177329497610591,7.99953514168734e-05,0.057657,shared_delay_plus_weighting,scalar_straight_ray_c1500,physical_element_centres
38,0,300038,30,30,SCF-DAS,1500.00000020862,19.9999996197938,1432.9111328125,1547.47204589844,1000.00000002152,15.0000000081811,-0.0216909459879776,0.999743353120932,0.944945147347098,0.325147317316558,0.903907112784694,0.341922961056546,31.5929086128788,416.774728714336,0.000742768582528417,1.95527611499925e-05,0.0756977,shared_delay_plus_weighting,scalar_straight_ray_c1500,physical_element_centres
38,0,300038,30,30,DMAS,1500.00000020862,19.9999996197938,1432.9111328125,1547.47204589844,1000.00000002152,15.0000000081811,-0.0216909459879776,0.997545309330848,0.859017320717848,0.506651679936755,0.528916605873084,0.667633049158002,21.633000756435,106.399627090258,0.00413935322894296,0.000342990783587133,0.0938053,shared_delay_plus_weighting,scalar_straight_ray_c1500,physical_element_centres
38,0,300038,30,30,DS-DMAS,1500.00000020862,19.9999996197938,1432.9111328125,1547.47204589844,1000.00000002152,15.0000000081811,-0.0216909459879776,0.998990851832132,0.924109190612056,0.369358263043622,0.878201816382279,0.424685216563224,23.1787159687234,144.269786929624,0.00235625883453308,0.000163413223671855,2.2794296,shared_delay_plus_weighting,scalar_straight_ray_c1500,physical_element_centres
38,0,300038,30,30,TR,1500.00000020862,19.9999996197938,1432.9111328125,1547.47204589844,1000.00000002152,15.0000000081811,-0.0216909459879776,0.778196402644431,0.695336241813977,0.728305852463041,0.660758304629688,2.3194699549912,17.0215609072593,1.9462804444315,0.272599233182116,0.0384102014108563,27.0830357,direct_TR_wall_time,heterogeneous_recorded_c_rho,equivalent_element_centres
39,0,300039,5,5,DAS,1500.00000000331,19.9999997645622,1458.37841796875,1551.72399902344,1000.0000000596,14.9999999867335,-0.35743198374678,0.982478676186722,0.695724454687826,0.727753064070836,0.394666874131826,2.16420874022566,17.2925491211757,29.199526597379,0.0183995123315129,0.00251292111984097,0.0471821,shared_delay_plus_weighting,scalar_straight_ray_c1500,physical_element_centres
39,0,300039,5,5,CF-DAS,1500.00000000331,19.9999997645622,1458.37841796875,1551.72399902344,1000.0000000596,14.9999999867335,-0.35743198374678,0.998212772191401,0.703552817376315,0.71005393819269,0.871176941240529,1.07217858191389,25.7089443405969,282.31987106409,0.00229978163322988,0.00011918988046155,0.0472983,shared_delay_plus_weighting,scalar_straight_ray_c1500,physical_element_centres
39,0,300039,5,5,SCF-DAS,1500.00000000331,19.9999997645622,1458.37841796875,1551.72399902344,1000.0000000596,14.9999999867335,-0.35743198374678,0.999740084523178,0.943946192630005,0.328334612975002,0.90285090756588,0.34697185682296,31.4880614157901,418.788586308034,0.000747515302718019,1.99166832692176e-05,0.0643854,shared_delay_plus_weighting,scalar_straight_ray_c1500,physical_element_centres
39,0,300039,5,5,DMAS,1500.00000000331,19.9999997645622,1458.37841796875,1551.72399902344,1000.0000000596,14.9999999867335,-0.35743198374678,0.997088308271969,0.840415354100856,0.535067714484499,0.509394126283456,0.735600035567101,21.2550965396407,100.514458322518,0.00460926050856041,0.000398911381499317,0.0830476,shared_delay_plus_weighting,scalar_straight_ray_c1500,physical_element_centres
39,0,300039,5,5,DS-DMAS,1500.00000000331,19.9999997645622,1458.37841796875,1551.72399902344,1000.0000000596,14.9999999867335,-0.35743198374678,0.998941608579316,0.922724094464158,0.373576114305729,0.881913809707867,0.434285591693554,23.0729818049148,139.955614896171,0.00244816159128187,0.000171866403851822,2.2536497,shared_delay_plus_weighting,scalar_straight_ray_c1500,physical_element_centres
39,0,300039,5,5,TR,1500.00000000331,19.9999997645622,1458.37841796875,1551.72399902344,1000.0000000596,14.9999999867335,-0.35743198374678,0.779891455349429,0.699150846894377,0.724686124496291,0.555847224057479,2.29622603602491,16.9294768388072,1.93548051227938,0.27159687915365,0.0386768355010562,27.1988847,direct_TR_wall_time,heterogeneous_recorded_c_rho,equivalent_element_centres
39,0,300039,10,10,DAS,1500.00000000331,19.9999997645622,1458.37841796875,1551.72399902344,1000.0000000596,14.9999999867335,-0.35743198374678,0.982461391069093,0.684508462678553,0.737832092155381,0.568048598187005,2.18756535089525,17.6140092187691,30.0612322668293,0.0183851179978951,0.00241972471639884,0.0518586,shared_delay_plus_weighting,scalar_straight_ray_c1500,physical_element_centres
39,0,300039,10,10,CF-DAS,1500.00000000331,19.9999997645622,1458.37841796875,1551.72399902344,1000.0000000596,14.9999999867335,-0.35743198374678,0.998193153853026,0.699238156234828,0.714263979557499,0.874952037942931,1.08457073151324,25.7811334065587,282.604638884216,0.00231275439647511,0.000118870159346125,0.0519544,shared_delay_plus_weighting,scalar_straight_ray_c1500,physical_element_centres
39,0,300039,10,10,SCF-DAS,1500.00000000331,19.9999997645622,1458.37841796875,1551.72399902344,1000.0000000596,14.9999999867335,-0.35743198374678,0.999702961634878,0.943239291622065,0.33019587638496,0.903484147937682,0.3491333690323,31.9857449115762,370.885771154104,0.000849458911477061,2.13724904259368e-05,0.0698508,shared_delay_plus_weighting,scalar_straight_ray_c1500,physical_element_centres
39,0,300039,10,10,DMAS,1500.00000000331,19.9999997645622,1458.37841796875,1551.72399902344,1000.0000000596,14.9999999867335,-0.35743198374678,0.997067987028984,0.845678766250436,0.526597327516333,0.530073333126183,0.717126480856597,21.3122085457635,96.784011393822,0.00471848467219028,0.000405687962240399,0.0873316,shared_delay_plus_weighting,scalar_straight_ray_c1500,physical_element_centres
39,0,300039,10,10,DS-DMAS,1500.00000000331,19.9999997645622,1458.37841796875,1551.72399902344,1000.0000000596,14.9999999867335,-0.35743198374678,0.998865542685984,0.923837645786292,0.370179635083128,0.880997936113033,0.431012416149416,22.9597721370929,128.729148090547,0.00263748059078839,0.000187586104827048,2.2352569,shared_delay_plus_weighting,scalar_straight_ray_c1500,physical_element_centres
39,0,300039,10,10,TR,1500.00000000331,19.9999997645622,1458.37841796875,1551.72399902344,1000.0000000596,14.9999999867335,-0.35743198374678,0.779475173750897,0.697562358862555,0.726193451284825,0.620458364730923,2.29978114139888,16.9736022219693,1.94343051368291,0.271616609222502,0.038483646103885,27.0766259,direct_TR_wall_time,heterogeneous_recorded_c_rho,equivalent_element_centres
39,0,300039,15,15,DAS,1500.00000000331,19.9999997645622,1458.37841796875,1551.72399902344,1000.0000000596,14.9999999867335,-0.35743198374678,0.982453656960313,0.68049047538446,0.741208702712363,0.668816778880173,2.19724998046701,17.726535907382,30.3633040141452,0.0183799491159074,0.00238790755372747,0.0613878,shared_delay_plus_weighting,scalar_straight_ray_c1500,physical_element_centres
39,0,300039,15,15,CF-DAS,1500.00000000331,19.9999997645622,1458.37841796875,1551.72399902344,1000.0000000596,14.9999999867335,-0.35743198374678,0.998186651572768,0.69737723091032,0.716063282188087,0.87597833308806,1.09025698161901,25.800480571753,283.024961308657,0.00231565631659358,0.000118754499722422,0.0614667,shared_delay_plus_weighting,scalar_straight_ray_c1500,physical_element_centres
39,0,300039,15,15,SCF-DAS,1500.00000000331,19.9999997645622,1458.37841796875,1551.72399902344,1000.0000000596,14.9999999867335,-0.35743198374678,0.99969286759446,0.942905880050268,0.331163127946006,0.902676215426548,0.350797610202067,31.7685567026134,360.729631585222,0.000874591212792073,2.25619833526578e-05,0.0806796,shared_delay_plus_weighting,scalar_straight_ray_c1500,physical_element_centres
39,0,300039,15,15,DMAS,1500.00000000331,19.9999997645622,1458.37841796875,1551.72399902344,1000.0000000596,14.9999999867335,-0.35743198374678,0.99706991147103,0.848482557439889,0.521945072893677,0.537912240092101,0.70892885114529,21.2719040553299,95.2242559341889,0.00475013694340029,0.000410308890675263,0.0990759,shared_delay_plus_weighting,scalar_straight_ray_c1500,physical_element_centres
39,0,300039,15,15,DS-DMAS,1500.00000000331,19.9999997645622,1458.37841796875,1551.72399902344,1000.0000000596,14.9999999867335,-0.35743198374678,0.998844162716562,0.924632583816532,0.36775010422646,0.878386263904936,0.429011717574244,22.8175545546059,125.067971855577,0.00269402820324773,0.000194771052108215,2.3024617,shared_delay_plus_weighting,scalar_straight_ray_c1500,physical_element_centres
39,0,300039,15,15,TR,1500.00000000331,19.9999997645622,1458.37841796875,1551.72399902344,1000.0000000596,14.9999999867335,-0.35743198374678,0.779353841528717,0.697140294764753,0.726573889720279,0.64752425187012,2.30087785405935,16.9849333527273,1.94540528917513,0.271637235158455,0.0384363937509501,27.2318026,direct_TR_wall_time,heterogeneous_recorded_c_rho,equivalent_element_centres
39,0,300039,20,20,DAS,1500.00000000331,19.9999997645622,1458.37841796875,1551.72399902344,1000.0000000596,14.9999999867335,-0.35743198374678,0.982449935811932,0.679031647425252,0.742341533276405,0.710873192831614,2.20154902530533,17.7658804634223,30.4708553279572,0.0183779685852307,0.00237685934133936,0.066453,shared_delay_plus_weighting,scalar_straight_ray_c1500,physical_element_centres
39,0,300039,20,20,CF-DAS,1500.00000000331,19.9999997645622,1458.37841796875,1551.72399902344,1000.0000000596,14.9999999867335,-0.35743198374678,0.998184502507238,0.696521972026189,0.716885803814639,0.876380019147291,1.09300494352763,25.8049688545123,283.346893444935,0.00231585072236746,0.000118703115866405,0.06657,shared_delay_plus_weighting,scalar_straight_ray_c1500,physical_element_centres
39,0,300039,20,20,SCF-DAS,1500.00000000331,19.9999997645622,1458.37841796875,1551.72399902344,1000.0000000596,14.9999999867335,-0.35743198374678,0.999688828941467,0.942535766264514,0.332221927567415,0.902602824724175,0.35210340498524,31.5830279184799,358.284915775326,0.000883019516608705,2.32712068557413e-05,0.0849225,shared_delay_plus_weighting,scalar_straight_ray_c1500,physical_element_centres
39,0,300039,20,20,DMAS,1500.00000000331,19.9999997645622,1458.37841796875,1551.72399902344,1000.0000000596,14.9999999867335,-0.35743198374678,0.99707159756109,0.84929689256596,0.520456130635895,0.545243165397936,0.706558457278543,21.2518105827197,94.8064664846723,0.00475708436195384,0.000411860672332663,0.1041712,shared_delay_plus_weighting,scalar_straight_ray_c1500,physical_element_centres
39,0,300039,20,20,DS-DMAS,1500.00000000331,19.9999997645622,1458.37841796875,1551.72399902344,1000.0000000596,14.9999999867335,-0.35743198374678,0.998837565389322,0.924958892704689,0.366755245799139,0.877013091476367,0.42839950648835,22.7338991774563,123.836195362043,0.00271132651786932,0.0001979187150826,2.285815,shared_delay_plus_weighting,scalar_straight_ray_c1500,physical_element_centres
39,0,300039,20,20,TR,1500.00000000331,19.9999997645622,1458.37841796875,1551.72399902344,1000.0000000596,14.9999999867335,-0.35743198374678,0.779321297694108,0.697053651168423,0.726639162711692,0.657431360529721,2.30120754275897,16.9869954189683,1.94571996756169,0.271651843890883,0.0384293365048159,27.038437,direct_TR_wall_time,heterogeneous_recorded_c_rho,equivalent_element_centres
39,0,300039,30,30,DAS,1500.00000000331,19.9999997645622,1458.37841796875,1551.72399902344,1000.0000000596,14.9999999867335,-0.35743198374678,0.982447039631308,0.678243641147141,0.74287254465288,0.731030488144509,2.20462846018203,17.7856775931392,30.5272765467215,0.01837677896935,0.00237129459904586,0.0443649,shared_delay_plus_weighting,scalar_straight_ray_c1500,physical_element_centres
39,0,300039,30,30,CF-DAS,1500.00000000331,19.9999997645622,1458.37841796875,1551.72399902344,1000.0000000596,14.9999999867335,-0.35743198374678,0.998183527728129,0.69588851485916,0.71749239083658,0.876647551766338,1.09513797824827,25.8051558708403,283.680726575905,0.00231515850912771,0.000118665080213935,0.0444888,shared_delay_plus_weighting,scalar_straight_ray_c1500,physical_element_centres
39,0,300039,30,30,SCF-DAS,1500.00000000331,19.9999997645622,1458.37841796875,1551.72399902344,1000.0000000596,14.9999999867335,-0.35743198374678,0.999689577352439,0.942958302925908,0.331029546873848,0.903042366696504,0.351124409526888,31.338966317369,356.582920839179,0.000883526113520743,2.39481006186804e-05,0.0624765,shared_delay_plus_weighting,scalar_straight_ray_c1500,physical_element_centres
39,0,300039,30,30,DMAS,1500.00000000331,19.9999997645622,1458.37841796875,1551.72399902344,1000.0000000596,14.9999999867335,-0.35743198374678,0.997063624505306,0.848208554023097,0.521566223126688,0.572672618319881,0.7081954236182,21.2832446918572,95.1781549666909,0.00475773899558807,0.000410429320717787,0.0807936,shared_delay_plus_weighting,scalar_straight_ray_c1500,physical_element_centres
39,0,300039,30,30,DS-DMAS,1500.00000000331,19.9999997645622,1458.37841796875,1551.72399902344,1000.0000000596,14.9999999867335,-0.35743198374678,0.998835128569062,0.925053151787732,0.366777004996667,0.877524720762746,0.429034818515988,22.6777184684504,123.426447457767,0.00271618893636782,0.000199560256043025,2.2662604,shared_delay_plus_weighting,scalar_straight_ray_c1500,physical_element_centres
39,0,300039,30,30,TR,1500.00000000331,19.9999997645622,1458.37841796875,1551.72399902344,1000.0000000596,14.9999999867335,-0.35743198374678,0.779313905137395,0.697067245085449,0.726608115754177,0.662189128648311,2.30132662764163,16.9862417428941,1.94552304315839,0.271666468645222,0.0384347402455801,27.2026469,direct_TR_wall_time,heterogeneous_recorded_c_rho,equivalent_element_centres
40,0,300040,5,5,DAS,1499.99999980794,20.0000002155688,1426.89111328125,1543.67529296875,999.999999975165,15.0000000219052,-0.292937611176518,0.984616553309218,0.68109068906485,0.738536205818172,0.33556973000811,2.24323409104598,17.5926252433814,34.6129601093639,0.0160297102229936,0.00211492226500435,0.0533182,shared_delay_plus_weighting,scalar_straight_ray_c1500,physical_element_centres
40,0,300040,5,5,CF-DAS,1499.99999980794,20.0000002155688,1426.89111328125,1543.67529296875,999.999999975165,15.0000000219052,-0.292937611176518,0.998768098052743,0.673179512875202,0.738213330548547,0.871303802385619,1.14572430058499,26.4816104784165,443.66333408239,0.001534153859781,7.2742528541541e-05,0.0534586,shared_delay_plus_weighting,scalar_straight_ray_c1500,physical_element_centres
40,0,300040,5,5,SCF-DAS,1499.99999980794,20.0000002155688,1426.89111328125,1543.67529296875,999.999999975165,15.0000000219052,-0.292937611176518,0.999872440288744,0.954229725171601,0.297552977413475,0.902207460337783,0.308465916104074,32.5904603497634,700.750342847356,0.000405822650073325,9.52386575332013e-06,0.0711167,shared_delay_plus_weighting,scalar_straight_ray_c1500,physical_element_centres
40,0,300040,5,5,DMAS,1499.99999980794,20.0000002155688,1426.89111328125,1543.67529296875,999.999999975165,15.0000000219052,-0.292937611176518,0.998000446657072,0.843088254502855,0.537540586080755,0.363365409013688,0.736324351323544,21.1901421930895,144.276405324806,0.00318268425390083,0.000277514989544956,0.0886823,shared_delay_plus_weighting,scalar_straight_ray_c1500,physical_element_centres
40,0,300040,5,5,DS-DMAS,1499.99999980794,20.0000002155688,1426.89111328125,1543.67529296875,999.999999975165,15.0000000219052,-0.292937611176518,0.999317340648207,0.930300180587834,0.3550983973616,0.877004148962417,0.415191722309238,21.8986196699112,196.650514800641,0.00162492588055955,0.000130587790053553,2.2651186,shared_delay_plus_weighting,scalar_straight_ray_c1500,physical_element_centres
40,0,300040,5,5,TR,1499.99999980794,20.0000002155688,1426.89111328125,1543.67529296875,999.999999975165,15.0000000219052,-0.292937611176518,0.779288243972654,0.69773711927423,0.726058756294827,0.566827237825236,2.31349369663478,16.9541502636502,1.93981191161421,0.271946263504904,0.0386167377542694,27.0135352,direct_TR_wall_time,heterogeneous_recorded_c_rho,equivalent_element_centres
40,0,300040,10,10,DAS,1499.99999980794,20.0000002155688,1426.89111328125,1543.67529296875,999.999999975165,15.0000000219052,-0.292937611176518,0.984652965247047,0.668835908225324,0.750384643813261,0.519228009903384,2.26295030186793,17.957109923037,35.7821496383015,0.0159717775090178,0.0020206809891428,0.0558582,shared_delay_plus_weighting,scalar_straight_ray_c1500,physical_element_centres
40,0,300040,10,10,CF-DAS,1499.99999980794,20.0000002155688,1426.89111328125,1543.67529296875,999.999999975165,15.0000000219052,-0.292937611176518,0.998762318138944,0.672334462891727,0.739065535060729,0.876656334838507,1.14765859109144,26.4915773610924,442.509630527415,0.00153939205119869,7.29071919704158e-05,0.0559412,shared_delay_plus_weighting,scalar_straight_ray_c1500,physical_element_centres
40,0,300040,10,10,SCF-DAS,1499.99999980794,20.0000002155688,1426.89111328125,1543.67529296875,999.999999975165,15.0000000219052,-0.292937611176518,0.999852442968376,0.955881656108721,0.292178767579736,0.903626092422938,0.301844270819015,32.8294810307362,584.335315659394,0.000478007616109188,1.091341737448e-05,0.0735297,shared_delay_plus_weighting,scalar_straight_ray_c1500,physical_element_centres
40,0,300040,10,10,DMAS,1499.99999980794,20.0000002155688,1426.89111328125,1543.67529296875,999.999999975165,15.0000000219052,-0.292937611176518,0.998011250104286,0.852566402478168,0.521799629570418,0.396215190741635,0.70272521207524,21.2360579612378,136.972666280009,0.0032595081751359,0.000282715211642793,0.0921977,shared_delay_plus_weighting,scalar_straight_ray_c1500,physical_element_centres
40,0,300040,10,10,DS-DMAS,1499.99999980794,20.0000002155688,1426.89111328125,1543.67529296875,999.999999975165,15.0000000219052,-0.292937611176518,0.999266328802724,0.932693036820951,0.347907567807175,0.877821463580941,0.407699801249008,21.6210260117678,176.868821925696,0.00176565615126236,0.00014650580435955,2.4139948,shared_delay_plus_weighting,scalar_straight_ray_c1500,physical_element_centres
40,0,300040,10,10,TR,1499.99999980794,20.0000002155688,1426.89111328125,1543.67529296875,999.999999975165,15.0000000219052,-0.292937611176518,0.778979280148868,0.696299523383407,0.727412644519475,0.625762479633624,2.31477884748495,16.9963476202724,1.94775875450158,0.271833333622253,0.0384136283342071,27.1884078,direct_TR_wall_time,heterogeneous_recorded_c_rho,equivalent_element_centres
40,0,300040,15,15,DAS,1499.99999980794,20.0000002155688,1426.89111328125,1543.67529296875,999.999999975165,15.0000000219052,-0.292937611176518,0.98467541540086,0.665295235752093,0.753891305582079,0.639048769219753,2.26898896934876,18.0639063954429,36.1455984214997,0.0159423310969572,0.00199230811870855,0.0643525,shared_delay_plus_weighting,scalar_straight_ray_c1500,physical_element_centres
40,0,300040,15,15,CF-DAS,1499.99999980794,20.0000002155688,1426.89111328125,1543.67529296875,999.999999975165,15.0000000219052,-0.292937611176518,0.998762249055427,0.672880968145211,0.738608267713572,0.877428198327231,1.14643104881188,26.4548881053007,441.890597033145,0.00153979928498318,7.32351724180367e-05,0.0644811,shared_delay_plus_weighting,scalar_straight_ray_c1500,physical_element_centres
40,0,300040,15,15,SCF-DAS,1499.99999980794,20.0000002155688,1426.89111328125,1543.67529296875,999.999999975165,15.0000000219052,-0.292937611176518,0.999844143298488,0.955335992016357,0.293915387905184,0.902974428064586,0.304748261748609,32.2351716491364,559.88577817668,0.000500509399338914,1.22363997162725e-05,0.0821051,shared_delay_plus_weighting,scalar_straight_ray_c1500,physical_element_centres
40,0,300040,15,15,DMAS,1499.99999980794,20.0000002155688,1426.89111328125,1543.67529296875,999.999999975165,15.0000000219052,-0.292937611176518,0.998024365214336,0.857828469806041,0.512691295738766,0.412144467035733,0.686097451662819,21.1884731588609,133.324211997083,0.00328825911801098,0.000286775717551806,0.0998151,shared_delay_plus_weighting,scalar_straight_ray_c1500,physical_element_centres
40,0,300040,15,15,DS-DMAS,1499.99999980794,20.0000002155688,1426.89111328125,1543.67529296875,999.999999975165,15.0000000219052,-0.292937611176518,0.999246918169237,0.933373455989037,0.34547493548841,0.874875973839215,0.405966209039346,21.4752966474419,170.612091218292,0.00181500122096142,0.000153148267840935,2.2841123,shared_delay_plus_weighting,scalar_straight_ray_c1500,physical_element_centres
40,0,300040,15,15,TR,1499.99999980794,20.0000002155688,1426.89111328125,1543.67529296875,999.999999975165,15.0000000219052,-0.292937611176518,0.778917922303111,0.695963480499051,0.727707742926946,0.648316090481411,2.31454074608657,17.0067242786104,1.94973667531692,0.271780221231475,0.0383602681088266,26.869018,direct_TR_wall_time,heterogeneous_recorded_c_rho,equivalent_element_centres
40,0,300040,20,20,DAS,1499.99999980794,20.0000002155688,1426.89111328125,1543.67529296875,999.999999975165,15.0000000219052,-0.292937611176518,0.98468866431778,0.664478468262215,0.75479885332656,0.691375461277757,2.27072312673532,18.0891730514581,36.248571944934,0.0159267686977883,0.00198458187348945,0.0553194,shared_delay_plus_weighting,scalar_straight_ray_c1500,physical_element_centres
40,0,300040,20,20,CF-DAS,1499.99999980794,20.0000002155688,1426.89111328125,1543.67529296875,999.999999975165,15.0000000219052,-0.292937611176518,0.998763252327611,0.673513627217511,0.738052789072133,0.877577650156306,1.14499107702054,26.4218876680376,441.56007492749,0.00153919848589799,7.34852615185875e-05,0.0554169,shared_delay_plus_weighting,scalar_straight_ray_c1500,physical_element_centres
40,0,300040,20,20,SCF-DAS,1499.99999980794,20.0000002155688,1426.89111328125,1543.67529296875,999.999999975165,15.0000000219052,-0.292937611176518,0.999838885984225,0.956261676371655,0.290918731943156,0.902759626066468,0.301399890605752,32.230815304014,530.617191847273,0.000522534341524801,1.27812718702979e-05,0.0734542,shared_delay_plus_weighting,scalar_straight_ray_c1500,physical_element_centres
40,0,300040,20,20,DMAS,1499.99999980794,20.0000002155688,1426.89111328125,1543.67529296875,999.999999975165,15.0000000219052,-0.292937611176518,0.998030410785148,0.860108407647715,0.508454244737911,0.423928245701603,0.678641734686924,21.1574368235459,131.743963790037,0.00329987977834702,0.000288819343655822,0.0917601,shared_delay_plus_weighting,scalar_straight_ray_c1500,physical_element_centres
40,0,300040,20,20,DS-DMAS,1499.99999980794,20.0000002155688,1426.89111328125,1543.67529296875,999.999999975165,15.0000000219052,-0.292937611176518,0.999239953082547,0.933878194106754,0.34387429830386,0.872772854472275,0.40392639161224,21.4628240276705,167.80407775936,0.00183782715137526,0.00015529714152246,2.2592362,shared_delay_plus_weighting,scalar_straight_ray_c1500,physical_element_centres
40,0,300040,20,20,TR,1499.99999980794,20.0000002155688,1426.89111328125,1543.67529296875,999.999999975165,15.0000000219052,-0.292937611176518,0.778918975022153,0.69592551146449,0.727725276293694,0.655760244776034,2.31410286960351,17.0082866646428,1.95005411557726,0.271753638482978,0.0383496172923574,27.3033343,direct_TR_wall_time,heterogeneous_recorded_c_rho,equivalent_element_centres
40,0,300040,30,30,DAS,1499.99999980794,20.0000002155688,1426.89111328125,1543.67529296875,999.999999975165,15.0000000219052,-0.292937611176518,0.984700675234497,0.664479540794273,0.75495082624208,0.716113778963834,2.27124500128859,18.0899975381912,36.2771164251268,0.0159136901907624,0.00198276398613234,0.0499614,shared_delay_plus_weighting,scalar_straight_ray_c1500,physical_element_centres
40,0,300040,30,30,CF-DAS,1499.99999980794,20.0000002155688,1426.89111328125,1543.67529296875,999.999999975165,15.0000000219052,-0.292937611176518,0.998764758324014,0.674262554520188,0.737387393923769,0.877588441026598,1.14328191216634,26.385756699635,441.281035749039,0.00153817300464104,7.37424139549786e-05,0.0500835,shared_delay_plus_weighting,scalar_straight_ray_c1500,physical_element_centres
40,0,300040,30,30,SCF-DAS,1499.99999980794,20.0000002155688,1426.89111328125,1543.67529296875,999.999999975165,15.0000000219052,-0.292937611176518,0.999837596599402,0.956920969270184,0.288790585425758,0.902841863215424,0.298784121210536,32.1041547043901,518.633379863528,0.000530452531699851,1.31655434676022e-05,0.0682027,shared_delay_plus_weighting,scalar_straight_ray_c1500,physical_element_centres
40,0,300040,30,30,DMAS,1499.99999980794,20.0000002155688,1426.89111328125,1543.67529296875,999.999999975165,15.0000000219052,-0.292937611176518,0.998027003876549,0.859885286057019,0.50760784202322,0.458264783124409,0.676204344905482,21.2013937960755,131.710532543986,0.00330622385302036,0.000287913855328076,0.086521,shared_delay_plus_weighting,scalar_straight_ray_c1500,physical_element_centres
40,0,300040,30,30,DS-DMAS,1499.99999980794,20.0000002155688,1426.89111328125,1543.67529296875,999.999999975165,15.0000000219052,-0.292937611176518,0.999234345075504,0.933615914641189,0.344940857449159,0.874077575505569,0.405499517890642,21.4505142639212,167.211759838449,0.00184724242994793,0.000156314110019458,2.2670532,shared_delay_plus_weighting,scalar_straight_ray_c1500,physical_element_centres
40,0,300040,30,30,TR,1499.99999980794,20.0000002155688,1426.89111328125,1543.67529296875,999.999999975165,15.0000000219052,-0.292937611176518,0.778941012987302,0.695982031857641,0.727652408255168,0.658612679999466,2.31353737671891,17.0071139820717,1.94985985843875,0.271732247164402,0.0383517760961167,27.0117208,direct_TR_wall_time,heterogeneous_recorded_c_rho,equivalent_element_centres
41,0,300041,5,5,DAS,1499.99999988079,20.0000001176043,1460.37426757812,1551.10998535156,999.999999956952,14.9999998034075,0.0273425322818435,0.983692507424937,0.691940901403174,0.731994181566089,0.35706701140437,2.25049953466916,17.2560325882547,31.7166023953187,0.0169792210500149,0.00232871388659095,0.0535185,shared_delay_plus_weighting,scalar_straight_ray_c1500,physical_element_centres
41,0,300041,5,5,CF-DAS,1499.99999988079,20.0000001176043,1460.37426757812,1551.10998535156,999.999999956952,14.9999998034075,0.0273425322818435,0.998570018899539,0.68601507748692,0.726602935476831,0.869583711917503,1.13361307448725,25.6608690573289,369.96721846886,0.00179234172908883,9.34065568092423e-05,0.0536094,shared_delay_plus_weighting,scalar_straight_ray_c1500,physical_element_centres
41,0,300041,5,5,SCF-DAS,1499.99999988079,20.0000001176043,1460.37426757812,1551.10998535156,999.999999956952,14.9999998034075,0.0273425322818435,0.999817802000422,0.944365630997426,0.326948448146056,0.900781588475649,0.346076010430236,32.0094154539246,593.267954640565,0.000525620447487112,1.3188684492616e-05,0.0714366,shared_delay_plus_weighting,scalar_straight_ray_c1500,physical_element_centres
41,0,300041,5,5,DMAS,1499.99999988079,20.0000001176043,1460.37426757812,1551.10998535156,999.999999956952,14.9999998034075,0.0273425322818435,0.997603546983363,0.84032464104427,0.537350969271027,0.435759067847859,0.742559426004355,21.2222501201029,122.265646583132,0.00378032557477196,0.000328410246207243,0.0900655,shared_delay_plus_weighting,scalar_straight_ray_c1500,physical_element_centres
41,0,300041,5,5,DS-DMAS,1499.99999988079,20.0000001176043,1460.37426757812,1551.10998535156,999.999999956952,14.9999998034075,0.0273425322818435,0.999114379400689,0.920943468129166,0.378181050676122,0.879373147956587,0.442390193878676,22.6814040337985,171.051008186767,0.00201120980262159,0.000147702271862321,2.2724988,shared_delay_plus_weighting,scalar_straight_ray_c1500,physical_element_centres
41,0,300041,5,5,TR,1499.99999988079,20.0000001176043,1460.37426757812,1551.10998535156,999.999999956952,14.9999998034075,0.0273425322818435,0.776683996290988,0.695356754659138,0.728398089696726,0.574056667693955,2.32415965319869,16.9977509371433,1.92845607384742,0.274875933678528,0.0388373126007381,27.254026,direct_TR_wall_time,heterogeneous_recorded_c_rho,equivalent_element_centres
41,0,300041,10,10,DAS,1499.99999988079,20.0000001176043,1460.37426757812,1551.10998535156,999.999999956952,14.9999998034075,0.0273425322818435,0.983661774269166,0.679264052354924,0.7429926176617,0.538693625964497,2.27535243172664,17.6134213618144,32.7294184553122,0.0169778363589464,0.00223465907355744,0.056538,shared_delay_plus_weighting,scalar_straight_ray_c1500,physical_element_centres
41,0,300041,10,10,CF-DAS,1499.99999988079,20.0000001176043,1460.37426757812,1551.10998535156,999.999999956952,14.9999998034075,0.0273425322818435,0.998551553555047,0.681044940847913,0.731208216978548,0.874334031744393,1.14673852487688,25.7776925738236,369.942002941513,0.00180588860883363,9.28552214062597e-05,0.0566537,shared_delay_plus_weighting,scalar_straight_ray_c1500,physical_element_centres
41,0,300041,10,10,SCF-DAS,1499.99999988079,20.0000001176043,1460.37426757812,1551.10998535156,999.999999956952,14.9999998034075,0.0273425322818435,0.999790926033785,0.944929130340946,0.325206005343728,0.901070915545571,0.344221194812658,31.3607525127297,511.854724849243,0.000604799670820694,1.63521145381221e-05,0.0745539,shared_delay_plus_weighting,scalar_straight_ray_c1500,physical_element_centres
41,0,300041,10,10,DMAS,1499.99999988079,20.0000001176043,1460.37426757812,1551.10998535156,999.999999956952,14.9999998034075,0.0273425322818435,0.997585864236409,0.846872646284094,0.52670356799608,0.463033891119415,0.718977750199636,21.2648504051149,116.785578800219,0.00388466371304441,0.000335823364663267,0.0929005,shared_delay_plus_weighting,scalar_straight_ray_c1500,physical_element_centres
41,0,300041,10,10,DS-DMAS,1499.99999988079,20.0000001176043,1460.37426757812,1551.10998535156,999.999999956952,14.9999998034075,0.0273425322818435,0.999050618444997,0.923638457211466,0.370752594059226,0.878900626630161,0.436505527097876,22.1902596288236,154.295738054648,0.00217208688771284,0.000168796801285809,2.2750935,shared_delay_plus_weighting,scalar_straight_ray_c1500,physical_element_centres
41,0,300041,10,10,TR,1499.99999988079,20.0000001176043,1460.37426757812,1551.10998535156,999.999999956952,14.9999998034075,0.0273425322818435,0.776619672792701,0.694317186668625,0.729370572936981,0.633233201824141,2.32448215793703,17.0315109577667,1.93600053330235,0.274574770192054,0.0386442676080811,27.5520619,direct_TR_wall_time,heterogeneous_recorded_c_rho,equivalent_element_centres
41,0,300041,15,15,DAS,1499.99999988079,20.0000001176043,1460.37426757812,1551.10998535156,999.999999956952,14.9999998034075,0.0273425322818435,0.983646501025139,0.674911819985474,0.74643673451849,0.652290591478065,2.2847505448719,17.7331034919413,33.0620759605506,0.0169802153829456,0.0022043879080846,0.0555554,shared_delay_plus_weighting,scalar_straight_ray_c1500,physical_element_centres
41,0,300041,15,15,CF-DAS,1499.99999988079,20.0000001176043,1460.37426757812,1551.10998535156,999.999999956952,14.9999998034075,0.0273425322818435,0.998544844152128,0.679088457237513,0.733011034624154,0.875200668796494,1.15222390486546,25.8101446896128,370.065267206326,0.00181036290866717,9.27381458404873e-05,0.0556784,shared_delay_plus_weighting,scalar_straight_ray_c1500,physical_element_centres
41,0,300041,15,15,SCF-DAS,1499.99999988079,20.0000001176043,1460.37426757812,1551.10998535156,999.999999956952,14.9999998034075,0.0273425322818435,0.999781937601696,0.944426623463458,0.326687504494407,0.899697349675104,0.347018704649047,30.906709635629,495.092209050345,0.000625700739283684,1.78250676316899e-05,0.0734029,shared_delay_plus_weighting,scalar_straight_ray_c1500,physical_element_centres
41,0,300041,15,15,DMAS,1499.99999988079,20.0000001176043,1460.37426757812,1551.10998535156,999.999999956952,14.9999998034075,0.0273425322818435,0.997589010086488,0.850490201111752,0.520655073215122,0.473327745448981,0.708293481846692,21.2008412592663,114.388513775791,0.0039155395219094,0.000340996207568059,0.0915995,shared_delay_plus_weighting,scalar_straight_ray_c1500,physical_element_centres
41,0,300041,15,15,DS-DMAS,1499.99999988079,20.0000001176043,1460.37426757812,1551.10998535156,999.999999956952,14.9999998034075,0.0273425322818435,0.999029553069466,0.92455558241067,0.367894933847294,0.875760572412344,0.434677997763616,21.9888160710617,149.189618235081,0.00222314384493302,0.000176818116624782,2.2784241,shared_delay_plus_weighting,scalar_straight_ray_c1500,physical_element_centres
41,0,300041,15,15,TR,1499.99999988079,20.0000001176043,1460.37426757812,1551.10998535156,999.999999956952,14.9999998034075,0.0273425322818435,0.776695520018515,0.694198266526193,0.729461185043059,0.655690014841692,2.32368921925914,17.0373978940557,1.93782944633908,0.274416201593172,0.0385957828187745,27.1457005,direct_TR_wall_time,heterogeneous_recorded_c_rho,equivalent_element_centres
41,0,300041,20,20,DAS,1499.99999988079,20.0000001176043,1460.37426757812,1551.10998535156,999.999999956952,14.9999998034075,0.0273425322818435,0.983638547679064,0.673440037912657,0.74745708749698,0.701412911986448,2.2885180366494,17.7717574643617,33.1682074834958,0.0169825514176062,0.00219490164984204,0.064483,shared_delay_plus_weighting,scalar_straight_ray_c1500,physical_element_centres
41,0,300041,20,20,CF-DAS,1499.99999988079,20.0000001176043,1460.37426757812,1551.10998535156,999.999999956952,14.9999998034075,0.0273425322818435,0.998542292966901,0.67826481815456,0.733768712439495,0.875459703359388,1.1546616758788,25.8181176422054,370.184695137961,0.00181184395307079,9.27288574677549e-05,0.0645743,shared_delay_plus_weighting,scalar_straight_ray_c1500,physical_element_centres
41,0,300041,20,20,SCF-DAS,1499.99999988079,20.0000001176043,1460.37426757812,1551.10998535156,999.999999956952,14.9999998034075,0.0273425322818435,0.99978539070099,0.942521227692736,0.332159565787103,0.897913191819543,0.354509849775741,30.304429497475,519.820483790923,0.000604629346487493,1.84615324306924e-05,0.08464,shared_delay_plus_weighting,scalar_straight_ray_c1500,physical_element_centres
41,0,300041,20,20,DMAS,1499.99999988079,20.0000001176043,1460.37426757812,1551.10998535156,999.999999956952,14.9999998034075,0.0273425322818435,0.997593503997576,0.851602118659399,0.518602665827318,0.481260449154045,0.70528209775585,21.1561630635761,113.815395202073,0.00391753392838403,0.000342929316010554,0.1061226,shared_delay_plus_weighting,scalar_straight_ray_c1500,physical_element_centres
41,0,300041,20,20,DS-DMAS,1499.99999988079,20.0000001176043,1460.37426757812,1551.10998535156,999.999999956952,14.9999998034075,0.0273425322818435,0.999028609813873,0.924514053759417,0.367670002690954,0.873416190766947,0.435612825072251,21.878137302758,149.123421709799,0.0022195154676505,0.000178793329042558,2.4251042,shared_delay_plus_weighting,scalar_straight_ray_c1500,physical_element_centres
41,0,300041,20,20,TR,1499.99999988079,20.0000001176043,1460.37426757812,1551.10998535156,999.999999956952,14.9999998034075,0.0273425322818435,0.776773587142747,0.694280017731529,0.729366835353958,0.663053022921752,2.3229348364835,17.0365210428443,1.93808675170435,0.274330452396986,0.0385876177325071,26.5040284,direct_TR_wall_time,heterogeneous_recorded_c_rho,equivalent_element_centres
41,0,300041,30,30,DAS,1499.99999988079,20.0000001176043,1460.37426757812,1551.10998535156,999.999999956952,14.9999998034075,0.0273425322818435,0.983631937605047,0.672747494147984,0.747799452780981,0.725200229495774,2.29090855936164,17.7880708236842,33.2121583840948,0.0169851965053335,0.00219112439687888,0.0477797,shared_delay_plus_weighting,scalar_straight_ray_c1500,physical_element_centres
41,0,300041,30,30,CF-DAS,1499.99999988079,20.0000001176043,1460.37426757812,1551.10998535156,999.999999956952,14.9999998034075,0.0273425322818435,0.998540790950448,0.677709038046669,0.734279192314454,0.875590222981245,1.1564055912075,25.8189992162638,370.320251097899,0.00181252109821742,9.27540987128182e-05,0.0479162,shared_delay_plus_weighting,scalar_straight_ray_c1500,physical_element_centres
41,0,300041,30,30,SCF-DAS,1499.99999988079,20.0000001176043,1460.37426757812,1551.10998535156,999.999999956952,14.9999998034075,0.0273425322818435,0.999781450945542,0.941554150360077,0.334686948990547,0.899181631719932,0.357353896989232,30.4127520626278,518.77965631498,0.00061102411559275,1.84255622022063e-05,0.0654692,shared_delay_plus_weighting,scalar_straight_ray_c1500,physical_element_centres
41,0,300041,30,30,DMAS,1499.99999988079,20.0000001176043,1460.37426757812,1551.10998535156,999.999999956952,14.9999998034075,0.0273425322818435,0.997578766508033,0.849754182712309,0.520835368973257,0.509530984112702,0.708407190821558,21.2185460395878,114.420504876612,0.00392455798429427,0.000341085649779783,0.0839802,shared_delay_plus_weighting,scalar_straight_ray_c1500,physical_element_centres
41,0,300041,30,30,DS-DMAS,1499.99999988079,20.0000001176043,1460.37426757812,1551.10998535156,999.999999956952,14.9999998034075,0.0273425322818435,0.999019474950172,0.923449076425684,0.370557448896625,0.8739494626303,0.439780064776604,21.881169592608,149.738265989213,0.00222537190474418,0.000179202523553315,2.2408409,shared_delay_plus_weighting,scalar_straight_ray_c1500,physical_element_centres
41,0,300041,30,30,TR,1499.99999988079,20.0000001176043,1460.37426757812,1551.10998535156,999.999999956952,14.9999998034075,0.0273425322818435,0.77686321500689,0.69444025337966,0.729197459920873,0.665832414833146,2.32208838521784,17.0332576457257,1.93785339411555,0.274257143760939,0.0385918027589566,26.9125742,direct_TR_wall_time,heterogeneous_recorded_c_rho,equivalent_element_centres
42,0,300042,5,5,DAS,1499.99999995364,19.9999999069709,1439.39135742188,1550.48400878906,999.999999817875,14.9999998502139,-0.164823579534413,0.983912126727884,0.685647405886505,0.736249125656334,0.350836749843784,2.28635943624773,17.3744262016353,32.6964115408806,0.0167120967517405,0.00226104721410356,0.0675414,shared_delay_plus_weighting,scalar_straight_ray_c1500,physical_element_centres
42,0,300042,5,5,CF-DAS,1499.99999995364,19.9999999069709,1439.39135742188,1550.48400878906,999.999999817875,14.9999998502139,-0.164823579534413,0.998602832284776,0.678930052022078,0.733080447983873,0.868498346583464,1.13431072396865,26.2290678942253,385.588161932089,0.00174702696794438,8.52798080769944e-05,0.0676737,shared_delay_plus_weighting,scalar_straight_ray_c1500,physical_element_centres
42,0,300042,5,5,SCF-DAS,1499.99999995364,19.9999999069709,1439.39135742188,1550.48400878906,999.999999817875,14.9999998502139,-0.164823579534413,0.999832628321977,0.948999689822568,0.313690023966603,0.900909477090395,0.328351207948427,32.6352100732131,593.434639095248,0.000505093769609892,1.17926526805401e-05,0.0889701,shared_delay_plus_weighting,scalar_straight_ray_c1500,physical_element_centres
42,0,300042,5,5,DMAS,1499.99999995364,19.9999999069709,1439.39135742188,1550.48400878906,999.999999817875,14.9999998502139,-0.164823579534413,0.997672242076687,0.839694969890033,0.539296324229671,0.417434643167561,0.74180222449278,21.3254729561855,126.339381521779,0.00368024545762624,0.000315938926039905,0.108986,shared_delay_plus_weighting,scalar_straight_ray_c1500,physical_element_centres
42,0,300042,5,5,DS-DMAS,1499.99999995364,19.9999999069709,1439.39135742188,1550.48400878906,999.999999817875,14.9999998502139,-0.164823579534413,0.999154806110285,0.924715249515848,0.368957985005177,0.879130161247014,0.425084327220036,23.2464589869665,171.012987483067,0.00198515108783643,0.000136606264817894,2.0959838,shared_delay_plus_weighting,scalar_straight_ray_c1500,physical_element_centres
42,0,300042,5,5,TR,1499.99999995364,19.9999999069709,1439.39135742188,1550.48400878906,999.999999817875,14.9999998502139,-0.164823579534413,0.779116247008863,0.698345283645291,0.725189662372102,0.563910647084549,2.31293861130954,16.9324925413433,1.93286662096477,0.272357628126808,0.0387717064855957,20.2092938,direct_TR_wall_time,heterogeneous_recorded_c_rho,equivalent_element_centres
42,0,300042,10,10,DAS,1499.99999995364,19.9999999069709,1439.39135742188,1550.48400878906,999.999999817875,14.9999998502139,-0.164823579534413,0.983904030090685,0.673200406906481,0.747637131623968,0.531233640534735,2.3034520760168,17.7404592577156,33.7394093661732,0.0167030894058049,0.00216657557531774,0.0745092,shared_delay_plus_weighting,scalar_straight_ray_c1500,physical_element_centres
42,0,300042,10,10,CF-DAS,1499.99999995364,19.9999999069709,1439.39135742188,1550.48400878906,999.999999817875,14.9999998502139,-0.164823579534413,0.998587899188883,0.677109627927118,0.734774844698224,0.873531774212355,1.13736389851968,26.3519836878254,383.257475062693,0.00176334107066422,8.48666654867467e-05,0.0747021,shared_delay_plus_weighting,scalar_straight_ray_c1500,physical_element_centres
42,0,300042,10,10,SCF-DAS,1499.99999995364,19.9999999069709,1439.39135742188,1550.48400878906,999.999999817875,14.9999998502139,-0.164823579534413,0.999812672371406,0.948262173273205,0.315914290164673,0.900566562667387,0.33070436444369,32.1217746130231,537.63848174571,0.000560170303802643,1.38749475880918e-05,0.1007752,shared_delay_plus_weighting,scalar_straight_ray_c1500,physical_element_centres
42,0,300042,10,10,DMAS,1499.99999995364,19.9999999069709,1439.39135742188,1550.48400878906,999.999999817875,14.9999998502139,-0.164823579534413,0.997673262098809,0.84891143750744,0.524204712875843,0.450141171943559,0.711234423044592,21.2763069932926,119.698263867993,0.00377448581735309,0.000325868550017374,0.1205861,shared_delay_plus_weighting,scalar_straight_ray_c1500,physical_element_centres
42,0,300042,10,10,DS-DMAS,1499.99999995364,19.9999999069709,1439.39135742188,1550.48400878906,999.999999817875,14.9999998502139,-0.164823579534413,0.999097280145925,0.927024086519717,0.362253991374783,0.878862257100651,0.419734366214913,22.7130815115684,155.349444010716,0.00213291661153133,0.000156070133201644,2.1113573,shared_delay_plus_weighting,scalar_straight_ray_c1500,physical_element_centres
42,0,300042,10,10,TR,1499.99999995364,19.9999999069709,1439.39135742188,1550.48400878906,999.999999817875,14.9999998502139,-0.164823579534413,0.778704795202864,0.696542718941426,0.727052474962871,0.62320106291733,2.31729500282007,16.9828148986844,1.94257013491723,0.272256755106843,0.0385334522066162,20.5194713,direct_TR_wall_time,heterogeneous_recorded_c_rho,equivalent_element_centres
42,0,300042,15,15,DAS,1499.99999995364,19.9999999069709,1439.39135742188,1550.48400878906,999.999999817875,14.9999998502139,-0.164823579534413,0.98390143836208,0.669121647593337,0.751218713945217,0.643972633054449,2.30814018763808,17.8622093817854,34.0768689772571,0.016701083027555,0.0021361619056429,0.0833602,shared_delay_plus_weighting,scalar_straight_ray_c1500,physical_element_centres
42,0,300042,15,15,CF-DAS,1499.99999995364,19.9999999069709,1439.39135742188,1550.48400878906,999.999999817875,14.9999998502139,-0.164823579534413,0.998583062989302,0.676990453936607,0.734893400326205,0.874487826240768,1.13699227062947,26.385800665162,382.06254927901,0.00176953334144076,8.48337601022494e-05,0.0836671,shared_delay_plus_weighting,scalar_straight_ray_c1500,physical_element_centres
42,0,300042,15,15,SCF-DAS,1499.99999995364,19.9999999069709,1439.39135742188,1550.48400878906,999.999999817875,14.9999998502139,-0.164823579534413,0.999804566892973,0.948002507318031,0.316717995426967,0.899563312978497,0.332556931300718,31.6073703145144,517.841298552681,0.000581710138202206,1.52875579789544e-05,0.1053999,shared_delay_plus_weighting,scalar_straight_ray_c1500,physical_element_centres
42,0,300042,15,15,DMAS,1499.99999995364,19.9999999069709,1439.39135742188,1550.48400878906,999.999999817875,14.9999998502139,-0.164823579534413,0.997681230188816,0.85369678788139,0.516139982592616,0.463755082265702,0.696524378277538,21.2061402741534,116.592948138223,0.00381088423289427,0.000331679585688802,0.128716,shared_delay_plus_weighting,scalar_straight_ray_c1500,physical_element_centres
42,0,300042,15,15,DS-DMAS,1499.99999995364,19.9999999069709,1439.39135742188,1550.48400878906,999.999999817875,14.9999998502139,-0.164823579534413,0.999076158921955,0.927962593543715,0.359383212992153,0.876437226763716,0.417489844483244,22.4962141224962,149.90255956524,0.0021875904582212,0.0001641176592992,2.122824,shared_delay_plus_weighting,scalar_straight_ray_c1500,physical_element_centres
42,0,300042,15,15,TR,1499.99999995364,19.9999999069709,1439.39135742188,1550.48400878906,999.999999817875,14.9999998502139,-0.164823579534413,0.778584101182366,0.695988678803859,0.727645158698112,0.646397400113413,2.31881501712781,16.9980780951999,1.94560354488759,0.27221006088719,0.0384592019315217,20.0733351,direct_TR_wall_time,heterogeneous_recorded_c_rho,equivalent_element_centres
42,0,300042,20,20,DAS,1499.99999995364,19.9999999069709,1439.39135742188,1550.48400878906,999.999999817875,14.9999998502139,-0.164823579534413,0.983900601165659,0.667852015589514,0.752286681323183,0.692248725562591,2.30917773036647,17.9009283502476,34.1814003722857,0.0167009225575366,0.00212664032524046,0.0806464,shared_delay_plus_weighting,scalar_straight_ray_c1500,physical_element_centres
42,0,300042,20,20,CF-DAS,1499.99999995364,19.9999999069709,1439.39135742188,1550.48400878906,999.999999817875,14.9999998502139,-0.164823579534413,0.99858151643678,0.677211286511068,0.734695065084026,0.8747653811007,1.1361030847717,26.3942118018107,381.434766000426,0.00177203667198126,8.48715463800282e-05,0.0808843,shared_delay_plus_weighting,scalar_straight_ray_c1500,physical_element_centres
42,0,300042,20,20,SCF-DAS,1499.99999995364,19.9999999069709,1439.39135742188,1550.48400878906,999.999999817875,14.9999998502139,-0.164823579534413,0.999798802214831,0.947349940102244,0.318647181308034,0.898985339135878,0.334841436546391,31.3374613026294,509.139344498138,0.000594469023600301,1.61159593890779e-05,0.1080844,shared_delay_plus_weighting,scalar_straight_ray_c1500,physical_element_centres
42,0,300042,20,20,DMAS,1499.99999995364,19.9999999069709,1439.39135742188,1550.48400878906,999.999999817875,14.9999998502139,-0.164823579534413,0.997684603077277,0.85567122992366,0.512600475922985,0.473842169586117,0.690018826221509,21.1743428026473,115.303957226393,0.00382620903162683,0.000334234712579155,0.1403865,shared_delay_plus_weighting,scalar_straight_ray_c1500,physical_element_centres
42,0,300042,20,20,DS-DMAS,1499.99999995364,19.9999999069709,1439.39135742188,1550.48400878906,999.999999817875,14.9999998502139,-0.164823579534413,0.99906633908603,0.928101331844787,0.358812984034895,0.874678816541609,0.417028660151914,22.4373988790259,148.045451270023,0.0022103054861652,0.000166948437085168,2.1258354,shared_delay_plus_weighting,scalar_straight_ray_c1500,physical_element_centres
42,0,300042,20,20,TR,1499.99999995364,19.9999999069709,1439.39135742188,1550.48400878906,999.999999817875,14.9999998502139,-0.164823579534413,0.778551261116445,0.695824724077063,0.727833240465992,0.654359893140746,2.3193734448189,17.002474997894,1.94653351323617,0.272186964876829,0.0384364768750576,20.0652464,direct_TR_wall_time,heterogeneous_recorded_c_rho,equivalent_element_centres
42,0,300042,30,30,DAS,1499.99999995364,19.9999999069709,1439.39135742188,1550.48400878906,999.999999817875,14.9999998502139,-0.164823579534413,0.983900234092253,0.667365554959036,0.752652288648785,0.715178728193053,2.30913289675345,17.9165994589828,34.2212961839203,0.0167013565363396,0.0021228620552399,0.1000561,shared_delay_plus_weighting,scalar_straight_ray_c1500,physical_element_centres
42,0,300042,30,30,CF-DAS,1499.99999995364,19.9999999069709,1439.39135742188,1550.48400878906,999.999999817875,14.9999998502139,-0.164823579534413,0.998580863779103,0.67757616480176,0.734363133332696,0.8748981851712,1.1349160946958,26.3954001819708,380.910657759068,0.00177364693802882,8.49370482815536e-05,0.1002845,shared_delay_plus_weighting,scalar_straight_ray_c1500,physical_element_centres
42,0,300042,30,30,SCF-DAS,1499.99999995364,19.9999999069709,1439.39135742188,1550.48400878906,999.999999817875,14.9999998502139,-0.164823579534413,0.999795905309411,0.946617949856634,0.320721614752664,0.899174114652313,0.337620279025371,31.3063268866438,508.699732659565,0.000598617555241564,1.62867002937915e-05,0.1290573,shared_delay_plus_weighting,scalar_straight_ray_c1500,physical_element_centres
42,0,300042,30,30,DMAS,1499.99999995364,19.9999999069709,1439.39135742188,1550.48400878906,999.999999817875,14.9999998502139,-0.164823579534413,0.997677174378707,0.855309799608677,0.512352591042107,0.503691102317341,0.688735524758655,21.2124592205258,115.200558655686,0.0038370611442377,0.000333715023660289,0.1457203,shared_delay_plus_weighting,scalar_straight_ray_c1500,physical_element_centres
42,0,300042,30,30,DS-DMAS,1499.99999995364,19.9999999069709,1439.39135742188,1550.48400878906,999.999999817875,14.9999998502139,-0.164823579534413,0.999057270225869,0.927642851712446,0.360273908308306,0.875205887816007,0.419163971166258,22.4362432435631,147.52005496995,0.00222472540023405,0.00016805995816764,2.1283945,shared_delay_plus_weighting,scalar_straight_ray_c1500,physical_element_centres
42,0,300042,30,30,TR,1499.99999995364,19.9999999069709,1439.39135742188,1550.48400878906,999.999999817875,14.9999998502139,-0.164823579534413,0.778543212398881,0.695768796077815,0.727911949680741,0.657794128251173,2.31968750240239,17.0038382547558,1.94688767202781,0.272168565067418,0.0384278468208021,20.5769728,direct_TR_wall_time,heterogeneous_recorded_c_rho,equivalent_element_centres
43,0,300043,5,5,DAS,1500.00000007947,20.0000000141257,1455.2431640625,1540.92834472656,999.999999981787,15.000000098162,0.19734601332414,0.980396237079116,0.692413837764083,0.728127035880432,0.429813956776034,2.19484510131707,17.3480475390176,26.3074135438381,0.0205333155336499,0.00278648496459111,0.069515,shared_delay_plus_weighting,scalar_straight_ray_c1500,physical_element_centres
43,0,300043,5,5,CF-DAS,1500.00000007947,20.0000000141257,1455.2431640625,1540.92834472656,999.999999981787,15.000000098162,0.19734601332414,0.997691550079124,0.673021569723121,0.738745805187822,0.871727043175858,1.17114351423902,25.9118814226148,236.74649948761,0.00285898000553908,0.000144749491576745,0.0696533,shared_delay_plus_weighting,scalar_straight_ray_c1500,physical_element_centres
43,0,300043,5,5,SCF-DAS,1500.00000007947,20.0000000141257,1455.2431640625,1540.92834472656,999.999999981787,15.000000098162,0.19734601332414,0.999582321525999,0.939377047039036,0.340014796656857,0.906620262699805,0.357817474597328,36.7403518086227,281.044195187507,0.00116772895432476,1.69951287265519e-05,0.089477,shared_delay_plus_weighting,scalar_straight_ray_c1500,physical_element_centres
43,0,300043,5,5,DMAS,1500.00000007947,20.0000000141257,1455.2431640625,1540.92834472656,999.999999981787,15.000000098162,0.19734601332414,0.996203242799048,0.808678540825458,0.580192985657544,0.540165925922769,0.798253878024764,22.9052643119619,90.8112563083664,0.00572314559514977,0.000409610969613266,0.1086709,shared_delay_plus_weighting,scalar_straight_ray_c1500,physical_element_centres
43,0,300043,5,5,DS-DMAS,1500.00000007947,20.0000000141257,1455.2431640625,1540.92834472656,999.999999981787,15.000000098162,0.19734601332414,0.998467676984025,0.912764899861993,0.398119904415458,0.886510428465264,0.446992353399129,26.5968954217584,108.474823116208,0.00348931182923247,0.000163265721420357,2.1031505,shared_delay_plus_weighting,scalar_straight_ray_c1500,physical_element_centres
43,0,300043,5,5,TR,1500.00000007947,20.0000000141257,1455.2431640625,1540.92834472656,999.999999981787,15.000000098162,0.19734601332414,0.778642570335104,0.696702154939052,0.727378953431338,0.576348838975708,2.31814126638161,16.9694140372824,1.9405555315244,0.272223858685981,0.0385882855685092,20.0815989,direct_TR_wall_time,heterogeneous_recorded_c_rho,equivalent_element_centres
43,0,300043,10,10,DAS,1500.00000007947,20.0000000141257,1455.2431640625,1540.92834472656,999.999999981787,15.000000098162,0.19734601332414,0.980456786293479,0.686831018935162,0.734004264411668,0.594504181566215,2.19899997594723,17.5254536372613,26.7877439325816,0.0204668865034453,0.00272131677870374,0.1559052,shared_delay_plus_weighting,scalar_straight_ray_c1500,physical_element_centres
43,0,300043,10,10,CF-DAS,1500.00000007947,20.0000000141257,1455.2431640625,1540.92834472656,999.999999981787,15.000000098162,0.19734601332414,0.997682921930532,0.67390983343125,0.73811007820309,0.873522282541845,1.17048296601929,25.8042385416662,235.347118781024,0.00287007217316704,0.000147123108013415,0.1561194,shared_delay_plus_weighting,scalar_straight_ray_c1500,physical_element_centres
43,0,300043,10,10,SCF-DAS,1500.00000007947,20.0000000141257,1455.2431640625,1540.92834472656,999.999999981787,15.000000098162,0.19734601332414,0.999532788399362,0.938284524012317,0.342987546627482,0.905971089120235,0.362452389389043,36.2504554983812,255.593052719623,0.00129391322756977,1.99242681356103e-05,0.1781436,shared_delay_plus_weighting,scalar_straight_ray_c1500,physical_element_centres
43,0,300043,10,10,DMAS,1500.00000007947,20.0000000141257,1455.2431640625,1540.92834472656,999.999999981787,15.000000098162,0.19734601332414,0.996208023371435,0.819182487072826,0.564895650391477,0.564361761628571,0.768456465460106,22.7392997311727,86.408201551336,0.00584558979289423,0.000426445316873808,0.1941694,shared_delay_plus_weighting,scalar_straight_ray_c1500,physical_element_centres
43,0,300043,10,10,DS-DMAS,1500.00000007947,20.0000000141257,1455.2431640625,1540.92834472656,999.999999981787,15.000000098162,0.19734601332414,0.998381638499935,0.914426771213383,0.393539267717376,0.884140053712273,0.443765425590559,26.0025702927469,100.807598399656,0.0037006514009849,0.000185417047858304,2.2190917,shared_delay_plus_weighting,scalar_straight_ray_c1500,physical_element_centres
43,0,300043,10,10,TR,1500.00000007947,20.0000000141257,1455.2431640625,1540.92834472656,999.999999981787,15.000000098162,0.19734601332414,0.778870720051761,0.696285956937252,0.727639834290405,0.636507588555577,2.31186734267741,16.9934308537121,1.94658849064637,0.271833644258847,0.0384265739067031,20.1025567,direct_TR_wall_time,heterogeneous_recorded_c_rho,equivalent_element_centres
43,0,300043,15,15,DAS,1500.00000007947,20.0000000141257,1455.2431640625,1540.92834472656,999.999999981787,15.000000098162,0.19734601332414,0.980492866296872,0.685679447426375,0.735392990522611,0.681896178698215,2.19816988225421,17.566456088211,26.9196035892595,0.020432311290069,0.00270392531692801,0.061721,shared_delay_plus_weighting,scalar_straight_ray_c1500,physical_element_centres
43,0,300043,15,15,CF-DAS,1500.00000007947,20.0000000141257,1455.2431640625,1540.92834472656,999.999999981787,15.000000098162,0.19734601332414,0.997684124169191,0.675091915191207,0.737121043729294,0.873580422679649,1.16816522924466,25.7317668936552,234.780046915386,0.00287095365454346,0.000148401345007468,0.0618366,shared_delay_plus_weighting,scalar_straight_ray_c1500,physical_element_centres
43,0,300043,15,15,SCF-DAS,1500.00000007947,20.0000000141257,1455.2431640625,1540.92834472656,999.999999981787,15.000000098162,0.19734601332414,0.999510869729801,0.938104593047373,0.343573128080928,0.904721821101809,0.363262533560381,35.6157869762336,244.810144243131,0.00135142892971002,2.23874105032545e-05,0.0809355,shared_delay_plus_weighting,scalar_straight_ray_c1500,physical_element_centres
43,0,300043,15,15,DMAS,1500.00000007947,20.0000000141257,1455.2431640625,1540.92834472656,999.999999981787,15.000000098162,0.19734601332414,0.996224924355976,0.824810599643031,0.556393563794954,0.574366605843047,0.753713339698281,22.5734477328681,84.3408910410405,0.0058853751277284,0.000437624636359126,0.1015621,shared_delay_plus_weighting,scalar_straight_ray_c1500,physical_element_centres
43,0,300043,15,15,DS-DMAS,1500.00000007947,20.0000000141257,1455.2431640625,1540.92834472656,999.999999981787,15.000000098162,0.19734601332414,0.998350896878215,0.915543487243128,0.390470413024695,0.88102418683601,0.441133840226726,25.6836400101594,97.6802681602279,0.00378276171053297,0.000196619679529028,2.1343158,shared_delay_plus_weighting,scalar_straight_ray_c1500,physical_element_centres
43,0,300043,15,15,TR,1500.00000007947,20.0000000141257,1455.2431640625,1540.92834472656,999.999999981787,15.000000098162,0.19734601332414,0.779110644360927,0.696523117654835,0.727322873704768,0.658668917864128,2.30732505202452,16.9937345933283,1.94750880170009,0.271626093525415,0.0383958917037294,51.6803728,direct_TR_wall_time,heterogeneous_recorded_c_rho,equivalent_element_centres
43,0,300043,20,20,DAS,1500.00000007947,20.0000000141257,1455.2431640625,1540.92834472656,999.999999981787,15.000000098162,0.19734601332414,0.98051379764967,0.685691619996664,0.735546534859017,0.716325149089439,2.19669236395175,17.5699039915809,26.9479217111214,0.0204137525758057,0.00270039718776591,0.1181421,shared_delay_plus_weighting,scalar_straight_ray_c1500,physical_element_centres
43,0,300043,20,20,CF-DAS,1500.00000007947,20.0000000141257,1455.2431640625,1540.92834472656,999.999999981787,15.000000098162,0.19734601332414,0.997686761478831,0.67597241591101,0.736363074495442,0.873461670604452,1.1662358494174,25.6878325671653,234.533118883113,0.0028697174162087,0.000149089653394318,0.1184165,shared_delay_plus_weighting,scalar_straight_ray_c1500,physical_element_centres
43,0,300043,20,20,SCF-DAS,1500.00000007947,20.0000000141257,1455.2431640625,1540.92834472656,999.999999981787,15.000000098162,0.19734601332414,0.999506315774643,0.937385446566368,0.345583531274535,0.903921145982249,0.365876110635605,35.226743840752,245.280532510624,0.00135553476910637,2.34840755873389e-05,0.1503155,shared_delay_plus_weighting,scalar_straight_ray_c1500,physical_element_centres
43,0,300043,20,20,DMAS,1500.00000007947,20.0000000141257,1455.2431640625,1540.92834472656,999.999999981787,15.000000098162,0.19734601332414,0.996235655973332,0.827024340734651,0.552915070185744,0.582093920983183,0.747933329376261,22.4927045151226,83.6090399725336,0.00589368994447294,0.000442335768423153,0.1839139,shared_delay_plus_weighting,scalar_straight_ray_c1500,physical_element_centres
43,0,300043,20,20,DS-DMAS,1500.00000007947,20.0000000141257,1455.2431640625,1540.92834472656,999.999999981787,15.000000098162,0.19734601332414,0.998344122940457,0.916033814998986,0.389143449246584,0.879449366180072,0.439928015139624,25.5514862460711,96.7361191138142,0.00380360924773298,0.000200734297435783,4.8996053,shared_delay_plus_weighting,scalar_straight_ray_c1500,physical_element_centres
43,0,300043,20,20,TR,1500.00000007947,20.0000000141257,1455.2431640625,1540.92834472656,999.999999981787,15.000000098162,0.19734601332414,0.779280839132222,0.696806159587729,0.726997224460802,0.665508484860771,2.30445383622735,16.9896978898603,1.94723764673728,0.271513138172955,0.0383977657566561,54.3115715,direct_TR_wall_time,heterogeneous_recorded_c_rho,equivalent_element_centres
43,0,300043,30,30,DAS,1500.00000007947,20.0000000141257,1455.2431640625,1540.92834472656,999.999999981787,15.000000098162,0.19734601332414,0.980532568710097,0.68609826249995,0.735305011665041,0.732091754762456,2.19479409133285,17.5611391361823,26.9451993649053,0.0203979745580958,0.00270103423591642,0.1111169,shared_delay_plus_weighting,scalar_straight_ray_c1500,physical_element_centres
43,0,300043,30,30,CF-DAS,1500.00000007947,20.0000000141257,1455.2431640625,1540.92834472656,999.999999981787,15.000000098162,0.19734601332414,0.997690248109626,0.676873413592188,0.735576970178436,0.873285767031473,1.16416969756815,25.6474797038223,234.359163578377,0.00286759813228046,0.000149673289509391,0.1113559,shared_delay_plus_weighting,scalar_straight_ray_c1500,physical_element_centres
43,0,300043,30,30,SCF-DAS,1500.00000007947,20.0000000141257,1455.2431640625,1540.92834472656,999.999999981787,15.000000098162,0.19734601332414,0.999499723694515,0.936940687880403,0.346677055664013,0.904619692267076,0.367206358394128,35.1500395003159,243.709433598311,0.00136862788303661,2.39212245928146e-05,0.1433731,shared_delay_plus_weighting,scalar_straight_ray_c1500,physical_element_centres
43,0,300043,30,30,DMAS,1500.00000007947,20.0000000141257,1455.2431640625,1540.92834472656,999.999999981787,15.000000098162,0.19734601332414,0.996229984082385,0.826771668652186,0.552810793522102,0.606256685115244,0.747641666478485,22.4965259316577,83.5937828591068,0.00589851276376055,0.000442503007687608,0.1747467,shared_delay_plus_weighting,scalar_straight_ray_c1500,physical_element_centres
43,0,300043,30,30,DS-DMAS,1500.00000007947,20.0000000141257,1455.2431640625,1540.92834472656,999.999999981787,15.000000098162,0.19734601332414,0.998336912718912,0.915736793465194,0.389995556471673,0.879630192825045,0.441393546780264,25.5025243520379,96.6423129541827,0.00381162783531125,0.000202294591728624,4.7012504,shared_delay_plus_weighting,scalar_straight_ray_c1500,physical_element_centres
43,0,300043,30,30,TR,1500.00000007947,20.0000000141257,1455.2431640625,1540.92834472656,999.999999981787,15.000000098162,0.19734601332414,0.779451306793564,0.697143569120605,0.726623512180381,0.66764419911889,2.30174422720202,16.9836521260577,1.94653015951663,0.271416131751985,0.0384107732702554,54.2419844,direct_TR_wall_time,heterogeneous_recorded_c_rho,equivalent_element_centres
44,0,300044,5,5,DAS,1500.00000053975,19.999999854044,1449.70373535156,1548.97131347656,999.999999917216,14.9999996590148,-0.0495927383640083,0.983377763613614,0.682723472143744,0.738158868703998,0.358768533682599,2.24334420248525,17.5378374140647,31.8801575649691,0.0173337923572752,0.00230145092745453,0.0813548,shared_delay_plus_weighting,scalar_straight_ray_c1500,physical_element_centres
44,0,300044,5,5,CF-DAS,1500.00000053975,19.999999854044,1449.70373535156,1548.97131347656,999.999999917216,14.9999996590148,-0.0495927383640083,0.99850871066228,0.673846691352787,0.737788054627565,0.870754282312682,1.14047537119437,26.5744562302831,365.852106403748,0.0018615109080931,8.73258404134836e-05,0.081598,shared_delay_plus_weighting,scalar_straight_ray_c1500,physical_element_centres
44,0,300044,5,5,SCF-DAS,1500.00000053975,19.999999854044,1449.70373535156,1548.97131347656,999.999999917216,14.9999996590148,-0.0495927383640083,0.999780385552722,0.942107173726108,0.33327956144779,0.90278392364909,0.350662166864535,33.2213649139127,511.516921459156,0.000624140559373249,1.36211620628511e-05,0.1122268,shared_delay_plus_weighting,scalar_straight_ray_c1500,physical_element_centres
44,0,300044,5,5,DMAS,1500.00000053975,19.999999854044,1449.70373535156,1548.97131347656,999.999999917216,14.9999996590148,-0.0495927383640083,0.997418188483351,0.837067873284368,0.542969755294477,0.450209708495653,0.733503891542294,21.9352680167254,115.580765326953,0.00410897046382805,0.000328828626640653,0.1376214,shared_delay_plus_weighting,scalar_straight_ray_c1500,physical_element_centres
44,0,300044,5,5,DS-DMAS,1500.00000053975,19.999999854044,1449.70373535156,1548.97131347656,999.999999917216,14.9999996590148,-0.0495927383640083,0.999027518130522,0.922074206411172,0.376000235194346,0.883690835272285,0.42646079902919,24.4600988717848,153.590722594002,0.0022858200395105,0.00013678456455389,2.2451323,shared_delay_plus_weighting,scalar_straight_ray_c1500,physical_element_centres
44,0,300044,5,5,TR,1500.00000053975,19.999999854044,1449.70373535156,1548.97131347656,999.999999917216,14.9999996590148,-0.0495927383640083,0.780181809620922,0.699724660033463,0.724115482279146,0.560027774706813,2.3001445935578,16.9043070796401,1.9342493063417,0.271330397790463,0.0387510163511893,20.6305644,direct_TR_wall_time,heterogeneous_recorded_c_rho,equivalent_element_centres
44,0,300044,10,10,DAS,1500.00000053975,19.999999854044,1449.70373535156,1548.97131347656,999.999999917216,14.9999996590148,-0.0495927383640083,0.983380839539902,0.670760319643647,0.749276423798076,0.539297879146781,2.26215716554445,17.888000546091,32.8688020364649,0.0173082093896119,0.00220725298706524,0.0766842,shared_delay_plus_weighting,scalar_straight_ray_c1500,physical_element_centres
44,0,300044,10,10,CF-DAS,1500.00000053975,19.999999854044,1449.70373535156,1548.97131347656,999.999999917216,14.9999996590148,-0.0495927383640083,0.998492471002799,0.670791846422575,0.740568108052357,0.875388254468035,1.14745337759954,26.7122369632084,364.635381725836,0.0018763186078438,8.66352708375341e-05,0.0768709,shared_delay_plus_weighting,scalar_straight_ray_c1500,physical_element_centres
44,0,300044,10,10,SCF-DAS,1500.00000053975,19.999999854044,1449.70373535156,1548.97131347656,999.999999917216,14.9999996590148,-0.0495927383640083,0.99975236543961,0.938889645789061,0.341979031091195,0.903200461456352,0.361676884046002,32.5472994090668,478.030846663413,0.000684027871410166,1.61327657335055e-05,0.1019306,shared_delay_plus_weighting,scalar_straight_ray_c1500,physical_element_centres
44,0,300044,10,10,DMAS,1500.00000053975,19.999999854044,1449.70373535156,1548.97131347656,999.999999917216,14.9999996590148,-0.0495927383640083,0.997395186681237,0.84326743977627,0.532919762804858,0.476578866541535,0.712821769880003,21.9712355679933,110.552435783371,0.00422032441669168,0.000336344289134999,0.1254449,shared_delay_plus_weighting,scalar_straight_ray_c1500,physical_element_centres
44,0,300044,10,10,DS-DMAS,1500.00000053975,19.999999854044,1449.70373535156,1548.97131347656,999.999999917216,14.9999996590148,-0.0495927383640083,0.998958047215504,0.922223418473014,0.374739884750073,0.88245857035034,0.426494767473011,24.1281399326297,143.057433725221,0.00244012779392974,0.000151706984215463,2.8974262,shared_delay_plus_weighting,scalar_straight_ray_c1500,physical_element_centres
44,0,300044,10,10,TR,1500.00000053975,19.999999854044,1449.70373535156,1548.97131347656,999.999999917216,14.9999996590148,-0.0495927383640083,0.779603134708902,0.697920266077181,0.725850180384939,0.620695237840273,2.30326523941034,16.9574472323775,1.94204868037661,0.271539998554045,0.0385444142095137,54.6983448,direct_TR_wall_time,heterogeneous_recorded_c_rho,equivalent_element_centres
44,0,300044,15,15,DAS,1500.00000053975,19.999999854044,1449.70373535156,1548.97131347656,999.999999917216,14.9999996590148,-0.0495927383640083,0.983384590272721,0.666909195571294,0.752779674488454,0.650433371484135,2.2682811362431,18.0008787094798,33.1889916520089,0.0172968550470896,0.00217732475572423,0.1091651,shared_delay_plus_weighting,scalar_straight_ray_c1500,physical_element_centres
44,0,300044,15,15,CF-DAS,1500.00000053975,19.999999854044,1449.70373535156,1548.97131347656,999.999999917216,14.9999996590148,-0.0495927383640083,0.998487218685802,0.670048250811611,0.74124994394288,0.876297087492615,1.14907912754617,26.7531648546986,364.028177038472,0.00188154994024976,8.6468416770349e-05,0.1093842,shared_delay_plus_weighting,scalar_straight_ray_c1500,physical_element_centres
44,0,300044,15,15,SCF-DAS,1500.00000053975,19.999999854044,1449.70373535156,1548.97131347656,999.999999917216,14.9999996590148,-0.0495927383640083,0.999739054021402,0.938181876020009,0.343966773520278,0.901883267852747,0.364256938033474,32.2055919277809,458.714816841394,0.00071574099967974,1.75580507166132e-05,0.1421295,shared_delay_plus_weighting,scalar_straight_ray_c1500,physical_element_centres
44,0,300044,15,15,DMAS,1500.00000053975,19.999999854044,1449.70373535156,1548.97131347656,999.999999917216,14.9999996590148,-0.0495927383640083,0.997397794780336,0.847369168726831,0.526057435641667,0.489119759655335,0.700750404770745,21.8965425479272,107.9952031597,0.00426002594875402,0.000342440495743363,0.1742596,shared_delay_plus_weighting,scalar_straight_ray_c1500,physical_element_centres
44,0,300044,15,15,DS-DMAS,1500.00000053975,19.999999854044,1449.70373535156,1548.97131347656,999.999999917216,14.9999996590148,-0.0495927383640083,0.998935464714499,0.922968198582243,0.372391877449721,0.879747794414912,0.424137644119727,23.9651968158927,138.721938109865,0.00249842451802109,0.000158272838932831,4.7727303,shared_delay_plus_weighting,scalar_straight_ray_c1500,physical_element_centres
44,0,300044,15,15,TR,1500.00000053975,19.999999854044,1449.70373535156,1548.97131347656,999.999999917216,14.9999996590148,-0.0495927383640083,0.779388478436357,0.697367612442387,0.726366334393955,0.64520583386015,2.30410818748596,16.9742060114994,1.94397958761625,0.271667613662018,0.0384881970462692,54.3039427,direct_TR_wall_time,heterogeneous_recorded_c_rho,equivalent_element_centres
44,0,300044,20,20,DAS,1500.00000053975,19.999999854044,1449.70373535156,1548.97131347656,999.999999917216,14.9999996590148,-0.0495927383640083,0.983387338555891,0.665748591222388,0.753828614625461,0.697620146893015,2.27026678014604,18.0347344046546,33.2884254928204,0.0172914310665014,0.00216817442549847,0.1428461,shared_delay_plus_weighting,scalar_straight_ray_c1500,physical_element_centres
44,0,300044,20,20,CF-DAS,1500.00000053975,19.999999854044,1449.70373535156,1548.97131347656,999.999999917216,14.9999996590148,-0.0495927383640083,0.998485557067131,0.669941150890309,0.741353947079148,0.876563365752297,1.14924782998557,26.7647842259103,363.723359458306,0.00188345159484966,8.64400982647124e-05,0.1431325,shared_delay_plus_weighting,scalar_straight_ray_c1500,physical_element_centres
44,0,300044,20,20,SCF-DAS,1500.00000053975,19.999999854044,1449.70373535156,1548.97131347656,999.999999917216,14.9999996590148,-0.0495927383640083,0.999731946390416,0.938211937310214,0.343831012413346,0.901850557973906,0.364255013512081,32.1805483454583,446.3295112485,0.000734993030785961,1.80823888338227e-05,0.1763045,shared_delay_plus_weighting,scalar_straight_ray_c1500,physical_element_centres
44,0,300044,20,20,DMAS,1500.00000053975,19.999999854044,1449.70373535156,1548.97131347656,999.999999917216,14.9999996590148,-0.0495927383640083,0.997394196295588,0.84827194518054,0.524381359180907,0.497440825178119,0.697699785443868,21.8936732839991,107.25733411991,0.00427655534628484,0.00034388278298316,0.2061734,shared_delay_plus_weighting,scalar_straight_ray_c1500,physical_element_centres
44,0,300044,20,20,DS-DMAS,1500.00000053975,19.999999854044,1449.70373535156,1548.97131347656,999.999999917216,14.9999996590148,-0.0495927383640083,0.99892521350889,0.923061305317532,0.371989461737079,0.87833224648262,0.423671462775968,23.9615002818896,137.23471944824,0.00252323541428479,0.000159912626840734,4.9270658,shared_delay_plus_weighting,scalar_straight_ray_c1500,physical_element_centres
44,0,300044,20,20,TR,1500.00000053975,19.999999854044,1449.70373535156,1548.97131347656,999.999999917216,14.9999996590148,-0.0495927383640083,0.77930282897837,0.697204637923139,0.726510562841176,0.653985384667021,2.3042933466556,16.9794292124739,1.94428389305454,0.271742457441475,0.0384756564189763,43.0856184,direct_TR_wall_time,heterogeneous_recorded_c_rho,equivalent_element_centres
44,0,300044,30,30,DAS,1500.00000053975,19.999999854044,1449.70373535156,1548.97131347656,999.999999917216,14.9999996590148,-0.0495927383640083,0.983390132751035,0.665345503543408,0.754192492274926,0.719797735054517,2.27113429310176,18.0462469396969,33.3266455569092,0.0172872373190578,0.00216477740869968,0.1278926,shared_delay_plus_weighting,scalar_straight_ray_c1500,physical_element_centres
44,0,300044,30,30,CF-DAS,1500.00000053975,19.999999854044,1449.70373535156,1548.97131347656,999.999999917216,14.9999996590148,-0.0495927383640083,0.998484879306204,0.670031482786958,0.741279501933723,0.876686963067467,1.14895271885499,26.7681889724081,363.480603553838,0.00188448778437011,8.64537583812477e-05,0.1280334,shared_delay_plus_weighting,scalar_straight_ray_c1500,physical_element_centres
44,0,300044,30,30,SCF-DAS,1500.00000053975,19.999999854044,1449.70373535156,1548.97131347656,999.999999917216,14.9999996590148,-0.0495927383640083,0.999730050571241,0.937772020175508,0.344913371908612,0.902561433956228,0.365868471266315,32.1493032695198,446.249471809101,0.000737791170453329,1.82166405949739e-05,0.1499529,shared_delay_plus_weighting,scalar_straight_ray_c1500,physical_element_centres
44,0,300044,30,30,DMAS,1500.00000053975,19.999999854044,1449.70373535156,1548.97131347656,999.999999917216,14.9999996590148,-0.0495927383640083,0.997378752315282,0.846658062458203,0.526241987200688,0.525032706043403,0.700187744145712,21.9605633077288,107.668193603427,0.00428647088323142,0.000342035916351911,0.1684093,shared_delay_plus_weighting,scalar_straight_ray_c1500,physical_element_centres
44,0,300044,30,30,DS-DMAS,1500.00000053975,19.999999854044,1449.70373535156,1548.97131347656,999.999999917216,14.9999996590148,-0.0495927383640083,0.998918614373212,0.922473910609817,0.373713018679777,0.879380793950878,0.426278085199282,23.9481105359801,137.397652063201,0.00252903654605653,0.000160527550345382,2.1949883,shared_delay_plus_weighting,scalar_straight_ray_c1500,physical_element_centres
44,0,300044,30,30,TR,1500.00000053975,19.999999854044,1449.70373535156,1548.97131347656,999.999999917216,14.9999996590148,-0.0495927383640083,0.779248417624385,0.697149511383822,0.7265504538142,0.658037864397172,2.30428448434736,16.9815134567121,1.94408652221951,0.271810039415792,0.0384759915516582,20.3274575,direct_TR_wall_time,heterogeneous_recorded_c_rho,equivalent_element_centres
45,0,300045,5,5,DAS,1499.99999977152,20.0000002477451,1452.89331054688,1550.10009765625,1000.00000002318,14.9999999098337,0.113114885860181,0.984071059553971,0.714555366162442,0.708152202771113,0.381871228277175,1.90001993418331,17.2880516855837,30.4629454218223,0.0171831204662528,0.00234800734185173,0.0590031,shared_delay_plus_weighting,scalar_straight_ray_c1500,physical_element_centres
45,0,300045,5,5,CF-DAS,1499.99999977152,20.0000002477451,1452.89331054688,1550.10009765625,1000.00000002318,14.9999999098337,0.113114885860181,0.998467661485559,0.708553890082867,0.704691070484858,0.872444490719518,1.04893466729635,25.9510791441835,324.71013218054,0.00199259776690382,0.000100430513227017,0.059132,shared_delay_plus_weighting,scalar_straight_ray_c1500,physical_element_centres
45,0,300045,5,5,SCF-DAS,1499.99999977152,20.0000002477451,1452.89331054688,1550.10009765625,1000.00000002318,14.9999999098337,0.113114885860181,0.99980370775303,0.95428688957685,0.297760969758776,0.904204499880408,0.310114459986361,31.0442001541624,454.664147357732,0.000623202651914223,1.74750845230825e-05,0.0791202,shared_delay_plus_weighting,scalar_straight_ray_c1500,physical_element_centres
45,0,300045,5,5,DMAS,1499.99999977152,20.0000002477451,1452.89331054688,1550.10009765625,1000.00000002318,14.9999999098337,0.113114885860181,0.997514291800752,0.849934722085539,0.521766988351118,0.475134745826871,0.717428309810301,20.7243593373095,111.319569169814,0.00400102602868291,0.000368089483679676,0.1019583,shared_delay_plus_weighting,scalar_straight_ray_c1500,physical_element_centres
45,0,300045,5,5,DS-DMAS,1499.99999977152,20.0000002477451,1452.89331054688,1550.10009765625,1000.00000002318,14.9999999098337,0.113114885860181,0.999107866226032,0.930567926177377,0.354568052505717,0.886168830065689,0.408987180512259,22.6650005966499,149.815640943901,0.00216069459875468,0.000158980316212878,2.0979233,shared_delay_plus_weighting,scalar_straight_ray_c1500,physical_element_centres
45,0,300045,5,5,TR,1499.99999977152,20.0000002477451,1452.89331054688,1550.10009765625,1000.00000002318,14.9999999098337,0.113114885860181,0.782091688329368,0.70152132266226,0.722050692555698,0.566861689249593,2.28254834832787,16.8825647700707,1.94229894383282,0.269167392903164,0.0385384469840448,32.6786567,direct_TR_wall_time,heterogeneous_recorded_c_rho,equivalent_element_centres
45,0,300045,10,10,DAS,1499.99999977152,20.0000002477451,1452.89331054688,1550.10009765625,1000.00000002318,14.9999999098337,0.113114885860181,0.984054399557405,0.704079258098213,0.718281127474244,0.555283312972488,1.91395939280112,17.6098824485558,31.3706117510587,0.0171666274319881,0.00226042894220895,0.0755989,shared_delay_plus_weighting,scalar_straight_ray_c1500,physical_element_centres
45,0,300045,10,10,CF-DAS,1499.99999977152,20.0000002477451,1452.89331054688,1550.10009765625,1000.00000002318,14.9999999098337,0.113114885860181,0.99844993969003,0.705576427131909,0.707641229696883,0.875942479878357,1.05528409542591,26.0456203662208,323.71331982106,0.00200892586388797,0.000100157365338975,0.0757745,shared_delay_plus_weighting,scalar_straight_ray_c1500,physical_element_centres
45,0,300045,10,10,SCF-DAS,1499.99999977152,20.0000002477451,1452.89331054688,1550.10009765625,1000.00000002318,14.9999999098337,0.113114885860181,0.999775016031857,0.955941712325238,0.292434156331987,0.904830074332376,0.303489116522013,31.1428376546994,382.571697384299,0.000727553228710839,2.01707891493995e-05,0.0981226,shared_delay_plus_weighting,scalar_straight_ray_c1500,physical_element_centres
45,0,300045,10,10,DMAS,1499.99999977152,20.0000002477451,1452.89331054688,1550.10009765625,1000.00000002318,14.9999999098337,0.113114885860181,0.997516013597069,0.857913086026749,0.50825359669824,0.501916946810199,0.691339108393599,20.6395524092196,105.904576297499,0.00409146222975549,0.000380102674909629,0.1207002,shared_delay_plus_weighting,scalar_straight_ray_c1500,physical_element_centres
45,0,300045,10,10,DS-DMAS,1499.99999977152,20.0000002477451,1452.89331054688,1550.10009765625,1000.00000002318,14.9999999098337,0.113114885860181,0.9990493402004,0.93233112631671,0.349110296146708,0.885744970187783,0.405129319826784,22.2021842651294,137.108757907324,0.00231163176478172,0.000179394630665897,3.119863,shared_delay_plus_weighting,scalar_straight_ray_c1500,physical_element_centres
45,0,300045,10,10,TR,1499.99999977152,20.0000002477451,1452.89331054688,1550.10009765625,1000.00000002318,14.9999999098337,0.113114885860181,0.780976639214624,0.698659859297908,0.724936284565545,0.622552083125884,2.29445451990229,16.9575891518085,1.95235466503061,0.269770999812658,0.0382926836518243,55.0233977,direct_TR_wall_time,heterogeneous_recorded_c_rho,equivalent_element_centres
45,0,300045,15,15,DAS,1499.99999977152,20.0000002477451,1452.89331054688,1550.10009765625,1000.00000002318,14.9999999098337,0.113114885860181,0.984046950709874,0.700570950315706,0.721479370205919,0.656861534166188,1.91887468970226,17.7144501291268,31.6673103794791,0.0171605950307865,0.00223259442613826,0.1260779,shared_delay_plus_weighting,scalar_straight_ray_c1500,physical_element_centres
45,0,300045,15,15,CF-DAS,1499.99999977152,20.0000002477451,1452.89331054688,1550.10009765625,1000.00000002318,14.9999999098337,0.113114885860181,0.998443781620414,0.704605804685259,0.708595885644563,0.87659888053496,1.0572014360021,26.0763659310482,323.311598901322,0.00201476146665654,0.000100093376462527,0.1263364,shared_delay_plus_weighting,scalar_straight_ray_c1500,physical_element_centres
45,0,300045,15,15,SCF-DAS,1499.99999977152,20.0000002477451,1452.89331054688,1550.10009765625,1000.00000002318,14.9999999098337,0.113114885860181,0.999770148108079,0.956226091576295,0.291755786342502,0.903339164048616,0.303370445215562,30.4389711103701,372.093624809818,0.000743424869976563,2.23505662301365e-05,0.1600151,shared_delay_plus_weighting,scalar_straight_ray_c1500,physical_element_centres
45,0,300045,15,15,DMAS,1499.99999977152,20.0000002477451,1452.89331054688,1550.10009765625,1000.00000002318,14.9999999098337,0.113114885860181,0.997528378902072,0.862153105776553,0.500769858204169,0.512865955813977,0.679751591699917,20.4968380942449,103.481810762376,0.00411299081266888,0.000388432745680896,0.190875,shared_delay_plus_weighting,scalar_straight_ray_c1500,physical_element_centres
45,0,300045,15,15,DS-DMAS,1499.99999977152,20.0000002477451,1452.89331054688,1550.10009765625,1000.00000002318,14.9999999098337,0.113114885860181,0.99903190524242,0.933002604453779,0.346715806584596,0.882688452957877,0.40443967953087,21.8990365681922,133.337142052318,0.00235079062774256,0.000188913120645315,4.8429051,shared_delay_plus_weighting,scalar_straight_ray_c1500,physical_element_centres
45,0,300045,15,15,TR,1499.99999977152,20.0000002477451,1452.89331054688,1550.10009765625,1000.00000002318,14.9999999098337,0.113114885860181,0.780457373783182,0.69750186222154,0.726104362657994,0.644642682120545,2.30021889244625,16.9869412575448,1.95556237537017,0.270121494516436,0.0382130832992349,54.6108675,direct_TR_wall_time,heterogeneous_recorded_c_rho,equivalent_element_centres
45,0,300045,20,20,DAS,1499.99999977152,20.0000002477451,1452.89331054688,1550.10009765625,1000.00000002318,14.9999999098337,0.113114885860181,0.984043369012096,0.699426087110789,0.722444452405488,0.6992836821481,1.92068473470393,17.7465796363163,31.7614258145647,0.0171582294234173,0.00222404458226979,0.0872299,shared_delay_plus_weighting,scalar_straight_ray_c1500,physical_element_centres
45,0,300045,20,20,CF-DAS,1499.99999977152,20.0000002477451,1452.89331054688,1550.10009765625,1000.00000002318,14.9999999098337,0.113114885860181,0.998441577465829,0.704291374238421,0.708902863031727,0.876790039267528,1.05773043672204,26.0867796706656,323.138454747574,0.00201694478540345,0.000100081781150615,0.0874812,shared_delay_plus_weighting,scalar_straight_ray_c1500,physical_element_centres
45,0,300045,20,20,SCF-DAS,1499.99999977152,20.0000002477451,1452.89331054688,1550.10009765625,1000.00000002318,14.9999999098337,0.113114885860181,0.999769180274857,0.955167627243632,0.295313053015448,0.902169923982686,0.308301998789037,29.9716414685906,379.297562235726,0.000736717365663053,2.33732354306277e-05,0.1123696,shared_delay_plus_weighting,scalar_straight_ray_c1500,physical_element_centres
45,0,300045,20,20,DMAS,1499.99999977152,20.0000002477451,1452.89331054688,1550.10009765625,1000.00000002318,14.9999999098337,0.113114885860181,0.997534304898646,0.863717273705957,0.497821238716612,0.521399226906994,0.675229924414209,20.4383279407531,102.635199526753,0.00411874840709345,0.000391605575931706,0.1397346,shared_delay_plus_weighting,scalar_straight_ray_c1500,physical_element_centres
45,0,300045,20,20,DS-DMAS,1499.99999977152,20.0000002477451,1452.89331054688,1550.10009765625,1000.00000002318,14.9999999098337,0.113114885860181,0.999025478996375,0.932957018079646,0.346572759701642,0.880679399854381,0.40533343000354,21.7872539884004,132.542317506336,0.00236025654858256,0.000192130587984989,4.7817898,shared_delay_plus_weighting,scalar_straight_ray_c1500,physical_element_centres
45,0,300045,20,20,TR,1499.99999977152,20.0000002477451,1452.89331054688,1550.10009765625,1000.00000002318,14.9999999098337,0.113114885860181,0.780199531749019,0.696996072827044,0.72661641109294,0.652542259367251,2.30316124254273,16.9993189017678,1.956586292052,0.270322081280481,0.0381870031858637,54.5946108,direct_TR_wall_time,heterogeneous_recorded_c_rho,equivalent_element_centres
45,0,300045,30,30,DAS,1499.99999977152,20.0000002477451,1452.89331054688,1550.10009765625,1000.00000002318,14.9999999098337,0.113114885860181,0.984040582897784,0.698927772723341,0.722788581778308,0.719643637548707,1.92170106295419,17.7584400877293,31.799860707409,0.0171567612892699,0.00222081971594637,0.1109446,shared_delay_plus_weighting,scalar_straight_ray_c1500,physical_element_centres
45,0,300045,30,30,CF-DAS,1499.99999977152,20.0000002477451,1452.89331054688,1550.10009765625,1000.00000002318,14.9999999098337,0.113114885860181,0.998440400574543,0.704155163695258,0.709033493102423,0.876879476474786,1.05786297147071,26.091799200526,323.017528418913,0.00201820177496789,0.00010008629752433,0.1111812,shared_delay_plus_weighting,scalar_straight_ray_c1500,physical_element_centres
45,0,300045,30,30,SCF-DAS,1499.99999977152,20.0000002477451,1452.89331054688,1550.10009765625,1000.00000002318,14.9999999098337,0.113114885860181,0.999770720612194,0.953514256223496,0.300613459917306,0.901506854580741,0.314814458172064,29.6530919548689,395.614237152734,0.000718100609770525,2.36336444577691e-05,0.1450433,shared_delay_plus_weighting,scalar_straight_ray_c1500,physical_element_centres
45,0,300045,30,30,DMAS,1499.99999977152,20.0000002477451,1452.89331054688,1550.10009765625,1000.00000002318,14.9999999098337,0.113114885860181,0.997528867065229,0.863344383417074,0.497637214610004,0.550007248285262,0.674513556417518,20.446452328538,102.669455146603,0.00412354561619463,0.000391695143427522,0.1736355,shared_delay_plus_weighting,scalar_straight_ray_c1500,physical_element_centres
45,0,300045,30,30,DS-DMAS,1499.99999977152,20.0000002477451,1452.89331054688,1550.10009765625,1000.00000002318,14.9999999098337,0.113114885860181,0.999020241765098,0.932397326937201,0.348303611295253,0.881180686638222,0.408025267383481,21.7601282270448,132.897604499131,0.00236215617846519,0.000192886661826968,4.8196349,shared_delay_plus_weighting,scalar_straight_ray_c1500,physical_element_centres
45,0,300045,30,30,TR,1499.99999977152,20.0000002477451,1452.89331054688,1550.10009765625,1000.00000002318,14.9999999098337,0.113114885860181,0.77999331590978,0.69663868318382,0.726980120163101,0.656230916456904,2.30556779731187,17.0077267037904,1.95702205407519,0.27050037383018,0.0381752187618771,39.9441549,direct_TR_wall_time,heterogeneous_recorded_c_rho,equivalent_element_centres
46,0,300046,5,5,DAS,1500.00000010596,19.9999997672329,1444.84631347656,1544.94580078125,999.999999955297,15.0000000181127,0.0186743934040397,0.981500548574065,0.689439692243633,0.734726371900045,0.395903154546979,2.35574052875591,17.1508662327664,28.1172722176908,0.0191402819304917,0.00265708237644506,0.0641583,shared_delay_plus_weighting,scalar_straight_ray_c1500,physical_element_centres
46,0,300046,5,5,CF-DAS,1500.00000010596,19.9999997672329,1444.84631347656,1544.94580078125,999.999999955297,15.0000000181127,0.0186743934040397,0.998026266378747,0.687030617303711,0.726320351066256,0.867744746128801,1.1350828617597,25.3914546091584,267.271012773307,0.00247661310707486,0.000133132913590443,0.0643238,shared_delay_plus_weighting,scalar_straight_ray_c1500,physical_element_centres
46,0,300046,5,5,SCF-DAS,1500.00000010596,19.9999997672329,1444.84631347656,1544.94580078125,999.999999955297,15.0000000181127,0.0186743934040397,0.99970503396906,0.947041945848521,0.319294638902957,0.900761459406815,0.334761212325076,33.5154363732855,349.121786609488,0.000876882422591945,1.84999070309313e-05,0.086795,shared_delay_plus_weighting,scalar_straight_ray_c1500,physical_element_centres
46,0,300046,5,5,DMAS,1500.00000010596,19.9999997672329,1444.84631347656,1544.94580078125,999.999999955297,15.0000000181127,0.0186743934040397,0.996838924338631,0.830208794654796,0.548653169434032,0.522885903442679,0.764665866593704,21.3379347799087,97.9592641455307,0.00487667132620545,0.000418048574974648,0.1196798,shared_delay_plus_weighting,scalar_straight_ray_c1500,physical_element_centres
46,0,300046,5,5,DS-DMAS,1500.00000010596,19.9999997672329,1444.84631347656,1544.94580078125,999.999999955297,15.0000000181127,0.0186743934040397,0.998867284058674,0.919503434230077,0.380921029390361,0.876986031157547,0.440235981159888,23.5649682317074,135.985148829468,0.00259080337947704,0.000171864446329335,2.7069721,shared_delay_plus_weighting,scalar_straight_ray_c1500,physical_element_centres
46,0,300046,5,5,TR,1500.00000010596,19.9999997672329,1444.84631347656,1544.94580078125,999.999999955297,15.0000000181127,0.0186743934040397,0.78043417785128,0.699953318851951,0.723701759615022,0.566751954652733,2.28918466850033,16.9241595175734,1.93537692911207,0.271224634912082,0.0386474778904694,23.6620866,direct_TR_wall_time,heterogeneous_recorded_c_rho,equivalent_element_centres
46,0,300046,10,10,DAS,1500.00000010596,19.9999997672329,1444.84631347656,1544.94580078125,999.999999955297,15.0000000181127,0.0186743934040397,0.981438839915274,0.678311257885273,0.74417892280916,0.566626578860194,2.37291387962645,17.4667738358553,28.8509471348098,0.0191781782571927,0.00256725293594517,0.1021872,shared_delay_plus_weighting,scalar_straight_ray_c1500,physical_element_centres
46,0,300046,10,10,CF-DAS,1500.00000010596,19.9999997672329,1444.84631347656,1544.94580078125,999.999999955297,15.0000000181127,0.0186743934040397,0.997991692132133,0.682400403894931,0.730524890924172,0.871284185998312,1.14680442010688,25.5439292408155,265.826141324973,0.00250753203459625,0.000132449409966625,0.1023524,shared_delay_plus_weighting,scalar_straight_ray_c1500,physical_element_centres
46,0,300046,10,10,SCF-DAS,1500.00000010596,19.9999997672329,1444.84631347656,1544.94580078125,999.999999955297,15.0000000181127,0.0186743934040397,0.999660154357977,0.946728527200079,0.319995316589993,0.901427071614478,0.33606252688004,33.1666919446222,304.704565034769,0.00100553667791772,2.20832667930674e-05,0.124415,shared_delay_plus_weighting,scalar_straight_ray_c1500,physical_element_centres
46,0,300046,10,10,DMAS,1500.00000010596,19.9999997672329,1444.84631347656,1544.94580078125,999.999999955297,15.0000000181127,0.0186743934040397,0.996784093514821,0.835421119259812,0.540675823992482,0.542930342513929,0.745977872830946,21.4187239700432,93.5790463039242,0.0050371984287861,0.000427811899996613,0.1449623,shared_delay_plus_weighting,scalar_straight_ray_c1500,physical_element_centres
46,0,300046,10,10,DS-DMAS,1500.00000010596,19.9999997672329,1444.84631347656,1544.94580078125,999.999999955297,15.0000000181127,0.0186743934040397,0.998772474070525,0.920235386551673,0.378476609637994,0.876525548590458,0.438793035511406,23.341932501807,124.351473768035,0.00280834860893679,0.000191141236883531,2.1801024,shared_delay_plus_weighting,scalar_straight_ray_c1500,physical_element_centres
46,0,300046,10,10,TR,1500.00000010596,19.9999997672329,1444.84631347656,1544.94580078125,999.999999955297,15.0000000181127,0.0186743934040397,0.780045808800376,0.698472868410411,0.725210275083828,0.628033321519421,2.29494909963876,16.9623413990818,1.94281046832131,0.271188268803526,0.0384728030013902,19.9641666,direct_TR_wall_time,heterogeneous_recorded_c_rho,equivalent_element_centres
46,0,300046,15,15,DAS,1500.00000010596,19.9999997672329,1444.84631347656,1544.94580078125,999.999999955297,15.0000000181127,0.0186743934040397,0.981406181366592,0.674275482481964,0.747311544229067,0.664162559553389,2.37838775348204,17.5812111599832,29.0962707797443,0.0192022659163663,0.0025368332516227,0.0783835,shared_delay_plus_weighting,scalar_straight_ray_c1500,physical_element_centres
46,0,300046,15,15,CF-DAS,1500.00000010596,19.9999997672329,1444.84631347656,1544.94580078125,999.999999955297,15.0000000181127,0.0186743934040397,0.99797747754928,0.680410956617824,0.732302024822807,0.872110339848951,1.15187093882073,25.6115610776273,265.298117028504,0.00251994405872571,0.000132072636011546,0.078469,shared_delay_plus_weighting,scalar_straight_ray_c1500,physical_element_centres
46,0,300046,15,15,SCF-DAS,1500.00000010596,19.9999997672329,1444.84631347656,1544.94580078125,999.999999955297,15.0000000181127,0.0186743934040397,0.999631336736798,0.946094968267265,0.321714822763019,0.90150671404608,0.338151256010056,33.0894221208254,284.104779646741,0.00108403142162838,2.40198762036566e-05,0.0990362,shared_delay_plus_weighting,scalar_straight_ray_c1500,physical_element_centres
46,0,300046,15,15,DMAS,1500.00000010596,19.9999997672329,1444.84631347656,1544.94580078125,999.999999955297,15.0000000181127,0.0186743934040397,0.996761108305714,0.838156688924509,0.536430550443451,0.549146025637765,0.736459232326031,21.4415431950436,91.4965995829425,0.00511238429691823,0.000433058265844129,0.1285616,shared_delay_plus_weighting,scalar_straight_ray_c1500,physical_element_centres
46,0,300046,15,15,DS-DMAS,1500.00000010596,19.9999997672329,1444.84631347656,1544.94580078125,999.999999955297,15.0000000181127,0.0186743934040397,0.998727894677842,0.920576895460849,0.377271039512422,0.874447827295877,0.437406653243207,23.3057002838376,119.484240382049,0.00291343318928599,0.000199122368360258,2.1483763,shared_delay_plus_weighting,scalar_straight_ray_c1500,physical_element_centres
46,0,300046,15,15,TR,1500.00000010596,19.9999997672329,1444.84631347656,1544.94580078125,999.999999955297,15.0000000181127,0.0186743934040397,0.779939066532377,0.698106970748658,0.725595195325952,0.652442660275002,2.29720293511878,16.97059720871,1.94451157838252,0.271179439914807,0.0384350012018096,19.9306162,direct_TR_wall_time,heterogeneous_recorded_c_rho,equivalent_element_centres
46,0,300046,20,20,DAS,1500.00000010596,19.9999997672329,1444.84631347656,1544.94580078125,999.999999955297,15.0000000181127,0.0186743934040397,0.981388462167697,0.672774726838815,0.748351619008159,0.704346190336878,2.38011283864554,17.6236162510195,29.1780153317294,0.0192166859821624,0.00252637421937604,0.0620756,shared_delay_plus_weighting,scalar_straight_ray_c1500,physical_element_centres
46,0,300046,20,20,CF-DAS,1500.00000010596,19.9999997672329,1444.84631347656,1544.94580078125,999.999999955297,15.0000000181127,0.0186743934040397,0.997971235670485,0.679493495953162,0.733111704319923,0.872397373829911,1.1542000744628,25.6439685021406,265.096771918267,0.00252527568561101,0.000131859180436086,0.0622196,shared_delay_plus_weighting,scalar_straight_ray_c1500,physical_element_centres
46,0,300046,20,20,SCF-DAS,1500.00000010596,19.9999997672329,1444.84631347656,1544.94580078125,999.999999955297,15.0000000181127,0.0186743934040397,0.999620676035566,0.94590318790593,0.322203460056409,0.901760496132783,0.338654821410939,33.2020952110752,277.064285563731,0.00111362778788791,2.43576451147923e-05,0.0807364,shared_delay_plus_weighting,scalar_straight_ray_c1500,physical_element_centres
46,0,300046,20,20,DMAS,1500.00000010596,19.9999997672329,1444.84631347656,1544.94580078125,999.999999955297,15.0000000181127,0.0186743934040397,0.996747321144328,0.83865084799024,0.535611268154417,0.55415096361912,0.734123722708666,21.4723180405715,90.8520921919538,0.00514377529875931,0.000434176273227265,0.1023906,shared_delay_plus_weighting,scalar_straight_ray_c1500,physical_element_centres
46,0,300046,20,20,DS-DMAS,1500.00000010596,19.9999997672329,1444.84631347656,1544.94580078125,999.999999955297,15.0000000181127,0.0186743934040397,0.998708662889601,0.920269827823492,0.377869136126636,0.873366029250879,0.438180418088856,23.32644498501,118.136424503173,0.00295253008190462,0.000201313121009166,2.104626,shared_delay_plus_weighting,scalar_straight_ray_c1500,physical_element_centres
46,0,300046,20,20,TR,1500.00000010596,19.9999997672329,1444.84631347656,1544.94580078125,999.999999955297,15.0000000181127,0.0186743934040397,0.779914366574666,0.69805023786934,0.725664291549095,0.660816097169591,2.29815499329034,16.9710229219416,1.94467852809655,0.271178151434955,0.0384329348590744,19.9253928,direct_TR_wall_time,heterogeneous_recorded_c_rho,equivalent_element_centres
46,0,300046,30,30,DAS,1500.00000010596,19.9999997672329,1444.84631347656,1544.94580078125,999.999999955297,15.0000000181127,0.0186743934040397,0.981373278460264,0.671927695002926,0.748830693235364,0.723297459873874,2.3808196276212,17.6473819963292,29.2157786268372,0.0192298731292811,0.00252120012007162,0.070812,shared_delay_plus_weighting,scalar_straight_ray_c1500,physical_element_centres
46,0,300046,30,30,CF-DAS,1500.00000010596,19.9999997672329,1444.84631347656,1544.94580078125,999.999999955297,15.0000000181127,0.0186743934040397,0.99796681672778,0.678809238961151,0.733708741656338,0.872565700109908,1.15592661958642,25.6690501878073,264.977699400483,0.00252896267436369,0.000131670932154955,0.0709317,shared_delay_plus_weighting,scalar_straight_ray_c1500,physical_element_centres
46,0,300046,30,30,SCF-DAS,1500.00000010596,19.9999997672329,1444.84631347656,1544.94580078125,999.999999955297,15.0000000181127,0.0186743934040397,0.999613160234114,0.945351934630418,0.32367619318808,0.90247307877985,0.340291331307678,33.2476183134254,274.368155585443,0.00112983676845668,2.4582994742428e-05,0.0906922,shared_delay_plus_weighting,scalar_straight_ray_c1500,physical_element_centres
46,0,300046,30,30,DMAS,1500.00000010596,19.9999997672329,1444.84631347656,1544.94580078125,999.999999955297,15.0000000181127,0.0186743934040397,0.996720258195699,0.836921008274493,0.537904566908608,0.576082414073135,0.736852261313857,21.5602951400274,90.9847064616341,0.00517012482930634,0.000432002511828527,0.110184,shared_delay_plus_weighting,scalar_straight_ray_c1500,physical_element_centres
46,0,300046,30,30,DS-DMAS,1500.00000010596,19.9999997672329,1444.84631347656,1544.94580078125,999.999999955297,15.0000000181127,0.0186743934040397,0.998688872705236,0.9193430827323,0.380362161929,0.874542978826634,0.441287665676937,23.3780182072562,117.647987691074,0.00298297843375248,0.000202185126067057,2.1067555,shared_delay_plus_weighting,scalar_straight_ray_c1500,physical_element_centres
46,0,300046,30,30,TR,1500.00000010596,19.9999997672329,1444.84631347656,1544.94580078125,999.999999955297,15.0000000181127,0.0186743934040397,0.779913646121822,0.698089054833269,0.72563739651433,0.66430871576843,2.29880366585957,16.9688889385519,1.94435564736726,0.271179206486876,0.038442527937865,19.8584485,direct_TR_wall_time,heterogeneous_recorded_c_rho,equivalent_element_centres
47,0,300047,5,5,DAS,1500.00000012583,20.0000001309413,1455.76672363281,1565.41748046875,1000.00000017219,15.0000000603009,-0.39195468718183,0.985436982898806,0.697533737306509,0.723980819533279,0.319551682153369,2.19184128610285,17.1818134476261,35.0082512840644,0.0152419572465378,0.00210838572303541,0.0690832,shared_delay_plus_weighting,scalar_straight_ray_c1500,physical_element_centres
47,0,300047,5,5,CF-DAS,1500.00000012583,20.0000001309413,1455.76672363281,1565.41748046875,1000.00000017219,15.0000000603009,-0.39195468718183,0.998888547875667,0.707176034283801,0.705496364301569,0.866072603793442,1.04681121019297,26.290134546843,449.523343192437,0.00144467906519862,7.00268598538571e-05,0.0692607,shared_delay_plus_weighting,scalar_straight_ray_c1500,physical_element_centres
47,0,300047,5,5,SCF-DAS,1500.00000012583,20.0000001309413,1455.76672363281,1565.41748046875,1000.00000017219,15.0000000603009,-0.39195468718183,0.999859583133968,0.955228398288932,0.294512889546121,0.903554778820142,0.305225910453855,32.5463858092797,622.963545141685,0.000451959718931353,1.06605703245148e-05,0.0906599,shared_delay_plus_weighting,scalar_straight_ray_c1500,physical_element_centres
47,0,300047,5,5,DMAS,1500.00000012583,20.0000001309413,1455.76672363281,1565.41748046875,1000.00000017219,15.0000000603009,-0.39195468718183,0.998106037064113,0.869311429798515,0.493472391862111,0.417227882454237,0.650245585213002,21.1106654381956,128.607862661886,0.00328129698444169,0.000288743533923279,0.1120782,shared_delay_plus_weighting,scalar_straight_ray_c1500,physical_element_centres
47,0,300047,5,5,DS-DMAS,1500.00000012583,20.0000001309413,1455.76672363281,1565.41748046875,1000.00000017219,15.0000000603009,-0.39195468718183,0.999246196026457,0.933449004646557,0.34724594745161,0.883073868749345,0.399980073959907,22.4229742852108,170.261053967365,0.00185507071885921,0.000140349786442758,2.0958371,shared_delay_plus_weighting,scalar_straight_ray_c1500,physical_element_centres
47,0,300047,5,5,TR,1500.00000012583,20.0000001309413,1455.76672363281,1565.41748046875,1000.00000017219,15.0000000603009,-0.39195468718183,0.778942164872607,0.697355445047395,0.725866179558872,0.57149116774082,2.30974187977454,16.9726486549269,1.93881589903911,0.272357331938441,0.0385928310608318,20.6323784,direct_TR_wall_time,heterogeneous_recorded_c_rho,equivalent_element_centres
47,0,300047,10,10,DAS,1500.00000012583,20.0000001309413,1455.76672363281,1565.41748046875,1000.00000017219,15.0000000603009,-0.39195468718183,0.985416386069238,0.683356626993705,0.737555491567847,0.499583964897011,2.2119597938346,17.6012113444226,36.3109831081935,0.0152423025161457,0.00200904659675387,0.0775181,shared_delay_plus_weighting,scalar_straight_ray_c1500,physical_element_centres
47,0,300047,10,10,CF-DAS,1500.00000012583,20.0000001309413,1455.76672363281,1565.41748046875,1000.00000017219,15.0000000603009,-0.39195468718183,0.998873417839242,0.705209495906512,0.707385131672477,0.872019915541805,1.0494903328523,26.445428154575,445.949683507488,0.00146195309781219,6.96084610403752e-05,0.0776972,shared_delay_plus_weighting,scalar_straight_ray_c1500,physical_element_centres
47,0,300047,10,10,SCF-DAS,1500.00000012583,20.0000001309413,1455.76672363281,1565.41748046875,1000.00000017219,15.0000000603009,-0.39195468718183,0.999834977180437,0.954612088790093,0.29631315702972,0.904704311705095,0.30653100793143,32.7775282768913,537.140818158572,0.000527687735373249,1.21199432547677e-05,0.1014069,shared_delay_plus_weighting,scalar_straight_ray_c1500,physical_element_centres
47,0,300047,10,10,DMAS,1500.00000012583,20.0000001309413,1455.76672363281,1565.41748046875,1000.00000017219,15.0000000603009,-0.39195468718183,0.998087827830168,0.874563477005336,0.483696046746664,0.445536748025471,0.629353410289641,21.2532194400565,122.585065641594,0.00338672836507974,0.000293169909630743,0.1179544,shared_delay_plus_weighting,scalar_straight_ray_c1500,physical_element_centres
47,0,300047,10,10,DS-DMAS,1500.00000012583,20.0000001309413,1455.76672363281,1565.41748046875,1000.00000017219,15.0000000603009,-0.39195468718183,0.999182361994197,0.93388837008668,0.345194979283015,0.882677691444736,0.398707207510981,22.216641818801,155.93045712648,0.00201058180815135,0.000155772093905959,2.1210921,shared_delay_plus_weighting,scalar_straight_ray_c1500,physical_element_centres
47,0,300047,10,10,TR,1500.00000012583,20.0000001309413,1455.76672363281,1565.41748046875,1000.00000017219,15.0000000603009,-0.39195468718183,0.778501077109881,0.695713584017466,0.727665899251842,0.62710042268619,2.31673684445147,17.0131665493423,1.94683516466639,0.272326553146654,0.0384088816254291,20.2958441,direct_TR_wall_time,heterogeneous_recorded_c_rho,equivalent_element_centres
47,0,300047,15,15,DAS,1500.00000012583,20.0000001309413,1455.76672363281,1565.41748046875,1000.00000017219,15.0000000603009,-0.39195468718183,0.985406750738339,0.678643729208806,0.741926482699636,0.620047200576404,2.21794203927857,17.7411817764841,36.7300248362522,0.0152459149589319,0.00197739942776324,0.0771033,shared_delay_plus_weighting,scalar_straight_ray_c1500,physical_element_centres
47,0,300047,15,15,CF-DAS,1500.00000012583,20.0000001309413,1455.76672363281,1565.41748046875,1000.00000017219,15.0000000603009,-0.39195468718183,0.99886760253764,0.704900135585371,0.70766110262378,0.872999440840601,1.04943468883265,26.4903477063712,444.043724465026,0.0014692780938359,6.95963747925329e-05,0.0772401,shared_delay_plus_weighting,scalar_straight_ray_c1500,physical_element_centres
47,0,300047,15,15,SCF-DAS,1500.00000012583,20.0000001309413,1455.76672363281,1565.41748046875,1000.00000017219,15.0000000603009,-0.39195468718183,0.999826202389995,0.954043138147261,0.298105443545273,0.904027623454607,0.308599673682762,32.6917771116115,516.247098212242,0.000552065962531638,1.2805664401784e-05,0.0979856,shared_delay_plus_weighting,scalar_straight_ray_c1500,physical_element_centres
47,0,300047,15,15,DMAS,1500.00000012583,20.0000001309413,1455.76672363281,1565.41748046875,1000.00000017219,15.0000000603009,-0.39195468718183,0.998089836063249,0.877767037092726,0.47757840943221,0.45652065239032,0.618508911853043,21.2502576653719,119.772634815011,0.00342315216170866,0.000296423971052225,0.1172086,shared_delay_plus_weighting,scalar_straight_ray_c1500,physical_element_centres
47,0,300047,15,15,DS-DMAS,1500.00000012583,20.0000001309413,1455.76672363281,1565.41748046875,1000.00000017219,15.0000000603009,-0.39195468718183,0.999160855491593,0.9341734479316,0.343888094560878,0.880173888136254,0.397821671026115,22.1125512935346,151.287944730512,0.00206323418369958,0.000161778557948467,2.1052097,shared_delay_plus_weighting,scalar_straight_ray_c1500,physical_element_centres
47,0,300047,15,15,TR,1500.00000012583,20.0000001309413,1455.76672363281,1565.41748046875,1000.00000017219,15.0000000603009,-0.39195468718183,0.778356834219921,0.695225637393191,0.728248996449103,0.648262107859398,2.31981734876462,17.0235562525191,1.94905066102719,0.272318515470536,0.0383618336940073,20.1676305,direct_TR_wall_time,heterogeneous_recorded_c_rho,equivalent_element_centres
47,0,300047,20,20,DAS,1500.00000012583,20.0000001309413,1455.76672363281,1565.41748046875,1000.00000017219,15.0000000603009,-0.39195468718183,0.985401948141556,0.677154756892896,0.74328102319797,0.673923749533699,2.21956879397757,17.7854844804354,36.8571940319308,0.0152490266656338,0.00196774084202479,0.0702442,shared_delay_plus_weighting,scalar_straight_ray_c1500,physical_element_centres
47,0,300047,20,20,CF-DAS,1500.00000012583,20.0000001309413,1455.76672363281,1565.41748046875,1000.00000017219,15.0000000603009,-0.39195468718183,0.998865232778208,0.704976757346374,0.707570025389528,0.873245097693671,1.04889676144056,26.5028846442462,443.020645681945,0.00147259716086715,6.96529839794038e-05,0.0704026,shared_delay_plus_weighting,scalar_straight_ray_c1500,physical_element_centres
47,0,300047,20,20,SCF-DAS,1500.00000012583,20.0000001309413,1455.76672363281,1565.41748046875,1000.00000017219,15.0000000603009,-0.39195468718183,0.999825424930622,0.953904033573647,0.298680482205046,0.90261671571452,0.309707726061824,32.3123457619336,515.466413319706,0.000553239428127955,1.34058956825702e-05,0.0904356,shared_delay_plus_weighting,scalar_straight_ray_c1500,physical_element_centres
47,0,300047,20,20,DMAS,1500.00000012583,20.0000001309413,1455.76672363281,1565.41748046875,1000.00000017219,15.0000000603009,-0.39195468718183,0.998094205213496,0.879208591245125,0.47457604041291,0.465861490732258,0.613791810895599,21.2249200069204,118.717835552852,0.00343218034258709,0.000298074002497249,0.1109427,shared_delay_plus_weighting,scalar_straight_ray_c1500,physical_element_centres
47,0,300047,20,20,DS-DMAS,1500.00000012583,20.0000001309413,1455.76672363281,1565.41748046875,1000.00000017219,15.0000000603009,-0.39195468718183,0.999157391701486,0.934628995281359,0.342425053589638,0.878247310238002,0.396770865788535,22.0255073659818,149.653438205076,0.00207510725255003,0.000164348286309536,2.0984367,shared_delay_plus_weighting,scalar_straight_ray_c1500,physical_element_centres
47,0,300047,20,20,TR,1500.00000012583,20.0000001309413,1455.76672363281,1565.41748046875,1000.00000017219,15.0000000603009,-0.39195468718183,0.778308584675863,0.695090610741494,0.728440257177031,0.655538006415037,2.32127652074247,17.0254367447632,1.94956476945662,0.272316903898158,0.0383533022936651,35.8624164,direct_TR_wall_time,heterogeneous_recorded_c_rho,equivalent_element_centres
47,0,300047,30,30,DAS,1500.00000012583,20.0000001309413,1455.76672363281,1565.41748046875,1000.00000017219,15.0000000603009,-0.39195468718183,0.985398094533037,0.676563248274352,0.743801625113057,0.700187937398272,2.21995775087509,17.8031024458484,36.9026553987688,0.0152524018060897,0.00196418828033935,0.1184997,shared_delay_plus_weighting,scalar_straight_ray_c1500,physical_element_centres
47,0,300047,30,30,CF-DAS,1500.00000012583,20.0000001309413,1455.76672363281,1565.41748046875,1000.00000017219,15.0000000603009,-0.39195468718183,0.9988636976591,0.705192551657016,0.707343736223142,0.873330809589924,1.04812123646837,26.5064049796027,442.153841058708,0.00147502624838678,6.97396076533966e-05,0.1187524,shared_delay_plus_weighting,scalar_straight_ray_c1500,physical_element_centres
47,0,300047,30,30,SCF-DAS,1500.00000012583,20.0000001309413,1455.76672363281,1565.41748046875,1000.00000017219,15.0000000603009,-0.39195468718183,0.999824837661634,0.95483913003168,0.295630242280108,0.903383190811359,0.306215594349277,32.1959593226904,503.546029937494,0.000560584115007622,1.37671112237816e-05,0.1489906,shared_delay_plus_weighting,scalar_straight_ray_c1500,physical_element_centres
47,0,300047,30,30,DMAS,1500.00000012583,20.0000001309413,1455.76672363281,1565.41748046875,1000.00000017219,15.0000000603009,-0.39195468718183,0.998086346157409,0.878401964612147,0.474976885559192,0.496344244755252,0.613554892266676,21.2863475264394,118.97025285287,0.00344006405683709,0.000296653279106775,0.184673,shared_delay_plus_weighting,scalar_straight_ray_c1500,physical_element_centres
47,0,300047,30,30,DS-DMAS,1500.00000012583,20.0000001309413,1455.76672363281,1565.41748046875,1000.00000017219,15.0000000603009,-0.39195468718183,0.999154167837127,0.934431089649195,0.343252304606827,0.878782390372569,0.398554609703364,21.9533393475506,149.518869012589,0.00207705356570492,0.000165874921155359,4.8384497,shared_delay_plus_weighting,scalar_straight_ray_c1500,physical_element_centres
47,0,300047,30,30,TR,1500.00000012583,20.0000001309413,1455.76672363281,1565.41748046875,1000.00000017219,15.0000000603009,-0.39195468718183,0.778285700666597,0.695054999912328,0.72852700813779,0.658773763668061,2.3223956607394,17.0247306894802,1.94958091634689,0.272317231506176,0.0383564662132775,51.7692967,direct_TR_wall_time,heterogeneous_recorded_c_rho,equivalent_element_centres
48,0,300048,5,5,DAS,1499.99999998344,19.9999999366067,1429.13269042969,1553.35778808594,1000.00000002318,15.0000001157327,0.125698613080178,0.983280418838158,0.690460229661143,0.731468058628727,0.38634195966703,2.15198928101478,17.4638651178921,31.0521731504092,0.0175512870513066,0.00235025893960943,0.0432445,shared_delay_plus_weighting,scalar_straight_ray_c1500,physical_element_centres
48,0,300048,5,5,CF-DAS,1499.99999998344,19.9999999366067,1429.13269042969,1553.35778808594,1000.00000002318,15.0000001157327,0.125698613080178,0.998329037713365,0.695190617772925,0.717671609751849,0.87278439750164,1.07156866331643,26.7190069095612,308.986765429724,0.0021458813735542,9.90045979750836e-05,0.043476,shared_delay_plus_weighting,scalar_straight_ray_c1500,physical_element_centres
48,0,300048,5,5,SCF-DAS,1499.99999998344,19.9999999366067,1429.13269042969,1553.35778808594,1000.00000002318,15.0000001157327,0.125698613080178,0.999733119662146,0.947093130929592,0.31927055372069,0.904434778918252,0.334575771596858,31.7761732196338,385.546334535978,0.00079049819841459,2.03747469454507e-05,0.0586425,shared_delay_plus_weighting,scalar_straight_ray_c1500,physical_element_centres
48,0,300048,5,5,DMAS,1499.99999998344,19.9999999366067,1429.13269042969,1553.35778808594,1000.00000002318,15.0000001157327,0.125698613080178,0.99712636504361,0.840389017439315,0.535855806470601,0.505715535746706,0.732478095396436,21.3709944822689,101.865778414234,0.00456270865813491,0.000389648505296991,0.081169,shared_delay_plus_weighting,scalar_straight_ray_c1500,physical_element_centres
48,0,300048,5,5,DS-DMAS,1499.99999998344,19.9999999366067,1429.13269042969,1553.35778808594,1000.00000002318,15.0000001157327,0.125698613080178,0.998897965455686,0.925261571018192,0.36806090895916,0.887123656652551,0.418794627937487,23.8755730935973,130.138581963427,0.00262425320576736,0.000167968205229714,1.5610901,shared_delay_plus_weighting,scalar_straight_ray_c1500,physical_element_centres
48,0,300048,5,5,TR,1499.99999998344,19.9999999366067,1429.13269042969,1553.35778808594,1000.00000002318,15.0000001157327,0.125698613080178,0.779897954696875,0.697141466452005,0.726484448970027,0.56516127369954,2.30462889727243,16.9889147746894,1.9518331651864,0.27076892053638,0.0382959700516248,22.8138821,direct_TR_wall_time,heterogeneous_recorded_c_rho,equivalent_element_centres
48,0,300048,10,10,DAS,1499.99999998344,19.9999999366067,1429.13269042969,1553.35778808594,1000.00000002318,15.0000001157327,0.125698613080178,0.983277135362728,0.680164199757343,0.741103985400947,0.566395555833568,2.16362105895531,17.7767524061508,31.897238323869,0.0175388150144587,0.00226549249188581,0.0603784,shared_delay_plus_weighting,scalar_straight_ray_c1500,physical_element_centres
48,0,300048,10,10,CF-DAS,1499.99999998344,19.9999999366067,1429.13269042969,1553.35778808594,1000.00000002318,15.0000001157327,0.125698613080178,0.998311042534082,0.692368547384431,0.720426633870422,0.875715264136477,1.07817088784239,26.815478886964,308.012476503195,0.0021623263645286,9.86614057753099e-05,0.0605781,shared_delay_plus_weighting,scalar_straight_ray_c1500,physical_element_centres
48,0,300048,10,10,SCF-DAS,1499.99999998344,19.9999999366067,1429.13269042969,1553.35778808594,1000.00000002318,15.0000001157327,0.125698613080178,0.999702095737886,0.946657239254025,0.32055114662846,0.904157904786451,0.336503357649139,31.6955965222319,348.119807884836,0.000878249012566999,2.28474557072064e-05,0.0829513,shared_delay_plus_weighting,scalar_straight_ray_c1500,physical_element_centres
48,0,300048,10,10,DMAS,1499.99999998344,19.9999999366067,1429.13269042969,1553.35778808594,1000.00000002318,15.0000001157327,0.125698613080178,0.997128028241691,0.847791482362664,0.523752972388997,0.528516605324364,0.708735186623577,21.3160677455221,97.5673490291409,0.00465387052899266,0.000399954796740543,0.1011332,shared_delay_plus_weighting,scalar_straight_ray_c1500,physical_element_centres
48,0,300048,10,10,DS-DMAS,1499.99999998344,19.9999999366067,1429.13269042969,1553.35778808594,1000.00000002318,15.0000001157327,0.125698613080178,0.998836558005455,0.926688667904109,0.363712724317158,0.885072699545377,0.415120759870055,23.5723890286702,120.973966006231,0.00278389393001978,0.00018451566069509,2.1079842,shared_delay_plus_weighting,scalar_straight_ray_c1500,physical_element_centres
48,0,300048,10,10,TR,1499.99999998344,19.9999999366067,1429.13269042969,1553.35778808594,1000.00000002318,15.0000001157327,0.125698613080178,0.77985157805218,0.696227715165633,0.727417823664842,0.622039932456043,2.30770879462674,17.0156941709637,1.95865244494003,0.270490527639,0.0381388288255551,20.4791798,direct_TR_wall_time,heterogeneous_recorded_c_rho,equivalent_element_centres
48,0,300048,15,15,DAS,1499.99999998344,19.9999999366067,1429.13269042969,1553.35778808594,1000.00000002318,15.0000001157327,0.125698613080178,0.983277162873076,0.676891072042904,0.744068811418062,0.672660869975816,2.16646222231956,17.8777509091553,32.1652119362219,0.0175346697194141,0.00223877291715437,0.0641784,shared_delay_plus_weighting,scalar_straight_ray_c1500,physical_element_centres
48,0,300048,15,15,CF-DAS,1499.99999998344,19.9999999366067,1429.13269042969,1553.35778808594,1000.00000002318,15.0000001157327,0.125698613080178,0.998305302575766,0.691456160458178,0.721318254203756,0.876210604907211,1.08038660038965,26.8411971169337,307.714072959994,0.00216745087365671,9.86028361543467e-05,0.0642954,shared_delay_plus_weighting,scalar_straight_ray_c1500,physical_element_centres
48,0,300048,15,15,SCF-DAS,1499.99999998344,19.9999999366067,1429.13269042969,1553.35778808594,1000.00000002318,15.0000001157327,0.125698613080178,0.999691529862609,0.947348769422187,0.318592645487048,0.903529527006231,0.334528572458824,31.5951197133696,331.933776155839,0.000914937039375161,2.40788213095748e-05,0.085115,shared_delay_plus_weighting,scalar_straight_ray_c1500,physical_element_centres
48,0,300048,15,15,DMAS,1499.99999998344,19.9999999366067,1429.13269042969,1553.35778808594,1000.00000002318,15.0000001157327,0.125698613080178,0.997140203864229,0.85154438638875,0.517440207545694,0.5363496568076,0.697936651121457,21.2402751076187,95.7510056566037,0.00467947102936214,0.000405679448854666,0.10546,shared_delay_plus_weighting,scalar_straight_ray_c1500,physical_element_centres
48,0,300048,15,15,DS-DMAS,1499.99999998344,19.9999999366067,1429.13269042969,1553.35778808594,1000.00000002318,15.0000001157327,0.125698613080178,0.998814727358882,0.927260604214949,0.361732034042896,0.882010753239443,0.413967335282597,23.3910874292731,117.842709853271,0.00283905855252872,0.00019214096962717,2.0996537,shared_delay_plus_weighting,scalar_straight_ray_c1500,physical_element_centres
48,0,300048,15,15,TR,1499.99999998344,19.9999999366067,1429.13269042969,1553.35778808594,1000.00000002318,15.0000001157327,0.125698613080178,0.779930790637124,0.696163273973508,0.72750037387606,0.644505562387172,2.30857758292946,17.0179214327277,1.96011141696528,0.270343055967537,0.0381082624153937,20.0384342,direct_TR_wall_time,heterogeneous_recorded_c_rho,equivalent_element_centres
48,0,300048,20,20,DAS,1499.99999998344,19.9999999366067,1429.13269042969,1553.35778808594,1000.00000002318,15.0000001157327,0.125698613080178,0.983277770938672,0.675917657398572,0.744920633412828,0.716890754986108,2.1668676076696,17.9084921929063,32.2458221258846,0.0175332464923888,0.00223068233856446,0.0725469,shared_delay_plus_weighting,scalar_straight_ray_c1500,physical_element_centres
48,0,300048,20,20,CF-DAS,1499.99999998344,19.9999999366067,1429.13269042969,1553.35778808594,1000.00000002318,15.0000001157327,0.125698613080178,0.998303523015614,0.69116135437946,0.721608739193356,0.876317611193136,1.08114040929827,26.8467741928734,307.631506522541,0.00216897311117827,9.86087511077555e-05,0.0726566,shared_delay_plus_weighting,scalar_straight_ray_c1500,physical_element_centres
48,0,300048,20,20,SCF-DAS,1499.99999998344,19.9999999366067,1429.13269042969,1553.35778808594,1000.00000002318,15.0000001157327,0.125698613080178,0.999691203252683,0.946703392810129,0.320562088779922,0.902646804392856,0.337343850974971,31.26398378758,335.541354859554,0.000909386316183516,2.48627535779667e-05,0.0945627,shared_delay_plus_weighting,scalar_straight_ray_c1500,physical_element_centres
48,0,300048,20,20,DMAS,1499.99999998344,19.9999999366067,1429.13269042969,1553.35778808594,1000.00000002318,15.0000001157327,0.125698613080178,0.997146479484498,0.85282166560478,0.515152887733471,0.542538111786903,0.694340643360872,21.1985729524669,95.1983833117431,0.00468306448264911,0.00040794488314616,0.1136246,shared_delay_plus_weighting,scalar_straight_ray_c1500,physical_element_centres
48,0,300048,20,20,DS-DMAS,1499.99999998344,19.9999999366067,1429.13269042969,1553.35778808594,1000.00000002318,15.0000001157327,0.125698613080178,0.998809112430724,0.92716681322846,0.361703952509854,0.880250034217494,0.414770036721307,23.2861659261401,117.431184470754,0.00284586072412524,0.000194941967813111,2.1075814,shared_delay_plus_weighting,scalar_straight_ray_c1500,physical_element_centres
48,0,300048,20,20,TR,1499.99999998344,19.9999999366067,1429.13269042969,1553.35778808594,1000.00000002318,15.0000001157327,0.125698613080178,0.780008638099709,0.696270252567367,0.727406038662223,0.65221873637336,2.30879131876264,17.015084007232,1.96017396425408,0.270262991054057,0.0381094234545126,20.0281414,direct_TR_wall_time,heterogeneous_recorded_c_rho,equivalent_element_centres
48,0,300048,30,30,DAS,1499.99999998344,19.9999999366067,1429.13269042969,1553.35778808594,1000.00000002318,15.0000001157327,0.125698613080178,0.983278657208665,0.67559172451595,0.745176973362201,0.737860781144625,2.16651246129154,17.9195411447543,32.2741162894092,0.0175325355694088,0.00222775625336046,0.0739474,shared_delay_plus_weighting,scalar_straight_ray_c1500,physical_element_centres
48,0,300048,30,30,CF-DAS,1499.99999998344,19.9999999366067,1429.13269042969,1553.35778808594,1000.00000002318,15.0000001157327,0.125698613080178,0.998302833529872,0.69103315209064,0.721738087727727,0.876331165279176,1.08150705160998,26.8463748527148,307.610930123796,0.00216949045718261,9.86368061778468e-05,0.0740632,shared_delay_plus_weighting,scalar_straight_ray_c1500,physical_element_centres
48,0,300048,30,30,SCF-DAS,1499.99999998344,19.9999999366067,1429.13269042969,1553.35778808594,1000.00000002318,15.0000001157327,0.125698613080178,0.999692285505688,0.946253750755916,0.321812265359652,0.902728893410246,0.339008793582959,31.1959974699077,339.489538076097,0.000902264425014195,2.48618796949725e-05,0.0942652,shared_delay_plus_weighting,scalar_straight_ray_c1500,physical_element_centres
48,0,300048,30,30,DMAS,1499.99999998344,19.9999999366067,1429.13269042969,1553.35778808594,1000.00000002318,15.0000001157327,0.125698613080178,0.99714440935269,0.852415584473477,0.515239529407431,0.565454687922048,0.694068641926999,21.2173127108203,95.3719508740838,0.00468228198347107,0.000406997675982962,0.1152994,shared_delay_plus_weighting,scalar_straight_ray_c1500,physical_element_centres
48,0,300048,30,30,DS-DMAS,1499.99999998344,19.9999999366067,1429.13269042969,1553.35778808594,1000.00000002318,15.0000001157327,0.125698613080178,0.998804587515346,0.926633660566026,0.363231025260963,0.880434112388064,0.417155038722341,23.2498775007786,117.81233968425,0.00284505092858804,0.000195702408244422,2.0982536,shared_delay_plus_weighting,scalar_straight_ray_c1500,physical_element_centres
48,0,300048,30,30,TR,1499.99999998344,19.9999999366067,1429.13269042969,1553.35778808594,1000.00000002318,15.0000001157327,0.125698613080178,0.780096791679931,0.696449302273942,0.727239479986253,0.655367957251313,2.30881478018601,17.0101621133553,1.95977794203931,0.270194366528779,0.0381213422927677,20.6728864,direct_TR_wall_time,heterogeneous_recorded_c_rho,equivalent_element_centres
49,0,300049,5,5,DAS,1500.00000004305,20.0000002939789,1441.95068359375,1537.7939453125,999.999999965231,14.9999999138473,-0.359165419993177,0.984566253349534,0.701108792749165,0.721958973116368,0.360774029051472,2.02616189891791,17.4201736086522,32.6922472684378,0.016406682186455,0.00220806617561475,0.0614314,shared_delay_plus_weighting,scalar_straight_ray_c1500,physical_element_centres
49,0,300049,5,5,CF-DAS,1500.00000004305,20.0000002939789,1441.95068359375,1537.7939453125,999.999999965231,14.9999999138473,-0.359165419993177,0.998594473110235,0.741395231587485,0.669501844267854,0.873343774594849,0.928589867837497,27.1379824689557,320.12617565138,0.00194183521141243,8.53715661088458e-05,0.0615515,shared_delay_plus_weighting,scalar_straight_ray_c1500,physical_element_centres
49,0,300049,5,5,SCF-DAS,1500.00000004305,20.0000002939789,1441.95068359375,1537.7939453125,999.999999965231,14.9999999138473,-0.359165419993177,0.999748890301518,0.948966376325871,0.313735204019447,0.904769730780034,0.330242744046471,31.3694601930963,395.642195775334,0.000756326335544149,2.04284875041614e-05,0.0805929,shared_delay_plus_weighting,scalar_straight_ray_c1500,physical_element_centres
49,0,300049,5,5,DMAS,1500.00000004305,20.0000002939789,1441.95068359375,1537.7939453125,999.999999965231,14.9999999138473,-0.359165419993177,0.997410196555449,0.861510417045018,0.502666776531275,0.514006434681065,0.663327981576737,21.4819937727092,99.1706905962052,0.00440444538207468,0.000371356936300881,0.1000863,shared_delay_plus_weighting,scalar_straight_ray_c1500,physical_element_centres
49,0,300049,5,5,DS-DMAS,1500.00000004305,20.0000002939789,1441.95068359375,1537.7939453125,999.999999965231,14.9999999138473,-0.359165419993177,0.998989164284092,0.929433295468266,0.357722960955613,0.884829206426421,0.404119770123707,24.2227075854483,134.26048303478,0.00248652654112989,0.000152917686865462,2.1314539,shared_delay_plus_weighting,scalar_straight_ray_c1500,physical_element_centres
49,0,300049,5,5,TR,1500.00000004305,20.0000002939789,1441.95068359375,1537.7939453125,999.999999965231,14.9999999138473,-0.359165419993177,0.778787048505511,0.699027610762699,0.724898121275533,0.574254931049476,2.31854305383577,16.9047623072936,1.92347043525025,0.272974881351998,0.0389838359261179,19.852956,direct_TR_wall_time,heterogeneous_recorded_c_rho,equivalent_element_centres
49,0,300049,10,10,DAS,1500.00000004305,20.0000002939789,1441.95068359375,1537.7939453125,999.999999965231,14.9999999138473,-0.359165419993177,0.984525054594954,0.687048227072037,0.734935598506996,0.545392709116194,2.0481544359,17.8402489054973,33.8759395242934,0.0164152857281508,0.00210492197107529,0.1001911,shared_delay_plus_weighting,scalar_straight_ray_c1500,physical_element_centres
49,0,300049,10,10,CF-DAS,1500.00000004305,20.0000002939789,1441.95068359375,1537.7939453125,999.999999965231,14.9999999138473,-0.359165419993177,0.998571863588967,0.738769790805647,0.672324215311516,0.877467694822976,0.933212391093357,27.3465108276699,317.776771482523,0.00196726379508628,8.44378288997865e-05,0.1004197,shared_delay_plus_weighting,scalar_straight_ray_c1500,physical_element_centres
49,0,300049,10,10,SCF-DAS,1500.00000004305,20.0000002939789,1441.95068359375,1537.7939453125,999.999999965231,14.9999999138473,-0.359165419993177,0.999708773757669,0.94656815188488,0.320622807712862,0.905367638636396,0.338827550524621,31.4509277904038,356.691975022857,0.000857869588750446,2.29548723983504e-05,0.1274972,shared_delay_plus_weighting,scalar_straight_ray_c1500,physical_element_centres
49,0,300049,10,10,DMAS,1500.00000004305,20.0000002939789,1441.95068359375,1537.7939453125,999.999999965231,14.9999999138473,-0.359165419993177,0.997364469996624,0.865207929186005,0.496097050223018,0.53565224511528,0.648846477467699,21.6204332249448,95.0177938878326,0.00455279417910829,0.000377795130679962,0.1473725,shared_delay_plus_weighting,scalar_straight_ray_c1500,physical_element_centres
49,0,300049,10,10,DS-DMAS,1500.00000004305,20.0000002939789,1441.95068359375,1537.7939453125,999.999999965231,14.9999999138473,-0.359165419993177,0.998898714936928,0.92819516773416,0.360132446399173,0.883460217342818,0.408436646849616,24.0721665762415,125.287418202284,0.00268132910835307,0.000167780619675836,2.15914,shared_delay_plus_weighting,scalar_straight_ray_c1500,physical_element_centres
49,0,300049,10,10,TR,1500.00000004305,20.0000002939789,1441.95068359375,1537.7939453125,999.999999965231,14.9999999138473,-0.359165419993177,0.778358690384544,0.697288002993605,0.726529824427527,0.630638517296904,2.31763020997542,16.9602296096429,1.93250496674897,0.273037869073152,0.0387446199621063,19.8159183,direct_TR_wall_time,heterogeneous_recorded_c_rho,equivalent_element_centres
49,0,300049,15,15,DAS,1500.00000004305,20.0000002939789,1441.95068359375,1537.7939453125,999.999999965231,14.9999999138473,-0.359165419993177,0.984503865852755,0.681970021453385,0.739342625884559,0.662105311260457,2.0566630219033,17.9891217040557,34.2815229763223,0.0164236325305694,0.0020702039561099,0.0595081,shared_delay_plus_weighting,scalar_straight_ray_c1500,physical_element_centres
49,0,300049,15,15,CF-DAS,1500.00000004305,20.0000002939789,1441.95068359375,1537.7939453125,999.999999965231,14.9999999138473,-0.359165419993177,0.998562682869285,0.737906300997697,0.673240433261893,0.878399756161558,0.934512517902617,27.4353603916623,316.633028515305,0.00197823898585097,8.40447784766212e-05,0.0596225,shared_delay_plus_weighting,scalar_straight_ray_c1500,physical_element_centres
49,0,300049,15,15,SCF-DAS,1500.00000004305,20.0000002939789,1441.95068359375,1537.7939453125,999.999999965231,14.9999999138473,-0.359165419993177,0.999691574825019,0.944678091265466,0.326115242130065,0.904296499566055,0.345692398801607,31.306804468156,348.368005001317,0.000892875439270041,2.42912941702578e-05,0.0794057,shared_delay_plus_weighting,scalar_straight_ray_c1500,physical_element_centres
49,0,300049,15,15,DMAS,1500.00000004305,20.0000002939789,1441.95068359375,1537.7939453125,999.999999965231,14.9999999138473,-0.359165419993177,0.997348875369854,0.867205739716315,0.492454327940526,0.543987278318617,0.641750607122729,21.6497941861465,93.1493756434156,0.0046147003943792,0.000381639924058878,0.0998828,shared_delay_plus_weighting,scalar_straight_ray_c1500,physical_element_centres
49,0,300049,15,15,DS-DMAS,1500.00000004305,20.0000002939789,1441.95068359375,1537.7939453125,999.999999965231,14.9999999138473,-0.359165419993177,0.998862026607114,0.927728757707049,0.360869369905995,0.881213387808333,0.410051582829807,23.9899299921631,121.995242315576,0.00275886468112339,0.000174274521824151,2.0862496,shared_delay_plus_weighting,scalar_straight_ray_c1500,physical_element_centres
49,0,300049,15,15,TR,1500.00000004305,20.0000002939789,1441.95068359375,1537.7939453125,999.999999965231,14.9999999138473,-0.359165419993177,0.778226942089607,0.6967583643298,0.727002249714137,0.65248968937474,2.31614749989003,16.97880496519,1.93522440728868,0.273084206062416,0.0386684118029616,20.3369839,direct_TR_wall_time,heterogeneous_recorded_c_rho,equivalent_element_centres
49,0,300049,20,20,DAS,1500.00000004305,20.0000002939789,1441.95068359375,1537.7939453125,999.999999965231,14.9999999138473,-0.359165419993177,0.984492576411222,0.680125814520343,0.740844699001549,0.712453293923568,2.06017464877501,18.0413524379534,34.4196763395603,0.0164294341180036,0.00205851949033632,0.0669818,shared_delay_plus_weighting,scalar_straight_ray_c1500,physical_element_centres
49,0,300049,20,20,CF-DAS,1500.00000004305,20.0000002939789,1441.95068359375,1537.7939453125,999.999999965231,14.9999999138473,-0.359165419993177,0.998558712280478,0.737618093816267,0.673540873334,0.878705179387746,0.934817557631795,27.4765244176014,316.05525277404,0.00198328567189869,8.38608101166223e-05,0.0671272,shared_delay_plus_weighting,scalar_straight_ray_c1500,physical_element_centres
49,0,300049,20,20,SCF-DAS,1500.00000004305,20.0000002939789,1441.95068359375,1537.7939453125,999.999999965231,14.9999999138473,-0.359165419993177,0.999680097714024,0.94562469344379,0.32333291666416,0.904765667850285,0.342295109758943,31.5319696860024,330.25919063151,0.000934267094381014,2.47669523514413e-05,0.0858309,shared_delay_plus_weighting,scalar_straight_ray_c1500,physical_element_centres
49,0,300049,20,20,DMAS,1500.00000004305,20.0000002939789,1441.95068359375,1537.7939453125,999.999999965231,14.9999999138473,-0.359165419993177,0.997338238446244,0.867588742450895,0.491639433053359,0.55079526037152,0.639661344344963,21.6861730782093,92.5256485191065,0.00464296810955719,0.000382372848889196,0.1077706,shared_delay_plus_weighting,scalar_straight_ray_c1500,physical_element_centres
49,0,300049,20,20,DS-DMAS,1500.00000004305,20.0000002939789,1441.95068359375,1537.7939453125,999.999999965231,14.9999999138473,-0.359165419993177,0.99884648170508,0.927778246540821,0.360647033498783,0.88047906884163,0.409800069411621,24.0032834195392,120.265717444366,0.00279782332062431,0.000176463998155795,2.0918595,shared_delay_plus_weighting,scalar_straight_ray_c1500,physical_element_centres
49,0,300049,20,20,TR,1500.00000004305,20.0000002939789,1441.95068359375,1537.7939453125,999.999999965231,14.9999999138473,-0.359165419993177,0.778187398698034,0.69660444091735,0.727125977815023,0.659721168252442,2.31500837488625,16.9851974987447,1.935998668774,0.273113709582665,0.0386441381648839,19.7365568,direct_TR_wall_time,heterogeneous_recorded_c_rho,equivalent_element_centres
49,0,300049,30,30,DAS,1500.00000004305,20.0000002939789,1441.95068359375,1537.7939453125,999.999999965231,14.9999999138473,-0.359165419993177,0.984483029659755,0.679133353910765,0.741571343265523,0.7362688455775,2.06249018937207,18.0676383306906,34.4859874944477,0.016435188514152,0.00205301807675856,0.1146993,shared_delay_plus_weighting,scalar_straight_ray_c1500,physical_element_centres
49,0,300049,30,30,CF-DAS,1500.00000004305,20.0000002939789,1441.95068359375,1537.7939453125,999.999999965231,14.9999999138473,-0.359165419993177,0.998555951407285,0.73748283475097,0.673676546306174,0.87886766799797,0.934830162752344,27.5073688568955,315.588732752816,0.00198703004367357,8.37213052975617e-05,0.1149364,shared_delay_plus_weighting,scalar_straight_ray_c1500,physical_element_centres
49,0,300049,30,30,SCF-DAS,1500.00000004305,20.0000002939789,1441.95068359375,1537.7939453125,999.999999965231,14.9999999138473,-0.359165419993177,0.999681576319226,0.944747966243131,0.325775664302352,0.904865539144843,0.345587753324718,31.4294150495932,337.000507777583,0.000922474174536481,2.47447724285077e-05,0.1474199,shared_delay_plus_weighting,scalar_straight_ray_c1500,physical_element_centres
49,0,300049,30,30,DMAS,1500.00000004305,20.0000002939789,1441.95068359375,1537.7939453125,999.999999965231,14.9999999138473,-0.359165419993177,0.997322968952162,0.86635078488078,0.493167599280653,0.575497253857409,0.641057579571316,21.7675710916599,92.7986521071074,0.00465737061291402,0.000379981317257287,0.1797754,shared_delay_plus_weighting,scalar_straight_ray_c1500,physical_element_centres
49,0,300049,30,30,DS-DMAS,1500.00000004305,20.0000002939789,1441.95068359375,1537.7939453125,999.999999965231,14.9999999138473,-0.359165419993177,0.998838261491927,0.927177354952868,0.362463613936934,0.881548301506553,0.412252036730284,24.0310285399323,120.371690513176,0.0028073821376787,0.000176502192823547,4.7143773,shared_delay_plus_weighting,scalar_straight_ray_c1500,physical_element_centres
49,0,300049,30,30,TR,1500.00000004305,20.0000002939789,1441.95068359375,1537.7939453125,999.999999965231,14.9999999138473,-0.359165419993177,0.778173177976783,0.696555067957574,0.727150170321906,0.66238816017031,2.31382720003851,16.988392973233,1.93622888555982,0.273141679912796,0.0386338800847081,53.3556651,direct_TR_wall_time,heterogeneous_recorded_c_rho,equivalent_element_centres
50,0,300050,5,5,DAS,1499.99999983112,20.000000026018,1453.70043945312,1560.81604003906,1000.00000002649,15.0000000380293,0.211661877877674,0.988879894425955,0.724373076947113,0.696508068479956,0.254137252632853,1.89078792314685,16.9411950114396,42.4739436674568,0.0119689911546345,0.00170214986799474,0.1157154,shared_delay_plus_weighting,scalar_straight_ray_c1500,physical_element_centres
50,0,300050,5,5,CF-DAS,1499.99999983112,20.000000026018,1453.70043945312,1560.81604003906,1000.00000002649,15.0000000380293,0.211661877877674,0.999363731005245,0.778353522739217,0.624832100160583,0.86636942155777,0.829321278004287,26.9668850786251,619.192264482146,0.000936655730529504,4.19986896366343e-05,0.1159749,shared_delay_plus_weighting,scalar_straight_ray_c1500,physical_element_centres
50,0,300050,5,5,SCF-DAS,1499.99999983112,20.000000026018,1453.70043945312,1560.81604003906,1000.00000002649,15.0000000380293,0.211661877877674,0.999929446828526,0.948252727091265,0.316839610746086,0.894413720924934,0.340596429544045,27.9879729627895,1428.49755888485,0.000207443272943626,8.26990856297866e-06,0.1461277,shared_delay_plus_weighting,scalar_straight_ray_c1500,physical_element_centres
50,0,300050,5,5,DMAS,1499.99999983112,20.000000026018,1453.70043945312,1560.81604003906,1000.00000002649,15.0000000380293,0.211661877877674,0.998814812019967,0.904061751656982,0.43599920269036,0.34452102722172,0.579364323090099,19.5130847876199,153.719189851603,0.00226822659600244,0.000239901077765011,0.1780463,shared_delay_plus_weighting,scalar_straight_ray_c1500,physical_element_centres
50,0,300050,5,5,DS-DMAS,1499.99999983112,20.000000026018,1453.70043945312,1560.81604003906,1000.00000002649,15.0000000380293,0.211661877877674,0.999510253792,0.935217126355555,0.341513217448763,0.865349080247323,0.426495919707062,19.4774341570576,255.54925871772,0.0011335304151484,0.000120381976586638,4.7984701,shared_delay_plus_weighting,scalar_straight_ray_c1500,physical_element_centres
50,0,300050,5,5,TR,1499.99999983112,20.000000026018,1453.70043945312,1560.81604003906,1000.00000002649,15.0000000380293,0.211661877877674,0.774326408622811,0.692189636676959,0.731740945110031,0.570663450142619,2.36194949031519,17.0372237047302,1.9263754016398,0.276857446861155,0.038939917255649,54.1324696,direct_TR_wall_time,heterogeneous_recorded_c_rho,equivalent_element_centres
50,0,300050,10,10,DAS,1499.99999983112,20.000000026018,1453.70043945312,1560.81604003906,1000.00000002649,15.0000000380293,0.211661877877674,0.988879461106868,0.704929864021636,0.716133141296044,0.434161596578925,1.91151961751823,17.5804440310201,44.9855887069414,0.0119530557567516,0.00157927130272893,0.1166062,shared_delay_plus_weighting,scalar_straight_ray_c1500,physical_element_centres
50,0,300050,10,10,CF-DAS,1499.99999983112,20.000000026018,1453.70043945312,1560.81604003906,1000.00000002649,15.0000000380293,0.211661877877674,0.999358165844952,0.777701707987472,0.625540806062179,0.875550172070812,0.829824121360313,27.1368020582517,615.401553499129,0.000944486642929981,4.15294058221905e-05,0.1168327,shared_delay_plus_weighting,scalar_straight_ray_c1500,physical_element_centres
50,0,300050,10,10,SCF-DAS,1499.99999983112,20.000000026018,1453.70043945312,1560.81604003906,1000.00000002649,15.0000000380293,0.211661877877674,0.99992194453326,0.948610378607477,0.315702168100887,0.896480230681383,0.342927595619624,26.9908766129375,1282.46257628028,0.000228344565017739,1.02104962104627e-05,0.1477357,shared_delay_plus_weighting,scalar_straight_ray_c1500,physical_element_centres
50,0,300050,10,10,DMAS,1499.99999983112,20.000000026018,1453.70043945312,1560.81604003906,1000.00000002649,15.0000000380293,0.211661877877674,0.998816611153412,0.90890961244489,0.424839941157554,0.375606403453846,0.561159665525534,19.5033082216304,146.522035540987,0.00231857055579332,0.000245501926944158,0.1772603,shared_delay_plus_weighting,scalar_straight_ray_c1500,physical_element_centres
50,0,300050,10,10,DS-DMAS,1499.99999983112,20.000000026018,1453.70043945312,1560.81604003906,1000.00000002649,15.0000000380293,0.211661877877674,0.999471945827391,0.937066864866695,0.335148928695815,0.868875699586776,0.426911740846253,18.8667541513301,230.418185713599,0.00121405924769389,0.000138325476149069,4.8939674,shared_delay_plus_weighting,scalar_straight_ray_c1500,physical_element_centres
50,0,300050,10,10,TR,1499.99999983112,20.000000026018,1453.70043945312,1560.81604003906,1000.00000002649,15.0000000380293,0.211661877877674,0.774199708413971,0.691011525162623,0.732716746711983,0.624147126963943,2.36361311347973,17.0718812533464,1.9341918104458,0.27658695904299,0.0387469602128845,39.0293632,direct_TR_wall_time,heterogeneous_recorded_c_rho,equivalent_element_centres
50,0,300050,15,15,DAS,1499.99999983112,20.000000026018,1453.70043945312,1560.81604003906,1000.00000002649,15.0000000380293,0.211661877877674,0.988881103701633,0.698385634955657,0.722387285812586,0.58011417814389,1.91763135528906,17.8011275038886,45.8229397677851,0.0119480934710353,0.00153901281557209,0.0962086,shared_delay_plus_weighting,scalar_straight_ray_c1500,physical_element_centres
50,0,300050,15,15,CF-DAS,1499.99999983112,20.000000026018,1453.70043945312,1560.81604003906,1000.00000002649,15.0000000380293,0.211661877877674,0.999356447205443,0.77804224490075,0.625090399262749,0.876858838508413,0.828946533958003,27.1626536991149,612.933794090352,0.000947689159666351,4.1546383722088e-05,0.096338,shared_delay_plus_weighting,scalar_straight_ray_c1500,physical_element_centres
50,0,300050,15,15,SCF-DAS,1499.99999983112,20.000000026018,1453.70043945312,1560.81604003906,1000.00000002649,15.0000000380293,0.211661877877674,0.999919993646103,0.948403579664592,0.316427855362096,0.894462423474795,0.346720318566911,26.1332138450334,1256.08339567527,0.000231364423565893,1.14192054560179e-05,0.1152761,shared_delay_plus_weighting,scalar_straight_ray_c1500,physical_element_centres
50,0,300050,15,15,DMAS,1499.99999983112,20.000000026018,1453.70043945312,1560.81604003906,1000.00000002649,15.0000000380293,0.211661877877674,0.998824776368889,0.911971395103842,0.417553754737505,0.389848403467428,0.551577746131386,19.3900094905867,142.796189190051,0.00233087857335048,0.000250045576011151,0.1356618,shared_delay_plus_weighting,scalar_straight_ray_c1500,physical_element_centres
50,0,300050,15,15,DS-DMAS,1499.99999983112,20.000000026018,1453.70043945312,1560.81604003906,1000.00000002649,15.0000000380293,0.211661877877674,0.999461431290926,0.937787050421752,0.332297109823119,0.865637034708933,0.426908259357772,18.6199581082658,223.403309700984,0.00123357051355228,0.000144599261301454,2.1473423,shared_delay_plus_weighting,scalar_straight_ray_c1500,physical_element_centres
50,0,300050,15,15,TR,1499.99999983112,20.000000026018,1453.70043945312,1560.81604003906,1000.00000002649,15.0000000380293,0.211661877877674,0.774234042671473,0.690787077201775,0.732839872752442,0.644262463429831,2.36355969359803,17.079225954287,1.93634826365525,0.276445882107327,0.0386944633127783,26.0312474,direct_TR_wall_time,heterogeneous_recorded_c_rho,equivalent_element_centres
50,0,300050,20,20,DAS,1499.99999983112,20.000000026018,1453.70043945312,1560.81604003906,1000.00000002649,15.0000000380293,0.211661877877674,0.988882623886021,0.696376978479747,0.72421748195482,0.652984141934906,1.91923986920241,17.8713604981195,46.0826811575286,0.0119465695876609,0.00152642402257471,0.0574833,shared_delay_plus_weighting,scalar_straight_ray_c1500,physical_element_centres
50,0,300050,20,20,CF-DAS,1499.99999983112,20.000000026018,1453.70043945312,1560.81604003906,1000.00000002649,15.0000000380293,0.211661877877674,0.999355943879421,0.778442404418242,0.624586577871522,0.877169945036727,0.828091655136143,27.158387789725,611.487178818499,0.000949087881572955,4.1628143084852e-05,0.0576123,shared_delay_plus_weighting,scalar_straight_ray_c1500,physical_element_centres
50,0,300050,20,20,SCF-DAS,1499.99999983112,20.000000026018,1453.70043945312,1560.81604003906,1000.00000002649,15.0000000380293,0.211661877877674,0.999920371373264,0.949160952142226,0.314361402460721,0.893609984410485,0.346071516723173,25.6463297958709,1243.99485665541,0.000230534004583348,1.20342354613353e-05,0.0769473,shared_delay_plus_weighting,scalar_straight_ray_c1500,physical_element_centres
50,0,300050,20,20,DMAS,1499.99999983112,20.000000026018,1453.70043945312,1560.81604003906,1000.00000002649,15.0000000380293,0.211661877877674,0.998831892744781,0.913522087368405,0.413558356338796,0.400818990681196,0.546468416190132,19.323601633203,141.243854789556,0.00233116095970619,0.00025199514847823,0.098141,shared_delay_plus_weighting,scalar_straight_ray_c1500,physical_element_centres
50,0,300050,20,20,DS-DMAS,1499.99999983112,20.000000026018,1453.70043945312,1560.81604003906,1000.00000002649,15.0000000380293,0.211661877877674,0.999460064379274,0.938275051189686,0.330620410520055,0.863905799226787,0.426677998395612,18.4879480356039,221.140543040267,0.00123519054945479,0.000147006506966032,2.2976681,shared_delay_plus_weighting,scalar_straight_ray_c1500,physical_element_centres
50,0,300050,20,20,TR,1499.99999983112,20.000000026018,1453.70043945312,1560.81604003906,1000.00000002649,15.0000000380293,0.211661877877674,0.77428675445798,0.69080090820696,0.732773499811108,0.650792112681599,2.36321517069304,17.0794706488385,1.9368450626184,0.276370026077273,0.0386827558861651,30.8349103,direct_TR_wall_time,heterogeneous_recorded_c_rho,equivalent_element_centres
50,0,300050,30,30,DAS,1499.99999983112,20.000000026018,1453.70043945312,1560.81604003906,1000.00000002649,15.0000000380293,0.211661877877674,0.988884313836783,0.695665904320784,0.724787533417562,0.689583343690599,1.91955305702834,17.8987805358158,46.1792832388137,0.0119459835675863,0.00152153829080834,0.1090586,shared_delay_plus_weighting,scalar_straight_ray_c1500,physical_element_centres
50,0,300050,30,30,CF-DAS,1499.99999983112,20.000000026018,1453.70043945312,1560.81604003906,1000.00000002649,15.0000000380293,0.211661877877674,0.999355779861823,0.778914138883833,0.623998711746281,0.877284287558729,0.827129857572198,27.1439915547863,610.190664808801,0.000950071680634139,4.17404181314059e-05,0.1092638,shared_delay_plus_weighting,scalar_straight_ray_c1500,physical_element_centres
50,0,300050,30,30,SCF-DAS,1499.99999983112,20.000000026018,1453.70043945312,1560.81604003906,1000.00000002649,15.0000000380293,0.211661877877674,0.999920352247501,0.949383387680186,0.31373574872322,0.893471971583008,0.345401589675273,25.4540051215105,1238.39367421653,0.000230835516540272,1.23197636020821e-05,0.1398938,shared_delay_plus_weighting,scalar_straight_ray_c1500,physical_element_centres
50,0,300050,30,30,DMAS,1499.99999983112,20.000000026018,1453.70043945312,1560.81604003906,1000.00000002649,15.0000000380293,0.211661877877674,0.99883199987154,0.913481388143132,0.411783259260588,0.434506701627608,0.543313950808746,19.3556348101031,141.320548344755,0.00233275500665867,0.000251239192971504,0.1707085,shared_delay_plus_weighting,scalar_straight_ray_c1500,physical_element_centres
50,0,300050,30,30,DS-DMAS,1499.99999983112,20.000000026018,1453.70043945312,1560.81604003906,1000.00000002649,15.0000000380293,0.211661877877674,0.999457401925054,0.938074936193901,0.331742364672923,0.867589963482001,0.428592825887085,18.4679870683321,220.745471793252,0.00123858230274806,0.000147749328913317,4.9669291,shared_delay_plus_weighting,scalar_straight_ray_c1500,physical_element_centres
50,0,300050,30,30,TR,1499.99999983112,20.000000026018,1453.70043945312,1560.81604003906,1000.00000002649,15.0000000380293,0.211661877877674,0.774352883945759,0.690896408714073,0.732634503114754,0.653204541710913,2.36272560861887,17.0773722807276,1.93685492981134,0.276305469041957,0.0386830640781485,37.627616,direct_TR_wall_time,heterogeneous_recorded_c_rho,equivalent_element_centres
